system:index,priority_ranking,watershed_threshold,.geo
2_027c0000000000001868,1,0.02,"{""type"":""Polygon"",""coordinates"":[[[-89.94241991879274,44.540742006289044],[-89.9408023984091,44.54086944479566],[-89.94078992827343,44.54086886350821],[-89.9407836575751,44.54086857284557],[-89.93917155530042,44.540795369802254],[-89.93913129285085,44.54124451692375],[-89.9393572608485,44.54131282717354],[-89.93936980271035,44.541313408649366],[-89.93937564607641,44.541318082316195],[-89.93938148944159,44.54132282783725],[-89.9393936037324,44.54132786409388],[-89.93939944709484,44.541332609613036],[-89.93940529045639,44.54133735513141],[-89.93973893067277,44.54167395484441],[-89.94110673972135,44.54146377257039],[-89.94111336665352,44.541459608397915],[-89.9411258366841,44.541460189642876],[-89.9411321073265,44.54146048028314],[-89.94113837796787,44.54146069906828],[-89.9424257616943,44.5415862364945],[-89.94241991879274,44.540742006289044]]]}"
2_027c000000000000186a,1,0.02,"{""type"":""Polygon"",""coordinates"":[[[-89.9457983212217,44.54133746718703],[-89.94579910495659,44.54132862939409],[-89.94579988869147,44.54131971974448],[-89.94580031618321,44.54131526493587],[-89.94584498904406,44.54081718444026],[-89.94481465006238,44.540832932344735],[-89.94455622379382,44.54161595693985],[-89.94462512338553,44.54196742956047],[-89.94462469588069,44.541971884302704],[-89.9446239121218,44.54198072196633],[-89.94462348461694,44.54198517670729],[-89.94462270085803,44.541994086222374],[-89.94462234460397,44.541998540996495],[-89.94461529077299,44.54200716006331],[-89.94460866444571,44.54201132439008],[-89.94460780943565,44.542020233865664],[-89.9446011831071,44.542024398190854],[-89.94459455677739,44.54202856251529],[-89.94458166036898,44.54203243639155],[-89.94457496278501,44.542036600679694],[-89.94456833645077,44.54204076500152],[-89.94455544003354,44.54204463887382],[-89.94454916995069,44.542044348424696],[-89.94453627352702,44.54204822229453],[-89.94409330367967,44.54209061640176],[-89.94373811184067,44.543043430213324],[-89.94419091851364,44.54317118938768],[-89.94453662978188,44.54295465056321],[-89.94455971508947,44.54269671053385],[-89.94456049884967,44.54268780115263],[-89.94456719643617,44.54268370877612],[-89.94456798019621,44.54267479939238],[-89.94457460653051,44.54267063512689],[-89.9445753902904,44.542661725740615],[-89.94458208787431,44.542657561507994],[-89.94458914171142,44.542648942562764],[-89.94459576804205,44.542644778293756],[-89.94460239437154,44.54264061402399],[-89.94461529077299,44.54263674019568],[-89.94462191709911,44.54263257592407],[-89.94477631729877,44.54259047269827],[-89.94478508111241,44.54249261294819],[-89.94478586486801,44.54248370352665],[-89.94478664862359,44.54247486595666],[-89.94478707612663,44.54247041126157],[-89.94479412992602,44.5424617922693],[-89.94479448617848,44.54245733753863],[-89.94480118372414,44.542453173275014],[-89.94480816627048,44.54244455424438],[-89.94481486381373,44.542440389978836],[-89.94482149010538,44.54243622567821],[-89.94483438643316,44.5424323518083],[-89.94484101272143,44.54242818750584],[-89.94484728275658,44.54242847793662],[-89.94486017907569,44.54242460406317],[-89.94486644910772,44.542424894492925],[-89.94487891791837,44.542425475317145],[-89.94580964975174,44.54240069866322],[-89.94596119523739,44.541760121345824],[-89.9457983212217,44.54133746718703]]]}"
2_027c000000000000186c,1,0.02,"{""type"":""GeometryCollection"",""geometries"":[{""type"":""LineString"",""coordinates"":[[-89.95111377504297,44.54069014929242],[-89.95111297854501,44.54069904354311]]},{""type"":""Polygon"",""coordinates"":[[[-89.9524423925785,44.54161662657245],[-89.95243655120288,44.54161195360176],[-89.95242408484948,44.54161137359081],[-89.9524178160531,44.54161108357003],[-89.95240570587536,44.541606048721505],[-89.95239950831234,44.54160575872927],[-89.95238739812883,44.541600795732826],[-89.95238155674483,44.54159605090317],[-89.95237564412352,44.541591306043145],[-89.95236980273773,44.541586561211936],[-89.95236438876962,44.54157743342605],[-89.95235854738212,44.541572688592865],[-89.9523527059937,44.5415679437589],[-89.95235348959464,44.54155903410929],[-89.95234764820547,44.541554289273684],[-89.9523484318065,44.54154545147618],[-89.95234921540754,44.541536541822325],[-89.95235918851004,44.54142531478964],[-89.95194380659385,44.54108950615269],[-89.95138145594028,44.541063975874955],[-89.95136891800551,44.54106339571215],[-89.95136307646632,44.54105865077625],[-89.95135060976384,44.54105814249703],[-89.95134434079193,44.541057852414085],[-89.95133223027509,44.541052817392725],[-89.95132638873031,44.541048072453876],[-89.95132054718464,44.54104332751426],[-89.95131470563807,44.54103858257387],[-89.9513088640906,44.541033909488135],[-89.95130302254228,44.541029164546195],[-89.9512975371851,44.54101996471579],[-89.95129169563502,44.54101521977186],[-89.95129247925765,44.54100638188012],[-89.95128663770681,44.54100163693456],[-89.95128742132952,44.54099272718479],[-89.9512878487601,44.54098827232441],[-89.95130736808441,44.5407703423195],[-89.95120734925187,44.54076584471778],[-89.95119488249878,44.540765264562594],[-89.95118861350139,44.540764974469326],[-89.95117614674218,44.54076439431208],[-89.95117030517362,44.540759721192],[-89.9511581946018,44.54075468612028],[-89.95115192559842,44.54075439602493],[-89.95114608402616,44.54074965104673],[-89.9511339734467,44.540744615971356],[-89.95112855930407,44.54073548796338],[-89.95112271772824,44.540730742982085],[-89.95112307392192,44.54072628806706],[-89.95111765977772,44.54071708819906],[-89.95111181820026,44.54071241507129],[-89.95111260182655,44.54070350526781],[-89.95111295802032,44.54069905035024],[-89.95110633281573,44.54070321516965],[-89.95110554918928,44.54071212497314],[-89.95109892398341,44.54071628979097],[-89.95109806911805,44.540725127705606],[-89.95109144391087,44.54072929252183],[-89.95108481870255,44.54073345733732],[-89.95107776606017,44.54074207703543],[-89.95107114084949,44.54074624184898],[-89.95105824661897,44.54075011656128],[-89.95105197759923,44.54074982646042],[-89.95104535238409,44.54075399127179],[-89.951032386906,44.54075793780598],[-89.95102618912095,44.540757647734196],[-89.95101365106999,44.54075706752873],[-89.95100745328192,44.54075677745593],[-89.95050129720765,44.54073378164585],[-89.95048883022496,44.54073327326929],[-89.95048256111214,44.54073298313715],[-89.95047009412335,44.54073240290261],[-89.95046425244719,44.54072765788742],[-89.95045214165235,44.54072262273758],[-89.95044587253352,44.54072233260338],[-89.95030852158187,44.54064466866695],[-89.95030773793914,44.540653578476025],[-89.95030695429638,44.5406624882834],[-89.95030025771223,44.54066665302849],[-89.95029947406934,44.540675562833336],[-89.95029284872416,44.54067972760771],[-89.9502920650811,44.54068856555405],[-89.95028543973464,44.540692730326846],[-89.95027838694523,44.540701349983124],[-89.95027169035608,44.540705514723086],[-89.9502650650061,44.54070967949319],[-89.95025217050448,44.540713554117666],[-89.95024554515112,44.54071771888592],[-89.95003923249968,44.54077985633059],[-89.95002669412595,44.54077927601729],[-89.95002006873365,44.54078344076666],[-89.95000753035366,44.540782860451294],[-89.95000133240295,44.54078257032418],[-89.94999506321041,44.54078228016564],[-89.9499825960631,44.54078169987862],[-89.94868926779954,44.54065157188506],[-89.94675895443014,44.54076939742068],[-89.94671314268302,44.54128077144469],[-89.94681310199222,44.54128534474694],[-89.94681894422462,44.54129008989196],[-89.94683141240051,44.54129059866231],[-89.94683768211031,44.541290888991014],[-89.94684979404676,44.54129592446224],[-89.94685606375353,44.54129621478992],[-89.94686810443754,44.54130125022559],[-89.94687401790819,44.541305923544186],[-89.9468798601313,44.54131066868402],[-89.94688570235353,44.54131541382307],[-89.94689111709528,44.541324613773604],[-89.9468969593158,44.54132935891067],[-89.9469028015354,44.541334032191976],[-89.94690201782306,44.54134294184653],[-89.94690786004192,44.54134768698119],[-89.94690707632968,44.541356596633186],[-89.94690629261744,44.54136543442855],[-89.94687444538795,44.541721243982906],[-89.94712437774446,44.54173256885048],[-89.94752876883723,44.54142054640016],[-89.94753582213241,44.54141192704573],[-89.94754244795396,44.5414077624961],[-89.94755534336684,44.54140388823442],[-89.94756161295827,44.54140417852279],[-89.94756823877537,44.54140001397097],[-89.94758113417959,44.541396067850854],[-89.94758740376679,44.54139635813786],[-89.94759987169287,44.54139693867825],[-89.94761233961489,44.54139751921728],[-89.94811226432545,44.541420237223114],[-89.9481247320809,44.541420745851184],[-89.94813100157923,44.541421036108254],[-89.94814346932857,44.54142161658913],[-89.9481493113583,44.541426361652526],[-89.94816185034593,44.54142694216356],[-89.94816769237285,44.54143168722549],[-89.94817353439888,44.541436360431796],[-89.94818564591343,44.54144139574612],[-89.94862985087772,44.541805395279326],[-89.95096691829846,44.542049860624616],[-89.95156631876402,44.54187163009113],[-89.95157921282367,44.54186775541433],[-89.95158548175719,44.54186804547947],[-89.95159210687899,44.54186388073577],[-89.95160464474077,44.54186446086432],[-89.95161091367012,44.54186475092808],[-89.95162338028796,44.54186525917031],[-89.95162964921424,44.54186554923303],[-89.95211064377466,44.54195880229802],[-89.95261571006242,44.54192366003381],[-89.95264235230242,44.54162576304792],[-89.9524423925785,44.54161662657245]]]}]}"
2_027c000000000000186f,1,0.02,"{""type"":""Polygon"",""coordinates"":[[[-89.95452756433058,44.540961076889836],[-89.95438196501279,44.54090533093245],[-89.9543761239327,44.54090058613421],[-89.95437028285176,44.54089591319084],[-89.95435817329086,44.54089087847212],[-89.95435233220716,44.540886133671194],[-89.9543468472863,44.54087693395862],[-89.9543410062009,44.540872261011415],[-89.95434178976119,44.54086335121593],[-89.95433594867501,44.54085860641138],[-89.9543367322354,44.54084969661334],[-89.95433089114844,44.540844951807166],[-89.95433167470894,44.540836113862305],[-89.95434599249339,44.540675952814475],[-89.95404460556394,44.54060871880643],[-89.95325803933756,44.540635562305255],[-89.9533141722928,44.54091941577132],[-89.95331338871152,44.54092832554905],[-89.95331296130352,44.54093278042278],[-89.9533121777222,44.540941690197954],[-89.95331139414087,44.54095059997145],[-89.9533046980815,44.54095476486682],[-89.95330391450001,44.540963602782206],[-89.95329728967404,44.54096776770501],[-89.95329023743868,44.54097638749656],[-89.95328361261036,44.540980552417444],[-89.95327691654614,44.540984717308525],[-89.95327029171551,44.5409888822279],[-89.95326366688373,44.540993047146515],[-89.95325077339062,44.54099692208545],[-89.95309605113525,44.541043493069836],[-89.95296782779845,44.54156460511195],[-89.95305530465471,44.541568521127715],[-89.95306114593605,44.5415732659258],[-89.95307361208226,44.54157384586784],[-89.95307988077141,44.54157413585293],[-89.95309199073616,44.54157917063359],[-89.95309825942229,44.54157938876301],[-89.9531102981462,44.54158442351203],[-89.95311621065419,44.54158916833483],[-89.95312205192624,44.54159391312773],[-89.9531278931974,44.541598657919835],[-89.95313373446768,44.54160333085659],[-89.95313957573707,44.541608075647154],[-89.95314506083069,44.541617275274156],[-89.95314463342082,44.541621730081815],[-89.9531501185137,44.541630857851366],[-89.95321444363539,44.54189279318734],[-89.95376508505512,44.542190132565935],[-89.9537709262283,44.542194877265],[-89.95377676740058,44.54219962196328],[-89.95378260857198,44.54220429480712],[-89.95378809357358,44.54221349428649],[-89.95379393474326,44.54221823898202],[-89.95379977591203,44.542222983676766],[-89.95379899234067,44.542231893210314],[-89.95380483350867,44.54223656604981],[-89.95380404993742,44.54224547558081],[-89.95380319513238,44.5422543850814],[-89.95378410448158,44.54246785389424],[-89.95392158544844,44.54247408863176],[-89.95400571215956,44.54237518039974],[-89.95401276426328,44.54236656082114],[-89.9540193889656,44.542362395981144],[-89.95402608490012,44.54235823116897],[-89.95403313700008,44.54234961158599],[-89.95403976169888,44.542345446743305],[-89.95404603023002,44.54234573667076],[-89.9540589234556,44.54234186175377],[-89.95406554814996,44.542337696908916],[-89.95407801396952,44.54233827673222],[-89.95409055101827,44.54233885658268],[-89.95409674830789,44.542339146478874],[-89.95449672068564,44.54235726934195],[-89.95452756433058,44.540961076889836]]]}"
2_027c0000000000001870,1,0.02,"{""type"":""Polygon"",""coordinates"":[[[-89.95625697693791,44.54070457825297],[-89.95610540091444,44.54141660744008],[-89.95623503834005,44.54193149431979],[-89.95641624508359,44.54193968288466],[-89.95660229451215,44.5418231341915],[-89.95660898999542,44.54181896918028],[-89.956615614249,44.541814804141296],[-89.95662850661019,44.54181092889091],[-89.95663477471794,44.54181121867989],[-89.9566476670727,44.54180734342704],[-89.95665393517731,44.54180756136073],[-89.95666640015503,44.54180814090867],[-89.95667266825657,44.541808430695596],[-89.9566851332282,44.541809010241494],[-89.95669766942414,44.54180958981293],[-89.95670386629222,44.541809879571225],[-89.95697282364662,44.54188902048845],[-89.95735374836455,44.54183929606502],[-89.95736621311464,44.54183987553638],[-89.95737248110173,44.541840165284796],[-89.95738494584572,44.541840744754104],[-89.95739121382974,44.541841034501495],[-89.9574037497947,44.541841542141],[-89.9574099465486,44.541841831860886],[-89.95741578716628,44.54184657640932],[-89.95742789576111,44.54185161070229],[-89.9574341637381,44.541851900447256],[-89.95744000435211,44.541856644993445],[-89.95744584496524,44.54186131768466],[-89.95745132944258,44.54187051705603],[-89.95745717005397,44.54187526159946],[-89.95761579217164,44.54206551796336],[-89.95787199363953,44.54207710904519],[-89.95803061404006,44.54135646752104],[-89.95803097016955,44.54135201264367],[-89.9580317536544,44.54134317476874],[-89.9580384488879,44.54133900963121],[-89.95804550024961,44.54133038961346],[-89.95804585637894,44.541325934733564],[-89.95805290773929,44.541317314712956],[-89.95806579961695,44.54131343925952],[-89.95807242361869,44.5413092740913],[-89.95807911884509,44.54130510894838],[-89.95809201071393,44.54130123349098],[-89.95865312332168,44.54113020641338],[-89.95868731118148,44.540747731380705],[-89.95625697693791,44.54070457825297]]]}"
2_027c0000000000001871,1,0.02,"{""type"":""Polygon"",""coordinates"":[[[-89.96397822701219,44.5417061961057],[-89.96397203132062,44.54170590674045],[-89.96395949750473,44.541705399818596],[-89.96394703489962,44.541704821063334],[-89.96394112406264,44.54170007681109],[-89.96392866145156,44.54169949805375],[-89.96392282182669,44.54169475382245],[-89.96391028799468,44.54169417504064],[-89.96390444836702,44.54168950266231],[-89.96389860873845,44.54168475842875],[-89.96388692947865,44.541675269959306],[-89.96388101863238,44.54167052570098],[-89.96388144592251,44.54166614271198],[-89.96387596236559,44.5416569436081],[-89.96387012273269,44.54165219936981],[-89.9638001182835,44.54145256502314],[-89.96324378132695,44.54107910068876],[-89.96323794159765,44.54107435635984],[-89.96323210186748,44.54106961203014],[-89.9632262621364,44.54106493955507],[-89.96322077848568,44.541055740302006],[-89.96322120578316,44.54105128540263],[-89.96321572213172,44.541042086146646],[-89.96321650551054,44.541033248177506],[-89.96316166895406,44.54066461061377],[-89.95958138410981,44.54071233779153],[-89.95935959500174,44.541157692265756],[-89.95935289999908,44.54116185749671],[-89.95934592010143,44.541170477651306],[-89.95933922509636,44.5411746428803],[-89.95933217397275,44.54118326300645],[-89.95932555018878,44.54118742825879],[-89.95931892640365,44.54119159351037],[-89.95931223139388,44.541195758735924],[-89.95929933993558,44.54119963433949],[-89.95929314348723,44.541199344717946],[-89.95928025202251,44.54120322031907],[-89.9592739843475,44.5412029306712],[-89.95873731087151,44.541241181218936],[-89.95858432016135,44.5418995300418],[-89.95858346546292,44.54190843964414],[-89.95858310933859,44.541912894470414],[-89.95857605807582,44.54192151441426],[-89.95856943416113,44.54192567955725],[-89.95856865068728,44.541934517326176],[-89.9585619555464,44.54193868244183],[-89.95854906383566,44.54194255789945],[-89.95854243991633,44.54194672303901],[-89.95853581599583,44.541950888177816],[-89.95852285305132,44.54195476360571],[-89.95844550264295,44.54197808814446],[-89.95854500401427,44.542058528746196],[-89.95855084445897,44.54206320136099],[-89.95855668490276,44.54206794582888],[-89.95855625755324,44.542072400614174],[-89.95856174187166,44.542081599891056],[-89.9585675823138,44.54208634435653],[-89.95856679883991,44.54209518209518],[-89.9585663714905,44.54209963687791],[-89.9585655880166,44.542108546467865],[-89.95853417782175,44.542459898919454],[-89.96095845634055,44.54243129056024],[-89.96096472374,44.54243158010838],[-89.96439490277386,44.54251985509828],[-89.96447081689206,44.5416704944991],[-89.96397822701219,44.5417061961057]]]}"
2_027c0000000000001875,1,0.02,"{""type"":""Polygon"",""coordinates"":[[[-89.94791605694327,44.539969016950984],[-89.94791014363331,44.539964343553095],[-89.94789767580811,44.539963763028965],[-89.94789183374006,44.53995901780491],[-89.94787972213268,44.53995398230059],[-89.9478738800619,44.53994923707463],[-89.94786803799022,44.539944563705006],[-89.94786219591764,44.53993981847751],[-89.94785635384417,44.53993507324922],[-89.94785713753701,44.53992616332069],[-89.94785129546277,44.53992141809076],[-89.94784545338766,44.539916744717225],[-89.94784623708071,44.5399078347853],[-89.94784659330482,44.53990337980248],[-89.94784744824267,44.539894469900425],[-89.94785621135458,44.53979667614602],[-89.94772312582968,44.53974150090288],[-89.94678531575279,44.539564946405484],[-89.94640542596811,44.539744197709574],[-89.94639253016858,44.53974807197889],[-89.94638626038602,44.53974778161634],[-89.94637963436469,44.53975194624643],[-89.94636709479435,44.53975136551962],[-89.94636046876971,44.539755530148284],[-89.94635419898191,44.53975523978402],[-89.94634173065086,44.539754659087826],[-89.94594808554345,44.5397367971833],[-89.9459526454375,44.5406657630348],[-89.94859487036871,44.54058477527984],[-89.94863555034664,44.54013116353624],[-89.94791605694327,44.539969016950984]]]}"
2_027c0000000000001876,1,0.02,"{""type"":""Polygon"",""coordinates"":[[[-89.9388943492608,44.539340478977905],[-89.93878417890082,44.540567883076235],[-89.93968505816443,44.54066687541633],[-89.93969695857953,44.5405334448895],[-89.93970401331488,44.54052482585552],[-89.93970444087456,44.54052037099452],[-89.93970522473396,44.54051146123375],[-89.9397118519082,44.54050729705792],[-89.93971270702737,44.54049845918835],[-89.93971933420032,44.54049429501094],[-89.93972596137213,44.540490130832765],[-89.93973301610215,44.54048151178903],[-89.9397396432716,44.54047734760892],[-89.94037769893508,44.540149081340154],[-89.9403843259932,44.540144917093144],[-89.94039722381265,44.540141043534014],[-89.94040385086737,44.54013687928517],[-89.94041012162778,44.5401371699731],[-89.94042301943858,44.54013329641042],[-89.94042929019585,44.54013358709733],[-89.94115341325157,44.54010399689447],[-89.94116053897639,44.54002395193474],[-89.94116139406329,44.54001504210617],[-89.94116175034948,44.54001058715466],[-89.94116880481552,44.540001967934145],[-89.94116923235887,44.53999751301795],[-89.94117628682352,44.53998896565162],[-89.9411829137437,44.53998480134411],[-89.94118954066272,44.539980637035846],[-89.94119659512364,44.53997201780811],[-89.9412032220403,44.53996785349792],[-89.94120992021297,44.53996368922354],[-89.94122239021215,44.5399642704763],[-89.94122901712436,44.539960106163925],[-89.94124191465988,44.539956160637175],[-89.94124818528333,44.53995645128029],[-89.94126065527007,44.53995703252897],[-89.94126692589046,44.53995732317106],[-89.94161059707403,44.53997294805151],[-89.94168890778388,44.539869369915536],[-89.9416955346155,44.53986520556769],[-89.94170216144599,44.539861041219105],[-89.94170885953154,44.53985687690599],[-89.94171548635973,44.53985271255589],[-89.94172211318676,44.53984854820502],[-89.94173501055653,44.539844674470544],[-89.94174163738019,44.539840510117834],[-89.94174833545884,44.539836345800595],[-89.94176080528304,44.53983685513897],[-89.94176707582169,44.53983714575439],[-89.94229123222306,44.53979846422637],[-89.94233035127577,44.539362667150996],[-89.9388943492608,44.539340478977905]]]}"
2_027c0000000000001878,1,0.02,"{""type"":""Polygon"",""coordinates"":[[[-89.94577972532552,44.53930499621087],[-89.94414987756261,44.53936047839456],[-89.94414268114133,44.53944052464018],[-89.94414232488282,44.53944497965523],[-89.94414154111406,44.53945381779148],[-89.94414075734531,44.53946272778393],[-89.94413405968434,44.53946689227448],[-89.94412700576356,44.539475511776395],[-89.9441266495049,44.53947996678808],[-89.94411375293917,44.53948384082237],[-89.94410705527349,44.53948800530947],[-89.94410007259953,44.539496624840595],[-89.94409380244223,44.53949633435092],[-89.94356817436135,44.53969124211762],[-89.94356147660041,44.53969540655436],[-89.9435490073615,44.53969482555316],[-89.94354238085003,44.53969899002356],[-89.94352984035208,44.53969848084271],[-89.9435173711029,44.53969789983811],[-89.94351110085036,44.53969760931775],[-89.94349863159508,44.53969702831109],[-89.94252295324334,44.53952322255326],[-89.9424894635145,44.53989679274763],[-89.9426287663434,44.53995219256674],[-89.94263460921314,44.53995693805991],[-89.94264672247687,44.53996197411876],[-89.94265256534388,44.539966719610035],[-89.94265840821001,44.53997146510053],[-89.94266425107524,44.53997613873317],[-89.94266973766739,44.539985339181214],[-89.9426755805309,44.53999008466894],[-89.94267479673219,44.53999899454937],[-89.94268063959493,44.540003668178436],[-89.94267985579633,44.54001257805631],[-89.94271583926138,44.54059025098257],[-89.94352748900826,44.54056457001884],[-89.94353995825416,44.54056515101172],[-89.943546228502,44.5405654415252],[-89.94483951646289,44.54069562776939],[-89.94575151084514,44.54067005122135],[-89.94577972532552,44.53930499621087]]]}"
2_027c000000000000187a,1,0.02,"{""type"":""Polygon"",""coordinates"":[[[-89.96243853122795,44.54005136815414],[-89.96208856583884,44.540035516243655],[-89.96208236984161,44.54003522676593],[-89.96206983540736,44.54003464776232],[-89.9620636394071,44.54003443014055],[-89.96205153227726,44.54002939614288],[-89.96204562114777,44.540024651623504],[-89.96203315791995,44.540024072639326],[-89.96148299139486,44.53972230424671],[-89.96010194958393,44.53973124511085],[-89.96008948572376,44.53973066591149],[-89.96008321818113,44.53973037629891],[-89.96007075431487,44.53972979709751],[-89.96006484287975,44.539725124303125],[-89.96005237900752,44.53972454509965],[-89.9600465387917,44.53971980047113],[-89.960040698575,44.53971505584185],[-89.96002859080585,44.539710021596086],[-89.9600227505864,44.539705348822395],[-89.96001683914386,44.53970060416559],[-89.96001099892263,44.53969585953285],[-89.96001185358921,44.5396869494996],[-89.960005942145,44.53968220484037],[-89.96000052925552,44.539673077044625],[-89.9600008853667,44.53966862200124],[-89.96000174003349,44.53965971196289],[-89.96000209614465,44.539655256918216],[-89.96001163992257,44.53954855164006],[-89.95990395178313,44.53949009364368],[-89.959726465115,44.540562640831126],[-89.96081900643742,44.54048261241955],[-89.96082527385968,44.540482901987254],[-89.96083773748047,44.54048348109729],[-89.96242485742661,44.54055529383929],[-89.9625537612974,44.540516533670875],[-89.96258004054158,44.540223008556694],[-89.96243853122795,44.54005136815414]]]}"
2_027c000000000000187b,1,0.02,"{""type"":""Polygon"",""coordinates"":[[[-89.96890711617493,44.53955375338268],[-89.966595425381,44.53958759459933],[-89.96664527232991,44.53994258468484],[-89.9666444890212,44.5399514947402],[-89.96664413297181,44.53995594977761],[-89.96664327845319,44.53996485980969],[-89.96664292240378,44.53996931484583],[-89.96664213909503,44.53997822489609],[-89.96663544536511,44.539982390657805],[-89.96662839558448,44.53999093959573],[-89.96662177306209,44.53999510537625],[-89.96661515053854,44.53999927115602],[-89.96660810075417,44.540007891946644],[-89.96660147822826,44.54001205772448],[-89.96659521175108,44.540011768470045],[-89.96658858922297,44.540015934246796],[-89.96581488490857,44.54024888152006],[-89.96586651315673,44.54409572926791],[-89.96799111542303,44.54419183192742],[-89.96828327817977,44.54204388959299],[-89.96828406145494,44.54203497992367],[-89.96828448869594,44.54203052509824],[-89.96828527197108,44.54202168728032],[-89.96829189420578,44.54201752158356],[-89.96829267748078,44.54200861190917],[-89.96829937092099,44.54200444623052],[-89.96851840242546,44.5418000097518],[-89.96852502461984,44.54179584402187],[-89.9685320740513,44.54178722344171],[-89.96854496240243,44.54178334684709],[-89.9685515845922,44.54177918111413],[-89.96855785074922,44.541779470250695],[-89.96857073909169,44.541775593652524],[-89.968577361277,44.541771427917396],[-89.96858989358157,44.54177200618745],[-89.96859615973231,44.541772295321955],[-89.96860862082451,44.541772873570444],[-89.96910848529242,44.541795427941544],[-89.96912101742315,44.54179600615319],[-89.96913347834452,44.54179658434427],[-89.96913974440629,44.54179687344888],[-89.96915184929549,44.541801906507914],[-89.969157688123,44.54180657860761],[-89.96916395418083,44.54180686771085],[-89.96917605906235,44.54181190076625],[-89.96918189788619,44.54181664471799],[-89.96918738068337,44.54182584353679],[-89.96919321950547,44.5418305156323],[-89.9691990583267,44.54183525958129],[-89.96919827507024,44.54184416929483],[-89.96920411389068,44.54184891324219],[-89.96920333063434,44.541857822953176],[-89.9692029034036,44.54186220594428],[-89.96920838619776,44.54187140475315],[-89.96920325942922,44.54192924595306],[-89.96970745958927,44.54190293801931],[-89.9697531014452,44.541391489591454],[-89.9697539558944,44.5413825798069],[-89.9697610050996,44.541373959075074],[-89.96988632408632,44.541093900680714],[-89.96988717853255,44.54108499083865],[-89.96989380049017,44.54108082496602],[-89.9698945837324,44.54107191510271],[-89.96990120568874,44.54106774922848],[-89.96990789884775,44.54106358337221],[-89.96991452080181,44.54105941749647],[-89.96992740868757,44.54105554068604],[-89.96993410184199,44.54105137482714],[-89.96994072379151,44.541047208948804],[-89.97009544923198,44.541000615222295],[-89.97040076846913,44.53968830706405],[-89.96890711617493,44.53955375338268]]]}"
2_027c000000000000187c,1,0.02,"{""type"":""Polygon"",""coordinates"":[[[-89.95381010480587,44.53958452017213],[-89.9537975676654,44.53958394025721],[-89.95379172649629,44.539579195295616],[-89.9537796167526,44.539574232232255],[-89.95377377558074,44.53956948726876],[-89.95376793440799,44.539564742304485],[-89.95376209323436,44.53955999733943],[-89.95375660822904,44.53955079733868],[-89.95375076705368,44.539546124229375],[-89.95374535328061,44.539536924254115],[-89.95369050316813,44.53937816807724],[-89.95306014864418,44.53941211602326],[-89.95304761125841,44.53941153602409],[-89.95304141379917,44.53941124605318],[-89.95302887640729,44.53941066605195],[-89.95302303512103,44.53940592103364],[-89.95301056895836,44.53940534105955],[-89.95300465643408,44.53940066786851],[-89.952992617677,44.5393956328743],[-89.9529863489736,44.5393953428711],[-89.95298086385726,44.539386142800964],[-89.95296882509271,44.53938117966069],[-89.952962912562,44.53937643460711],[-89.95296333997388,44.53937197958693],[-89.95295785485426,44.539362779511116],[-89.95295201355718,44.539358034484344],[-89.9529528683812,44.539349196298204],[-89.95295365196986,44.5393402862231],[-89.95295400814653,44.539335831170305],[-89.95300579619787,44.53875767896842],[-89.95179292588794,44.538640188718595],[-89.95164147468604,44.53928074456518],[-89.95164069107055,44.53928965464251],[-89.95163363853044,44.539298274640245],[-89.95163328234152,44.53930272969245],[-89.95162658598903,44.53930689463596],[-89.95161953344632,44.53931551462965],[-89.95161290832924,44.53931967960129],[-89.95160628321105,44.53932384457218],[-89.9515996580917,44.53932800954232],[-89.95159296173333,44.53933217448161],[-89.95158633661168,44.53933633945023],[-89.95157344255442,44.53934021433717],[-89.95156717361894,44.539339924255906],[-89.95155427955524,44.5393437991404],[-89.95154808185457,44.53934350908821],[-89.95153554397427,44.53934292892259],[-89.9511356831758,44.53932479461935],[-89.95108944922461,44.53984064113063],[-89.95149045031414,44.539916908359906],[-89.9523840500186,44.539885953378366],[-89.95239658762138,44.539886533444395],[-89.9524090539837,44.53988711347946],[-89.95241532278153,44.53988740351128],[-89.95242778913777,44.539887983544304],[-89.95243363051473,44.53989272854423],[-89.95244574068363,44.539897691716284],[-89.95245158205786,44.539902436714314],[-89.95245742343118,44.53990718171158],[-89.95246953359258,44.53991221673675],[-89.95247537496319,44.53991688987494],[-89.95248121633288,44.539921634869536],[-89.95248043273456,44.539930544830966],[-89.95254625493793,44.54003620198261],[-89.95304611532006,44.540058899093246],[-89.9533386057743,44.539875711128076],[-89.95334523059313,44.53987154610588],[-89.95335185541082,44.53986738108292],[-89.95336439269707,44.539867961043186],[-89.95337101751143,44.5398637960188],[-89.95338391096409,44.53985992097261],[-89.95339017960248,44.53986013909395],[-89.95340264564169,44.53986071902115],[-89.95340891427702,44.53986100899871],[-89.95377128239737,44.5398774673324],[-89.95403050136692,44.53971503027996],[-89.95403605756637,44.53965280389635],[-89.95381010480587,44.53958452017213]]]}"
2_027c000000000000187d,1,0.02,"{""type"":""Polygon"",""coordinates"":[[[-89.95099983071361,44.5385997549693],[-89.9495877772211,44.53853569084736],[-89.94957523869975,44.53853511045712],[-89.94956896943755,44.538534820261475],[-89.94600750662038,44.53795343352606],[-89.94599339946656,44.539091390641694],[-89.94649947255185,44.539114407118156],[-89.94651194083163,44.53911498780501],[-89.94651821059364,44.539115278164545],[-89.94653032263099,44.53912024204439],[-89.94654279090072,44.53912082272782],[-89.9465486331743,44.53912556810538],[-89.94656074520204,44.5391306038393],[-89.94656658747287,44.53913527735661],[-89.94657242974282,44.539140022731516],[-89.94657834325906,44.53914476813883],[-89.9465837580442,44.53915396852937],[-89.94683547346266,44.53949577067078],[-89.94776658528635,44.53967648970156],[-89.94846029129006,44.53963649167826],[-89.94847275893234,44.539637072145126],[-89.94847902837378,44.53963736239405],[-89.94849149600998,44.53963794285887],[-89.94849776544835,44.539638233106764],[-89.9485098768605,44.53964326857956],[-89.9485160750523,44.53964355879441],[-89.94852818645866,44.53964852240711],[-89.94853402842978,44.5396532676301],[-89.9485398704,44.53965801285231],[-89.94854571236932,44.53966275807374],[-89.94855162558129,44.539667431468835],[-89.94855746754882,44.53967217668872],[-89.94856330951548,44.53967692190783],[-89.94856252583708,44.539685831888576],[-89.94871541406569,44.54000976109993],[-89.9495592093341,44.54011504670717],[-89.94956505114814,44.54011979183043],[-89.94957751843121,44.54012037217103],[-89.94958962950233,44.54012533562109],[-89.94959547131172,44.54013008074176],[-89.95053905433053,44.540592600872046],[-89.95091391642768,44.54060964822582],[-89.95099983071361,44.5385997549693]]]}"
2_027c0000000000001880,1,0.02,"{""type"":""Polygon"",""coordinates"":[[[-89.96905244668044,44.539261187142515],[-89.96871436192927,44.539183416598156],[-89.9687019008715,44.53918283832947],[-89.96869599076838,44.53917809406761],[-89.96869015187046,44.53917334982441],[-89.9686780468353,44.539168316434825],[-89.96867220793463,44.53916364404806],[-89.96866636903306,44.5391588998022],[-89.96866053013062,44.539154155555565],[-89.96865469122726,44.53914941130815],[-89.96864885232301,44.539144667059965],[-89.96864963559071,44.53913582869593],[-89.96864372547954,44.53913108442663],[-89.9686445799535,44.53912217422118],[-89.96864493598432,44.539117719098336],[-89.96864571925208,44.539108808870864],[-89.96868388573509,44.538681906561095],[-89.96588495688646,44.53862225496941],[-89.96600152959809,44.53900256670223],[-89.96634583361106,44.53908070666612],[-89.96635210012904,44.539080995939905],[-89.96636420589952,44.539085957726236],[-89.96637004515215,44.53909070209679],[-89.96638215091694,44.53909573573863],[-89.96638799016684,44.53910048010728],[-89.96639390062619,44.53910522449604],[-89.96639973987428,44.53910989700472],[-89.96640557912148,44.53911464137105],[-89.96664562837931,44.53944698354219],[-89.96909438664046,44.53942381322835],[-89.96905244668044,44.539261187142515]]]}"
2_027c0000000000001883,1,0.02,"{""type"":""Polygon"",""coordinates"":[[[-89.94258636988381,44.53797670619446],[-89.94258052700671,44.537971960498695],[-89.94257468412873,44.537967214802144],[-89.94256884124985,44.537962469104826],[-89.94256962505074,44.537953558838424],[-89.94256378217108,44.537948884999636],[-89.94256456597206,44.5379399747307],[-89.94256499349986,44.53793551961345],[-89.94256577730081,44.53792660934196],[-89.94264230469878,44.53707279697189],[-89.93798767912058,44.53699966114688],[-89.93783531823816,44.53764913127743],[-89.93783489065767,44.53765358640396],[-89.93782783557869,44.53766220585015],[-89.93782747926153,44.53766666101406],[-89.93782042418118,44.53767528045738],[-89.93781379668029,44.53767937291453],[-89.93780709791479,44.53768353719284],[-89.93780011409417,44.53769215667048],[-89.93779341532627,44.53769632094685],[-89.93778678782071,44.537700485261155],[-89.9377805166316,44.53770019441453],[-89.93776761793261,44.53770406788043],[-89.93776099042259,44.53770823219254],[-89.93774851929848,44.537707722395474],[-89.93774224810312,44.5377074315468],[-89.93691779078051,44.5377368746834],[-89.93655390935066,44.54067186739118],[-89.93867144279751,44.54070564270648],[-89.93870001879435,44.53926909197587],[-89.93870080267426,44.53926025384262],[-89.93870158655416,44.53925134384955],[-89.93870821390173,44.53924717961997],[-89.93870899778148,44.53923826962435],[-89.93871569638956,44.539234105431284],[-89.93871605269847,44.53922965041337],[-89.93872310761415,44.53922103120037],[-89.93872973495802,44.539216866966854],[-89.93873643356247,44.53921270277067],[-89.93874306090403,44.53920853853563],[-89.93875595927518,44.53920466508414],[-89.93876258661336,44.539200500847265],[-89.93876885764199,44.539200791630876],[-89.93878175600449,44.539196918175826],[-89.93878802702997,44.53919720895841],[-89.93880049781626,44.53919779048449],[-89.94356838811966,44.5391286664737],[-89.94359190152632,44.53886625057479],[-89.94258636988381,44.53797670619446]]]}"
2_027c0000000000001884,1,0.02,"{""type"":""Polygon"",""coordinates"":[[[-89.96154302936866,44.53778716296648],[-89.96112083863203,44.53829938257919],[-89.96111421515728,44.538303548191216],[-89.96110716436033,44.53831216895442],[-89.96110046966304,44.53831633454034],[-89.96025650111304,44.53884521621837],[-89.9600518092304,44.539099380825135],[-89.9600251721409,44.539397367452224],[-89.9601644824897,44.53945274655736],[-89.96017032268753,44.539457491206846],[-89.9601824304119,44.53946252546469],[-89.96018834182888,44.539467270137024],[-89.96019418202309,44.53947194292597],[-89.9602000222164,44.53947668757201],[-89.9602054350777,44.539485887254344],[-89.9602113464911,44.53949063192312],[-89.96021049182899,44.53949947013735],[-89.96021633201981,44.539504214779775],[-89.96021554857963,44.53951312487399],[-89.96021476513943,44.53952203496651],[-89.96020920983577,44.53958426182653],[-89.96136448199839,44.53957409402934],[-89.96178111497417,44.539124114982506],[-89.96178816564709,44.539115494326964],[-89.9617947890053,44.53911132874805],[-89.96180141236238,44.53910716316837],[-89.96180810693717,44.53910299761168],[-89.96182099755131,44.53909912155216],[-89.96182762090385,44.539094955969894],[-89.96184015541736,44.539095535011526],[-89.96238903489268,44.53899087489488],[-89.96257427192855,44.537900828126446],[-89.96154302936866,44.53778716296648]]]}"
2_027c0000000000001885,1,0.02,"{""type"":""Polygon"",""coordinates"":[[[-89.94581007724337,44.537846268577795],[-89.94541542918853,44.5377702685875],[-89.94462191709911,44.53794407730132],[-89.9446090206999,44.53794802337862],[-89.94460275062579,44.53794773290734],[-89.94459028172537,44.5379471519982],[-89.94458401164819,44.53794686152589],[-89.94407791328902,44.53792383601275],[-89.94407171437992,44.53792361740721],[-89.94405917405501,44.53792303640513],[-89.9440529751429,44.53792274593836],[-89.94404086232322,44.5379177098097],[-89.94403501966767,44.537912964182155],[-89.9440229068423,44.53790799991078],[-89.9440166366724,44.53790770940714],[-89.94401122152482,44.53789850865111],[-89.94400537886474,44.537893763020115],[-89.9439994649518,44.53788901735353],[-89.94399362228994,44.53788434358123],[-89.94398820713911,44.53787514281954],[-89.94398856339906,44.537870687655925],[-89.94398314824753,44.537861486891316],[-89.94398357575952,44.537857103621555],[-89.94395457618533,44.53706094231379],[-89.94395493244558,44.53705648707298],[-89.94395571621814,44.537047576624936],[-89.94395614373043,44.53704319327925],[-89.94396319768265,44.537034573340925],[-89.94396355394282,44.53703011809758],[-89.94397060789366,44.537021498156406],[-89.94397730558318,44.537017333458216],[-89.9439839320195,44.53701316872444],[-89.9439909859666,44.53700454877889],[-89.94399761240058,44.53700038404318],[-89.9440042388334,44.53699621930673],[-89.94401677917627,44.53699680032618],[-89.94402340560578,44.53699263558829],[-89.94403003203415,44.53698847084965],[-89.94404257236859,44.536989051866364],[-89.94405504144704,44.53698963284692],[-89.9440613116107,44.53698992335407],[-89.94456741018891,44.53701287753222],[-89.94457695781014,44.53690616754744],[-89.94435536688387,44.53678892534709],[-89.94286896456003,44.53678388230158],[-89.94276806866647,44.53790903292718],[-89.94377366679878,44.538798648888644],[-89.94377950949414,44.538803322581145],[-89.94378535218861,44.53880806813174],[-89.94378456841258,44.53881697824432],[-89.9437904111063,44.538821723793276],[-89.94378998359215,44.53882617883103],[-89.9437954700233,44.5388353075918],[-89.94379504250922,44.53883976262827],[-89.94379425873338,44.53884867273491],[-89.94376796660731,44.539142202083305],[-89.94474332829125,44.539249026723574],[-89.945029825831,44.539132538528406],[-89.94503645208552,44.53912837392151],[-89.94504307833888,44.53912420931386],[-89.94505561834212,44.539124718335046],[-89.94506224459218,44.53912062558433],[-89.94507478458914,44.53912113460346],[-89.94508725333208,44.53912171544544],[-89.94578706393698,44.539153522575155],[-89.94581007724337,44.537846268577795]]]}"
2_027c0000000000001889,1,0.02,"{""type"":""Polygon"",""coordinates"":[[[-89.96434241797189,44.539807159018686],[-89.96433700569514,44.53979795959463],[-89.964337361766,44.53979350454945],[-89.96433778905103,44.53978904952603],[-89.96433857240692,44.539780211313115],[-89.96441220778777,44.53783228396648],[-89.96349973151413,44.537723990743416],[-89.96348719754367,44.53772341186666],[-89.96348100177268,44.537723122450444],[-89.96346889509083,44.537718088354836],[-89.96346305539585,44.537713343697696],[-89.96345094870833,44.53770838145969],[-89.9634451090106,44.53770363680065],[-89.96276086119364,44.53721720545926],[-89.96277439244089,44.53804835031471],[-89.96277360905302,44.53805726070304],[-89.96277318175055,44.538061715885014],[-89.96247827068537,44.53911550676752],[-89.96273735954236,44.5404980545963],[-89.96438073117227,44.54057244532897],[-89.9645059253405,44.54015392014338],[-89.96434241797189,44.539807159018686]]]}"
2_027c000000000000188c,1,0.02,"{""type"":""Polygon"",""coordinates"":[[[-89.95343569843462,44.53626780433782],[-89.94605716661046,44.53620980949419],[-89.94600821910275,44.53780612029387],[-89.94960672747855,44.53839363317947],[-89.95341219106326,44.538633241326515],[-89.95343569843462,44.53626780433782]]]}"
2_027c000000000000188d,1,0.02,"{""type"":""Polygon"",""coordinates"":[[[-89.9694623739971,44.53698908659864],[-89.96551330333715,44.53695332897588],[-89.96468331865172,44.53704527469666],[-89.96466145609213,44.537289884091614],[-89.96498120368453,44.53736234640298],[-89.96499330988836,44.53736738037687],[-89.96499950541472,44.537367669713426],[-89.96500541608836,44.53737241434894],[-89.96501745107165,44.537377448297455],[-89.96502336174251,44.537382121069996],[-89.96502920119958,44.53738686568109],[-89.96503504065578,44.5373916102914],[-89.96504088011108,44.53739635490094],[-89.96504636350122,44.53740548292322],[-89.96504593622409,44.53740993817563],[-89.96505177567771,44.53741468278275],[-89.96505099233643,44.53742359330713],[-89.9650506362722,44.53742804857954],[-89.96504978171804,44.53743695907966],[-89.96501446012941,44.53783268497758],[-89.96545960946239,44.53811630826908],[-89.96546509279257,44.53812550799123],[-89.9654709321823,44.53813018064478],[-89.96547677157113,44.53813492515746],[-89.96548261095907,44.53813966966936],[-89.96548809428596,44.53814886938584],[-89.96548766701376,44.538153324569315],[-89.96549315033992,44.538162452423016],[-89.96549272306778,44.53816690760523],[-89.96549193973551,44.53817581798982],[-89.965471715515,44.538402600991304],[-89.96607259818771,44.53848786200516],[-89.9688027997199,44.53854440054642],[-89.96898665283055,44.53753912845416],[-89.96898743609134,44.537530217924584],[-89.9689882193521,44.53752137925415],[-89.96899491267074,44.53751721313626],[-89.96900189081018,44.53750859172162],[-89.96900231804317,44.537504136463724],[-89.96900894015384,44.53749997032422],[-89.96902225557722,44.53749163806222],[-89.96951399732751,44.537183485715175],[-89.9694623739971,44.53698908659864]]]}"
2_027c0000000000001890,1,0.02,"{""type"":""Polygon"",""coordinates"":[[[-89.95363643655188,44.53626795758407],[-89.95361713211574,44.538655960072326],[-89.9540364849663,44.5387374734468],[-89.95404268226466,44.53873776336797],[-89.95405479192523,44.53874272649189],[-89.95406063305425,44.53874747152462],[-89.95407274270917,44.53875250650457],[-89.95407901123491,44.53875279645222],[-89.95408442496088,44.538761996565434],[-89.9540903373186,44.53876666976432],[-89.95409617844223,44.538771414792805],[-89.9542548144712,44.538961688390444],[-89.95520455115417,44.53900474754743],[-89.95521701660329,44.539005327287526],[-89.95522328494191,44.53900561717097],[-89.95523539422949,44.539010580141756],[-89.955241591334,44.539010869996346],[-89.95524743228216,44.53901561494146],[-89.95544730614283,44.53909610245754],[-89.95545314705964,44.53910084738356],[-89.95545898797556,44.53910559230879],[-89.95546482889061,44.53911033723325],[-89.95547066980475,44.539115010298545],[-89.95547651071801,44.53911975522145],[-89.95548242286101,44.539124500171255],[-89.95548783638874,44.53913370014535],[-89.95549367729937,44.5391384450655],[-89.95549332114632,44.539142828286685],[-89.95555343973638,44.53938221116853],[-89.95597832732001,44.539401489380054],[-89.95599079251745,44.53940206903104],[-89.95599706072952,44.53940235886969],[-89.95600952592089,44.53940293851862],[-89.95601543798166,44.539407611554346],[-89.95602747578934,44.53941264622949],[-89.95603374399539,44.53941293606608],[-89.95603958482283,44.53941768093017],[-89.95604542564938,44.53942242579348],[-89.95605133770461,44.539427170683346],[-89.95605675115199,44.53943629871335],[-89.95606259197592,44.539441043573895],[-89.95606843279899,44.53944578843368],[-89.95606764927398,44.53945469851031],[-89.95613845137667,44.539645436034],[-89.95649552276447,44.539791083508135],[-89.95650136352153,44.53979582831047],[-89.95651347240529,44.539800862919954],[-89.95651931315962,44.539805535863046],[-89.95652515391306,44.53981028066271],[-89.95653106589428,44.53981502548861],[-89.9565364792739,44.53982422527784],[-89.95654232002472,44.53982889821743],[-89.95654153650942,44.53983780822459],[-89.95654118036609,44.539842263241034],[-89.95654659374426,44.539851463024455],[-89.95654616637233,44.53985591801261],[-89.95652949886322,44.5400426683334],[-89.95678065039047,44.54025050136662],[-89.95678649110408,44.540255246107975],[-89.9567923318168,44.54025999084857],[-89.95679781638769,44.54026919056509],[-89.95680365709867,44.54027386344707],[-89.95680330095779,44.540278318422935],[-89.95680871429894,44.5402875181085],[-89.95680793078908,44.540296428030416],[-89.95680750342007,44.540300882977306],[-89.95678841426569,44.54051428932872],[-89.95951244017006,44.54057075702478],[-89.95961542869546,44.5394189249003],[-89.95961585603315,44.53941454171702],[-89.95962290710457,44.539405921248346],[-89.95962326321926,44.539401466180784],[-89.9596303142893,44.539392845709244],[-89.95963074162684,44.53938839066549],[-89.95963779269552,44.5393797701911],[-89.9596444164255,44.53937560476013],[-89.95965104015434,44.5393714393284],[-89.95965773510493,44.53936727392099],[-89.95967062644264,44.53936339812551],[-89.95967725016696,44.53935923269118],[-89.95983201707692,44.53931265116105],[-89.95985345505794,44.539072508315705],[-89.95985423850553,44.53906366999879],[-89.95985466584057,44.53905921492294],[-89.95985544928811,44.53905030474503],[-89.95986250031544,44.53904168419465],[-89.95986912400659,44.53903751872064],[-89.96031397702956,44.53855312917288],[-89.96032060064266,44.53854896362935],[-89.96032722425461,44.53854479808505],[-89.96033391908702,44.53854063256466],[-89.96034054269667,44.53853646701886],[-89.96093936925408,44.53822422748559],[-89.96094926890086,44.53811306368026],[-89.9609496962237,44.53810860851003],[-89.96095047964886,44.538099698144045],[-89.96095090697166,44.538095242972545],[-89.96095788657692,44.538086622154864],[-89.96096458129912,44.53808245655687],[-89.96096536472399,44.5380736180458],[-89.96097198822447,44.53806945242197],[-89.96097868294422,44.53806528682163],[-89.9613773727618,44.53781542025992],[-89.96150264796603,44.536414595150006],[-89.95363643655188,44.53626795758407]]]}"
2_027c0000000000001893,1,0.02,"{""type"":""Polygon"",""coordinates"":[[[-89.96730267630495,44.53595374341472],[-89.96468467170875,44.53590675850909],[-89.96461473996203,44.53668939371776],[-89.96467099870925,44.53690183499402],[-89.96548852155814,44.536809310433284],[-89.96550105487367,44.53680988910218],[-89.96550732152988,44.536810178436106],[-89.96773170606671,44.536839427352135],[-89.96780319869171,44.5360388992557],[-89.96730267630495,44.53595374341472]]]}"
2_027c0000000000001896,1,0.02,"{""type"":""Polygon"",""coordinates"":[[[-89.95030852158187,44.535040927763625],[-89.95029605453648,44.53504034744043],[-89.95028978539213,44.53504005726287],[-89.95027731834065,44.53503947693763],[-89.95027140539482,44.53503473130633],[-89.95026520748677,44.53503444115832],[-89.95025309662905,44.53502947724183],[-89.95024725491984,44.53502473163921],[-89.95024141320975,44.53501998603582],[-89.95023557149877,44.535015240431655],[-89.95006552032672,44.534882504104544],[-89.94971415958803,44.53481300082675],[-89.94960024449678,44.53608487175555],[-89.95133066303146,44.53609639911945],[-89.95148289907993,44.535446961274964],[-89.95148368269867,44.5354380504691],[-89.95148411012703,44.535433595080605],[-89.95149116269465,44.53542497438194],[-89.95149778783276,44.53542080907144],[-89.95149821526098,44.53541635368126],[-89.95150526782602,44.53540773297856],[-89.95151189296168,44.5354035676657],[-89.95152478703965,44.53539969246018],[-89.95153141217192,44.535395527145475],[-89.95153803730308,44.53539136183003],[-89.95210537224376,44.535220635341695],[-89.95212011828107,44.53505614371083],[-89.95030852158187,44.535040927763625]]]}"
2_027c000000000000189d,1,0.02,"{""type"":""Polygon"",""coordinates"":[[[-89.94589336677248,44.533487561042776],[-89.9447884298862,44.5335668782395],[-89.94477596104613,44.533566297296936],[-89.94158950517216,44.533492994382094],[-89.9413302733502,44.53365535295323],[-89.94133077214867,44.536937320691415],[-89.94254290455726,44.53699233408276],[-89.94256242833299,44.53677445889133],[-89.94256285586081,44.536770003663435],[-89.94256991006922,44.536761383760926],[-89.94257026634234,44.536756928496054],[-89.94257732054939,44.53674830859069],[-89.94257774807704,44.536743925222254],[-89.94258437475514,44.53673976054531],[-89.94259100143209,44.536735595867604],[-89.94259805563533,44.53672697595704],[-89.9426046823099,44.53672281127741],[-89.9426113802379,44.5367186466327],[-89.94261757938298,44.53671893718493],[-89.94263047645171,44.53671506309068],[-89.94263717437521,44.53671089844378],[-89.94264964391049,44.53671140771879],[-89.94297969322257,44.536668383283796],[-89.94300684093469,44.53636599997157],[-89.9430076247266,44.536357089399],[-89.94300805224947,44.53635263412979],[-89.94301510637602,44.53634401412311],[-89.94301546264501,44.53633955881722],[-89.9430225167702,44.53633101067031],[-89.94302914337146,44.536326845930915],[-89.94303584122534,44.536322681226174],[-89.94304282409304,44.53631406117686],[-89.94304952194453,44.536309896470186],[-89.94305614854113,44.53630573172735],[-89.94306241886805,44.53630602229341],[-89.94307531578723,44.53630214811486],[-89.94308194237937,44.53629798336985],[-89.94309441177009,44.536298492600835],[-89.94310068209074,44.53629878316484],[-89.94311315147537,44.53629936425647],[-89.94337557764135,44.53631127969605],[-89.94366180038647,44.5361278112563],[-89.94366842687731,44.53612364646181],[-89.94368132359276,44.53611977219986],[-89.94368802133278,44.53611560743853],[-89.94369422030387,44.53611589793614],[-89.94370711701065,44.53611202367065],[-89.94371338723114,44.53611231420224],[-89.94372001371308,44.536108149403375],[-89.94373255414885,44.53610873046484],[-89.9457565695035,44.536133636675245],[-89.94589336677248,44.533487561042776]]]}"
2_027c00000000000018a1,1,0.02,"{""type"":""Polygon"",""coordinates"":[[[-89.94954317996175,44.533430007581046],[-89.9461011266915,44.53347910676532],[-89.94596368892867,44.53606266200603],[-89.94939948524454,44.536084711430135],[-89.94954317996175,44.533430007581046]]]}"
2_027c00000000000018a4,1,0.02,"{""type"":""Polygon"",""coordinates"":[[[-89.94974393846164,44.53343016765835],[-89.9497273392359,44.53466625809929],[-89.95014659215677,44.5347477925756],[-89.95015905925075,44.53474837291866],[-89.9501649009734,44.534753118553695],[-89.95017081393566,44.53475779235387],[-89.95018328102176,44.534758372694164],[-89.95018912274071,44.53476311832697],[-89.95019496445877,44.53476786395898],[-89.95035290423053,44.534895564633025],[-89.95222697345446,44.53491360870984],[-89.95223951110862,44.534914188853975],[-89.95225197752201,44.534914768967056],[-89.95225824634552,44.53491505903793],[-89.95227035656983,44.534920022754434],[-89.95227655415374,44.5349203127946],[-89.95228239555375,44.53492505830429],[-89.95229450577044,44.53493009388198],[-89.9523003471677,44.53493476752498],[-89.95230618856408,44.534939513032],[-89.95231210119609,44.534944258567876],[-89.95231794259068,44.53494900407334],[-89.95232378398438,44.534953749578015],[-89.95232300038283,44.53496258861691],[-89.95232884177575,44.534967334119955],[-89.95232805817432,44.534976245021056],[-89.95232763075535,44.534980700456146],[-89.95232684715388,44.534989611354696],[-89.95230134447932,44.535274184120034],[-89.95230056087733,44.53528309496268],[-89.95229977727533,44.53529200580362],[-89.95229934985602,44.53529646120864],[-89.95229229743708,44.535305010116545],[-89.95228567243629,44.53530917548334],[-89.95228524501684,44.53531363088667],[-89.95227826383189,44.53532225168445],[-89.95226537000735,44.535326126981296],[-89.95225867376527,44.53533029231498],[-89.95225204875865,44.53533445767759],[-89.95224542375091,44.53533862303945],[-89.95167182196445,44.53550905969338],[-89.95153098474408,44.53610101138341],[-89.95576698818363,44.53615468149914],[-89.95600411246684,44.533504249527816],[-89.94974393846164,44.53343016765835]]]}"
2_027c00000000000018a6,1,0.02,"{""type"":""Polygon"",""coordinates"":[[[-89.95620483713282,44.533504398274346],[-89.95596728671315,44.536159285994465],[-89.96229046933813,44.53630289512244],[-89.96257690697412,44.53618635570237],[-89.96258979732954,44.536182479315094],[-89.96259649176658,44.536178313452524],[-89.9626089548111,44.53617889242248],[-89.96261564924478,44.536174726558464],[-89.96262811228307,44.536175305526385],[-89.96263437940937,44.53617559502144],[-89.9633716142024,44.53620896179753],[-89.96380531699066,44.53556779116739],[-89.963995674644,44.5334376151898],[-89.95620483713282,44.533504398274346]]]}"
2_027c00000000000018a9,1,0.02,"{""type"":""Polygon"",""coordinates"":[[[-89.96976477891599,44.533390556469314],[-89.96945753208117,44.5333186077809],[-89.96754549705929,44.53337500112473],[-89.96753930194481,44.53337471190147],[-89.96753303562112,44.5333744226577],[-89.96613989247213,44.53323991516159],[-89.96501146918693,44.53337195577056],[-89.9655493365849,44.533811512663846],[-89.96555517596177,44.533816257608976],[-89.96556101533776,44.53382100255332],[-89.96556685471285,44.53382574749688],[-89.9655660713821,44.53383465870624],[-89.96557191075642,44.533839331781685],[-89.96557112742578,44.533848242988505],[-89.96557077136639,44.53385269860197],[-89.96561933783687,44.534502309574414],[-89.96561855450717,44.534511220655695],[-89.96561819844823,44.53451567620636],[-89.96561114848033,44.53452429794319],[-89.9656107212095,44.53452875347123],[-89.96548531701659,44.53480884634469],[-89.96548453368418,44.53481775736683],[-89.96547791096397,44.53482185167564],[-89.96547086097023,44.53483047334756],[-89.96546423824766,44.53483463951943],[-89.96545754431185,44.53483880566908],[-89.96545049431437,44.53484742733663],[-89.96544387158828,44.53485159350581],[-89.96543724886104,44.53485575967424],[-89.96542471552463,44.53485518097443],[-89.96541809279408,44.53485934714143],[-89.9654056306636,44.53485876846106],[-89.9653926700436,44.53486271711826],[-89.96467491545441,44.534892681384996],[-89.9645982183902,44.5357510037861],[-89.96539722762476,44.53572465829313],[-89.96540349429797,44.53572494763939],[-89.96540976097015,44.53572523698531],[-89.96751558960084,44.53588747414485],[-89.96756009473884,44.53538939929509],[-89.96756052198792,44.535384943841414],[-89.96756130527788,44.53537603291265],[-89.96756792763779,44.535371866667525],[-89.96756835488678,44.53536748307629],[-89.96757540449437,44.5353588613738],[-89.96780070642117,44.535083253206324],[-89.96780775598599,44.53507463143729],[-89.96781437830326,44.535070465151136],[-89.9678210718271,44.53506629888422],[-89.96782769414207,44.535062132596565],[-89.9678343164559,44.53505796630814],[-89.96784100997625,44.53505387190357],[-89.96785389856001,44.53504992296532],[-89.96786009362359,44.53505021216131],[-89.96786678713943,44.53504604588992],[-89.96787924846898,44.535046624300165],[-89.96788551473603,44.53504691351473],[-89.96970959571479,44.535062429838085],[-89.96976477891599,44.533390556469314]]]}"
2_027c00000000000018ac,1,0.02,"{""type"":""Polygon"",""coordinates"":[[[-89.96394098163282,44.53292611712906],[-89.96392851902169,44.53292553826425],[-89.96391641248128,44.532920503701746],[-89.96391014556475,44.532920214256926],[-89.96389803901853,44.532915251559785],[-89.96389184331399,44.532914962136374],[-89.963879736762,44.53290992756885],[-89.96387389712966,44.53290518244676],[-89.9638679862814,44.532900437301414],[-89.9638625739376,44.532891308369194],[-89.96385673430265,44.53288656324434],[-89.9638508946668,44.53288181811871],[-89.96379164367723,44.53277198507253],[-89.96154872691763,44.532670423442774],[-89.96074258653566,44.53277680252414],[-89.96072969555863,44.532780678984984],[-89.96071716068178,44.53278009974442],[-89.95779948530782,44.53264790308076],[-89.95617570434197,44.53270830981235],[-89.95611800852947,44.533353084817456],[-89.96157244295613,44.5332475300038],[-89.96158490633383,44.53324803725374],[-89.96359046024614,44.533338885422246],[-89.96401426170422,44.533299995348585],[-89.9641221519332,44.532934295056876],[-89.96394098163282,44.53292611712906]]]}"
2_027c00000000000018b3,1,0.02,"{""type"":""Polygon"",""coordinates"":[[[-89.94759581071168,44.53030978260913],[-89.94756987741815,44.530598838514244],[-89.94756289537459,44.53060745989025],[-89.94756246790249,44.530611915722055],[-89.94756204043038,44.53061637155344],[-89.94755498714002,44.530624992893145],[-89.94755463091322,44.530629376884484],[-89.94733661947868,44.530891894198554],[-89.94725454426455,44.531807986863484],[-89.9472537605594,44.53181689832922],[-89.94725340432979,44.5318212822083],[-89.94725254937869,44.53183019363871],[-89.94724592350704,44.53183435902216],[-89.94723887015854,44.53184298011859],[-89.94723224428454,44.531847145500116],[-89.94722561840938,44.53185131088089],[-89.94721856505714,44.53185993197294],[-89.94721186793363,44.531864097318966],[-89.94720524205495,44.531868262697046],[-89.94719277400057,44.53186768199698],[-89.9471861481186,44.53187184737363],[-89.94717325258158,44.53187572238189],[-89.94716698292666,44.53187543201391],[-89.9460050841802,44.53196113378274],[-89.94591573877942,44.53211776655283],[-89.94590775895678,44.532206736647645],[-89.94604669313154,44.532266597077104],[-89.94605916155851,44.53226717789714],[-89.94606500390573,44.532271923991985],[-89.94607091750022,44.532276670119586],[-89.94607633235701,44.53228580001132],[-89.94608217470163,44.53229054610341],[-89.94608801704537,44.53229529219473],[-89.94609350314782,44.53230449398436],[-89.94609307565935,44.53230887778072],[-89.94609856176109,44.532318079567446],[-89.94609813427267,44.53232253523135],[-89.94609735054388,44.53233144659138],[-89.94600764911685,44.53333202262154],[-89.94760678248443,44.53333765180445],[-89.94783027823713,44.53329420219566],[-89.94785777874023,44.53298734033788],[-89.94785856243304,44.532978429090164],[-89.94785891865703,44.532974045317246],[-89.94786597189147,44.53296542439037],[-89.9478663993602,44.53296096878081],[-89.94787345259327,44.53295234785106],[-89.94788007835649,44.53294818253054],[-89.94788670411857,44.53294401720925],[-89.94789340112425,44.532939851919615],[-89.94790038310764,44.53293123095193],[-89.94790665264266,44.532931521273284],[-89.94791954793307,44.53292764626965],[-89.94792617368832,44.532923480944255],[-89.94793906897216,44.53291960593776],[-89.94794533850086,44.532919896257056],[-89.94795780631057,44.532920476862266],[-89.9479640758362,44.532920767180535],[-89.94837016792675,44.53293913341064],[-89.94839610067909,44.53265009173283],[-89.9483964568981,44.532645636059264],[-89.9483972405799,44.53263679661125],[-89.94839766804269,44.53263234096849],[-89.94840472117804,44.532623719945576],[-89.94841134684948,44.532619554565095],[-89.94841839998232,44.532610933538976],[-89.94842502565139,44.53260676815656],[-89.94843172256306,44.532602602805454],[-89.9484383482298,44.53259843742152],[-89.94844497389543,44.53259427203685],[-89.94845786900481,44.53259039694466],[-89.94860634055951,44.53254353354651],[-89.94862785606341,44.532303430088604],[-89.94852790148444,44.53229885750498],[-89.94851543386008,44.5322983488231],[-89.94850959188614,44.53229360285588],[-89.94849705301223,44.532293022271084],[-89.94849085481735,44.53229273201019],[-89.9484787433992,44.53228769574755],[-89.94847290141966,44.53228302164624],[-89.94846705943924,44.53227827567531],[-89.94846114621423,44.53227352967157],[-89.9484491060304,44.53226849343578],[-89.9484494622489,44.53226403772582],[-89.9484440477272,44.532254907941905],[-89.94843820574236,44.53225016196667],[-89.94843236375665,44.53224541599065],[-89.94843314743773,44.53223650459809],[-89.94843350365637,44.532232120754074],[-89.94843435858115,44.53222320939104],[-89.94843514226217,44.532214297994244],[-89.94862472135499,44.53121826886968],[-89.94862550503211,44.531209357280794],[-89.94862593249236,44.531204901501674],[-89.94863298558573,44.53119628020242],[-89.94863334180253,44.531191824390106],[-89.94864039489454,44.53118327495852],[-89.94864702052526,44.53117910943648],[-89.94865371739814,44.53117494394559],[-89.94866034302656,44.531170778422016],[-89.94866696865382,44.53116661289771],[-89.94867986368855,44.531162737662456],[-89.94868648931244,44.53115857213629],[-89.94869902812441,44.53115915271423],[-89.94870565374498,44.53115498718664],[-89.94871812130748,44.53115549586007],[-89.94872439070882,44.531155786147494],[-89.9487369295084,44.53115636672131],[-89.94874312766349,44.53115665697584],[-89.94875566645695,44.5311572375476],[-89.94913033226277,44.53124566143965],[-89.9499860156239,44.53121750547867],[-89.95050371936384,44.53083020300162],[-89.95051034467257,44.53082603734028],[-89.95051696998017,44.53082187167819],[-89.95052359528661,44.53081770601535],[-89.95053648969696,44.530813830542016],[-89.95089126237993,44.53070495452625],[-89.95091918812241,44.53039361913202],[-89.94759581071168,44.53030978260913]]]}"
2_027c00000000000018b4,1,0.02,"{""type"":""Polygon"",""coordinates"":[[[-89.94579668250326,44.53015664909668],[-89.94286668442979,44.530023556026165],[-89.94286041407086,44.53002326541091],[-89.9428479446041,44.53002275608721],[-89.94284167424213,44.53002246547092],[-89.94282956103997,44.5300174283674],[-89.94282336192914,44.53001713778562],[-89.94245419238551,44.52986645214982],[-89.93974961965354,44.529877496180944],[-89.93969695857953,44.531513761732135],[-89.93986641438929,44.53172241710285],[-89.93987225767972,44.5317271635686],[-89.93987767341154,44.5317362938599],[-89.93987731711341,44.53174074959286],[-89.9398827328445,44.53174995175094],[-89.93988237654644,44.531754407482616],[-89.93988159269065,44.53176331890732],[-89.93988073757525,44.53177215842334],[-89.93987411043017,44.53177632338475],[-89.93976394288309,44.532025868052955],[-89.9404835892103,44.53267471566339],[-89.94048900485582,44.53268391760981],[-89.94048857730489,44.53268837321775],[-89.94049449175907,44.532693119591165],[-89.94049990740304,44.53270224966526],[-89.94073769617533,44.5333381865337],[-89.94107082600446,44.53354087971721],[-89.94128324375004,44.533550547041564],[-89.9414682977681,44.53337586106971],[-89.94147492463782,44.53337169615793],[-89.94148155150641,44.53336753124542],[-89.94149444895704,44.533363657002134],[-89.94150114707885,44.53335949212414],[-89.94150777394292,44.53335532720901],[-89.94151440080583,44.53335116229314],[-89.94152687070604,44.5333517435937],[-89.94153356882221,44.53334757871275],[-89.9415460387162,44.53334816001127],[-89.94155230928995,44.53334845067819],[-89.94468248024181,44.5334192123459],[-89.9447530896204,44.532632079393125],[-89.94476014342605,44.532623458595104],[-89.94476092718216,44.532614547299794],[-89.94476128343493,44.53261009163433],[-89.94476833723907,44.53260147083177],[-89.94476876474232,44.53259708706774],[-89.94477539104193,44.53259292189556],[-89.94478244484348,44.53258430108896],[-89.94478907114073,44.53258013591484],[-89.94479569743683,44.53257597073997],[-89.94480859377327,44.5325720960576],[-89.94481529131646,44.53256793091519],[-89.94482149010538,44.53256822137347],[-89.94483438643316,44.53256434668754],[-89.94484065646941,44.53256456531068],[-89.94485312528845,44.53256514625846],[-89.94486602160556,44.532561271568724],[-89.9449659857289,44.53256584732518],[-89.94498550827142,44.53234795116494],[-89.94377323928444,44.53222590449168],[-89.9437669690737,44.53222561393959],[-89.94375492741615,44.53222057720502],[-89.94374238698767,44.53221999609839],[-89.94373654428665,44.53221532174879],[-89.94373070158474,44.53221057552947],[-89.94371858866329,44.53220553875449],[-89.94371274595865,44.53220079253326],[-89.9437069032531,44.532196046311256],[-89.94370106054667,44.53219137195746],[-89.94369521783935,44.5321866257339],[-89.94368973139386,44.53217742380643],[-89.94369015890912,44.53217296813787],[-89.94369094268708,44.53216412863349],[-89.94361705373022,44.53179906809973],[-89.94361748124629,44.53179461239553],[-89.94361826502575,44.531785700950806],[-89.94361862128913,44.53178124521028],[-89.94361940506855,44.53177240563262],[-89.94362610281937,44.53176824048885],[-89.94362688659865,44.53175932903905],[-89.94363351309552,44.531755163858634],[-89.94364056710705,44.53174654296861],[-89.94364719360155,44.53174237778627],[-89.94365389134754,44.531738212638196],[-89.94407962333273,44.53146732794573],[-89.94408624975138,44.53146316271314],[-89.94409914632635,44.531459288018745],[-89.94410541648278,44.53145957855733],[-89.9441183130513,44.53145570386049],[-89.94412493946328,44.53145153862463],[-89.94413740851498,44.53145211966401],[-89.94414367866516,44.531452410200565],[-89.94415621896242,44.53145291940249],[-89.94496213821935,44.531489531788765],[-89.94496833698454,44.53148982224568],[-89.94498087701221,44.53149040322691],[-89.94498707577439,44.53149069368281],[-89.94499918829526,44.53149573040021],[-89.94500503080397,44.531500404757026],[-89.94501757081966,44.531500985734105],[-89.94502341332556,44.53150573195949],[-89.94502925583056,44.53151047818411],[-89.94503467083442,44.53151960827401],[-89.94504051333772,44.531524354496646],[-89.94504635584012,44.53152910071851],[-89.94505184209157,44.53153830270813],[-89.9450514145915,44.531542758442086],[-89.94505063084132,44.531551598072916],[-89.94505647334219,44.53155634429151],[-89.94505568959214,44.53156525578977],[-89.94504215208848,44.531716463419116],[-89.9458308105819,44.53180581351466],[-89.94579668250326,44.53015664909668]]]}"
2_027c00000000000018b6,1,0.02,"{""type"":""Polygon"",""coordinates"":[[[-89.9534273640046,44.533137355145094],[-89.95342152277908,44.53313260951313],[-89.95341561031817,44.53312786385144],[-89.95341019649776,44.53311873446997],[-89.95341055267018,44.533114278825074],[-89.95341140748397,44.53310536759193],[-89.95341219106326,44.53309645632813],[-89.95341254723566,44.533092000681116],[-89.95360701687225,44.53197114702267],[-89.9534433205186,44.53176725878094],[-89.95343747929549,44.531762584881],[-89.95343790670209,44.53175812913623],[-89.95343242165038,44.53174892759086],[-89.95343284905704,44.53174447184482],[-89.9534273640046,44.53173534216623],[-89.95342814758357,44.531726430642216],[-89.95357026004953,44.53013878782701],[-89.95324350744234,44.53007490436006],[-89.9531546063164,44.530227165069284],[-89.95315382273184,44.530236005004035],[-89.95314719787993,44.53024017087087],[-89.95314057302687,44.53024433673696],[-89.95313387693767,44.53024850257316],[-89.95312682467225,44.53025712432423],[-89.95312019981569,44.53026129018763],[-89.95311357495797,44.53026545605028],[-89.95310103758968,44.530264875944944],[-89.95309441272865,44.53026904180617],[-89.9530819465892,44.53026846172794],[-89.95307532172487,44.530272627587735],[-89.95306278434407,44.53027211935024],[-89.95305651565214,44.530271829295],[-89.95158840250994,44.530205240067836],[-89.95129596994005,44.53038838948977],[-89.95128934476706,44.53039255523547],[-89.95128271959294,44.53039672098042],[-89.95126982543357,44.530400596572335],[-89.95126355644844,44.5304003064197],[-89.95125066228262,44.53040418200916],[-89.95124439329436,44.53040389185549],[-89.95123192655329,44.530403383449176],[-89.95122565756198,44.530403093294474],[-89.951125709755,44.53039852279606],[-89.95109343859703,44.5307587287849],[-89.95109265497034,44.530767640476455],[-89.95108602976222,44.53077180617671],[-89.95108524613538,44.53078071786573],[-89.95107819349307,44.53078933939263],[-89.95107156828247,44.530793505090124],[-89.95107114084949,44.530797889046404],[-89.95106408820459,44.530806510569285],[-89.9510511939717,44.53081038610268],[-89.95104456875642,44.53081455179674],[-89.949807200681,44.531392503469604],[-89.9495709642029,44.531859553822784],[-89.9495701805451,44.53186839342531],[-89.94956348383226,44.531872558908276],[-89.94955643091005,44.5318811801407],[-89.94955607470182,44.5318856358905],[-89.94954937798651,44.53188980137111],[-89.94953655448589,44.53189367667561],[-89.94952985776719,44.53189784215436],[-89.94952323228902,44.53190200766374],[-89.94951660680971,44.53190617317235],[-89.94950406826509,44.53190559269313],[-89.94949744278247,44.53190975820031],[-89.94914864156466,44.53195200690601],[-89.94903287248529,44.53226372370981],[-89.9490325162722,44.532268179421635],[-89.94902546325231,44.532276800548615],[-89.94901883768699,44.53228096599511],[-89.94901798277525,44.532289877351594],[-89.94901135720865,44.5322940427965],[-89.94900473164088,44.53229820824066],[-89.94899183671541,44.532302083418635],[-89.94898521114428,44.53230624886095],[-89.94897851432928,44.53231041427078],[-89.948965619395,44.5323142894448],[-89.94895942127586,44.53231399920941],[-89.94894688254904,44.53231341867414],[-89.94894025697013,44.53231758411284],[-89.94892778947987,44.53231700360726],[-89.94882776443971,44.53231250312387],[-89.94880233068064,44.53259709136374],[-89.94880147576407,44.53260600265857],[-89.94880111954883,44.53261045833718],[-89.94879406648639,44.532619079387],[-89.9487932828127,44.53262791884111],[-89.94878658596419,44.53263208421114],[-89.94877996035758,44.532636249612246],[-89.94877290729124,44.53264487065602],[-89.94876628168228,44.532649036055204],[-89.94875965607218,44.532653201453634],[-89.94875295921779,44.53265736681945],[-89.94874006420764,44.53266124193936],[-89.94859202063134,44.53270364975663],[-89.94854464371646,44.53323286296936],[-89.9512561476465,44.53335586336103],[-89.95360466614628,44.533328450600365],[-89.9534273640046,44.533137355145094]]]}"
2_027c00000000000018bb,1,0.02,"{""type"":""Polygon"",""coordinates"":[[[-89.95599941130877,44.53019091911685],[-89.95518731321211,44.53015409343524],[-89.95518104486762,44.53015380349563],[-89.95516893556288,44.530148767711296],[-89.95516266721538,44.53014854964277],[-89.95515020174858,44.53014796978829],[-89.95514436078558,44.5301432239421],[-89.9551385198217,44.53013847809514],[-89.95512641050352,44.53013344230466],[-89.9551205695369,44.53012876832795],[-89.9551147285694,44.530124022478304],[-89.95510881636969,44.530119276600004],[-89.9551029754004,44.5301145307488],[-89.9551037589451,44.53010569077768],[-89.95509791797504,44.53010094492485],[-89.95509834536313,44.53009648901609],[-89.95503238507916,44.529852384528],[-89.95406333991863,44.52974591617405],[-89.95378638396278,44.53003696038225],[-89.95365103953216,44.531549002496135],[-89.95378994565186,44.53160885436958],[-89.95379585805503,44.53161360016545],[-89.95380789655984,44.53161863590929],[-89.95381373772649,44.531623309804665],[-89.95381965012598,44.53162805559786],[-89.95382549129084,44.531632801361546],[-89.95383133245481,44.53163754712446],[-89.95383054888408,44.53164645866814],[-89.95383639004729,44.5316511325596],[-89.95383560647667,44.53166004410073],[-89.9538414476391,44.53166478986038],[-89.95384066406858,44.53167370139896],[-89.95384023666647,44.53167815715325],[-89.95361406904934,44.53308331457261],[-89.9538429435464,44.53333034349385],[-89.95591065903446,44.53335710166852],[-89.95599941130877,44.53019091911685]]]}"
2_027c00000000000018bd,1,0.02,"{""type"":""Polygon"",""coordinates"":[[[-89.96420269552975,44.530348227780586],[-89.96195346438452,44.5303178200944],[-89.96194100112673,44.53031724098131],[-89.96193516119882,44.53031249549842],[-89.96192262671642,44.530311916359615],[-89.96191643069234,44.530311698685246],[-89.96190432351598,44.53030666362992],[-89.96189848358247,44.53030191814408],[-89.96188637640044,44.530296883085825],[-89.96188053646421,44.530292209469984],[-89.96187469652708,44.53028746398148],[-89.9618687853703,44.5302827184685],[-89.96186294543139,44.530277972978425],[-89.96186337274402,44.53027351706098],[-89.9618578888982,44.53026438749965],[-89.96185204895762,44.530259642007174],[-89.96185283236434,44.53025073014475],[-89.96179956067127,44.529864327110786],[-89.96147985773764,44.52979184437926],[-89.95916821717691,44.52975855765071],[-89.95916194948356,44.529758267926624],[-89.95914948531761,44.52975768850281],[-89.95914364496416,44.529752942821084],[-89.9591311095684,44.52975236336981],[-89.95912526921215,44.52974768955933],[-89.95911280503427,44.529747110131396],[-89.95910696467524,44.52974236444672],[-89.9591010530914,44.52973761873586],[-89.95909521273059,44.529732873049625],[-89.95908979971244,44.5297237432762],[-89.95887812161378,44.529495327163936],[-89.95863930571967,44.52964078407428],[-89.95863268181593,44.52964495031159],[-89.95862598668624,44.52964911652245],[-89.95861936278018,44.529653282758254],[-89.95861309499706,44.52965299300348],[-89.95860020330353,44.52965686948273],[-89.95859393551727,44.529656579726925],[-89.95777533957555,44.52976236529987],[-89.95776871552243,44.52976653147636],[-89.95775617967688,44.52976602374742],[-89.95623838611391,44.52976416053365],[-89.95608218009848,44.53256115957109],[-89.95779977021313,44.53250502879639],[-89.95780639426084,44.53250086286127],[-89.96071780166992,44.532632770138335],[-89.9615235864764,44.53253084663046],[-89.9615364771863,44.53252697005956],[-89.9615489405757,44.53252754918961],[-89.96386065113107,44.53263222317364],[-89.96387311376428,44.532632802049434],[-89.96388557639344,44.532633380923855],[-89.96389148723898,44.532638126095264],[-89.96390394986216,44.5326386330993],[-89.96390978948992,44.53264337824681],[-89.96392189603242,44.53264841283972],[-89.96392773565744,44.53265315798532],[-89.96393357528154,44.532657831261865],[-89.9639394861197,44.53266257642833],[-89.96394489845261,44.532671777269655],[-89.96395073807412,44.53267652241172],[-89.96401661179165,44.53278218932942],[-89.96415405604829,44.53278841305635],[-89.96434476803918,44.53065379818098],[-89.96420269552975,44.530348227780586]]]}"
2_027c00000000000018c0,1,0.02,"{""type"":""Polygon"",""coordinates"":[[[-89.95361064981212,44.52842605997415],[-89.95231744393507,44.52836738251465],[-89.95230497754295,44.52836687420338],[-89.95229870872708,44.52836658409498],[-89.9522866697483,44.52836154784399],[-89.95228040092945,44.52836125773456],[-89.9522682907083,44.528356221451396],[-89.95226244930616,44.52835154715211],[-89.95225660790311,44.52834680097718],[-89.95224449767447,44.52834176468996],[-89.95223865626868,44.52833701851312],[-89.95223281486201,44.52833234421041],[-89.95208043931753,44.528142314857526],[-89.95112464117405,44.528099001725195],[-89.95099242186072,44.52957538354951],[-89.95112734824573,44.52967972876704],[-89.95138971957687,44.52969162749513],[-89.95139598854138,44.5296919176452],[-89.95140809903806,44.52969695387748],[-89.95142056572185,44.529697534144994],[-89.95142640725228,44.529702208353264],[-89.95143894516826,44.52970278864892],[-89.95144478669589,44.52970753472852],[-89.95145062822263,44.52971228080737],[-89.95146273870206,44.529717245158906],[-89.95146815279752,44.52972644716645],[-89.95147399432071,44.52973119324219],[-89.95171356724246,44.530068017089874],[-89.95299432732321,44.530126119176245],[-89.9530902810943,44.5299652364635],[-89.95309106468017,44.52995632460578],[-89.95309768954178,44.529952158716995],[-89.95310474181255,44.529943536911695],[-89.9531113666718,44.52993937102097],[-89.95311806276493,44.52993527703109],[-89.95312468762188,44.52993111113886],[-89.95313758115738,44.52992716342668],[-89.95314420601096,44.529923069405065],[-89.95315083086338,44.52991890351024],[-89.95316336821537,44.52991941174188],[-89.95317583432835,44.52991999181551],[-89.95318210300077,44.52992028186637],[-89.95319456910765,44.529920861937946],[-89.95320083777702,44.52992115198776],[-89.9532133038778,44.52992173205728],[-89.9532254138004,44.529926696200285],[-89.95323168246472,44.52992698624839],[-89.95339480984609,44.52999691267841],[-89.95366158216814,44.529959862831],[-89.9535247413772,44.52959649099017],[-89.95352509754854,44.52959203501058],[-89.95351968374358,44.5295828330738],[-89.95352046732067,44.52957399301353],[-89.95352089472634,44.5295695370607],[-89.95352167830339,44.52956062512489],[-89.95352830309058,44.52955645917602],[-89.95352908666749,44.52954754723767],[-89.9535357114534,44.52954338128721],[-89.9535424074724,44.529539215364885],[-89.95354945966136,44.529530593456286],[-89.95355608444375,44.529526427503136],[-89.953562709225,44.52952233342233],[-89.9535693340051,44.52951816746769],[-89.95357603001823,44.529514001541145],[-89.95358892340191,44.529510125616085],[-89.95359512077263,44.52951034374488],[-89.95360181678126,44.52950617781613],[-89.95395057748574,44.52946398520306],[-89.95406633171588,44.52915217294376],[-89.95407295640894,44.529148078800745],[-89.9540737399747,44.52913916678109],[-89.95408036466648,44.529135000762835],[-89.95408741675647,44.5291263787468],[-89.95409404144588,44.52912221272661],[-89.95410073736736,44.529118046734204],[-89.95410736205446,44.5291138807125],[-89.95411398674042,44.52910971469005],[-89.95439421703148,44.528992959746745],[-89.95449900012446,44.52866281158704],[-89.95361064981212,44.52842605997415]]]}"
2_027c00000000000018c1,1,0.02,"{""type"":""Polygon"",""coordinates"":[[[-89.9555915480355,44.52823012303948],[-89.95481861884319,44.5285255139917],[-89.95457600233718,44.52906368392071],[-89.95457564617558,44.529068139953765],[-89.95456859417543,44.52907676201061],[-89.95456196956803,44.52908092806232],[-89.95455527372715,44.52908509408502],[-89.95455491756535,44.52908955011598],[-89.95454786556138,44.52909817216762],[-89.95453497250026,44.52910204823479],[-89.95452870404908,44.529101758253006],[-89.9542548144712,44.52921880327969],[-89.95413813477957,44.529610897063016],[-89.95513837735916,44.52971874288863],[-89.95514464571063,44.52971903283325],[-89.95515675502305,44.529724068666205],[-89.95516302337151,44.52972435860978],[-89.95516886433165,44.52972910449734],[-89.95518097363644,44.5297340684539],[-89.95518717074975,44.529734358368245],[-89.95519308293738,44.529739104281404],[-89.95519849650599,44.529748306108544],[-89.95520433746071,44.52975298011915],[-89.95521017841456,44.52975772600171],[-89.95521601936753,44.52976247188349],[-89.95521523582511,44.52977138379271],[-89.95522107677728,44.52977612967286],[-89.95528119579438,44.53001548859696],[-89.9560058932084,44.530048327229046],[-89.956166230838,44.52825614741792],[-89.9555915480355,44.52823012303948]]]}"
2_027c00000000000018c7,1,0.02,"{""type"":""Polygon"",""coordinates"":[[[-89.94584513154113,44.52842639113545],[-89.94522633297838,44.52833129417426],[-89.94522013425488,44.52833107558687],[-89.94520759430543,44.52833049459318],[-89.9452017518276,44.528325748056346],[-89.94518971062043,44.52832071105476],[-89.94477539104193,44.52811437445921],[-89.94472216686113,44.52814769889399],[-89.94471554055231,44.528151864457826],[-89.94470891424236,44.528156030020895],[-89.9446960178724,44.528159905057116],[-89.94468974781252,44.528159614530686],[-89.94467685143611,44.528163489564456],[-89.94467065262381,44.52816319907138],[-89.94465811249472,44.528162618015415],[-89.94464564361229,44.52816203699249],[-89.94463937354416,44.52816181833847],[-89.94393982700774,44.5280585529549],[-89.94392735789181,44.52805797185244],[-89.94392151521896,44.52805329709811],[-89.94390897484496,44.528052715958715],[-89.9439031321693,44.528047969327595],[-89.94389728949277,44.52804322269569],[-89.94389144681533,44.52803854793837],[-89.94387933394465,44.52803351073331],[-89.94387349126448,44.52802876409874],[-89.9438739187777,44.5280243080357],[-89.94386843235776,44.528015177176506],[-89.94386258967594,44.52801043053953],[-89.94386301718927,44.52800597447479],[-89.94385753076779,44.527996771736106],[-89.94385795828117,44.52799231567009],[-89.94385874205571,44.527983475377305],[-89.94396718779645,44.526773849424956],[-89.94383145244191,44.526258707574996],[-89.94038959913536,44.52616927772918],[-89.93885921734983,44.52623812144283],[-89.93880698262355,44.526820661911145],[-89.93951289366241,44.52685273448525],[-89.93951916456842,44.52685302530334],[-89.9395316351171,44.526853606900886],[-89.93954410566175,44.52685418849706],[-89.93954994900126,44.52685893547114],[-89.93955621990122,44.526859226287165],[-89.93956833413688,44.5268641921983],[-89.9395741774727,44.52686893917013],[-89.93958002080764,44.52687368614118],[-89.93958586414169,44.526878433111456],[-89.93959127991391,44.52688756435898],[-89.9395971945064,44.52689231136483],[-89.93960261027703,44.52690151448621],[-89.93960218271621,44.526905970639646],[-89.93960766974625,44.5269151019186],[-89.93960724218552,44.526919558070766],[-89.9396064583241,44.52692847041138],[-89.93959890474984,44.527012921875446],[-89.94031784158427,44.52717954951751],[-89.94032404109994,44.52717984025239],[-89.94033615509318,44.527184877925066],[-89.94034242586466,44.527185168696015],[-89.9403545398521,44.52719020636617],[-89.9403603830682,44.527194881388326],[-89.94036579873111,44.52720408441437],[-89.94037164194549,44.52720883131119],[-89.94037748515899,44.527213578207224],[-89.94038297207818,44.527222709389264],[-89.94038254452606,44.52722716551518],[-89.94046335179134,44.52744513681361],[-89.94046883869824,44.52745433982277],[-89.94046798359592,44.527463252030834],[-89.94046762730328,44.52746770817126],[-89.94046684345945,44.52747654853759],[-89.94028349482414,44.528401490739036],[-89.94028271097656,44.528410330928274],[-89.94027608390091,44.528414496211504],[-89.94027522879429,44.52842340823585],[-89.94026860171735,44.52842757351748],[-89.9402615470858,44.52843619480907],[-89.9402549200065,44.528440360088766],[-89.94024829292604,44.528444525367725],[-89.9402415945855,44.52844869060876],[-89.94023496750276,44.52845285588621],[-89.94022206962875,44.52845673039348],[-89.94021544254264,44.52846089566907],[-89.9402091717504,44.528460604898974],[-89.94019627386771,44.5284644794027],[-89.93975966729275,44.52850715991213],[-89.93958736060515,44.52937890028791],[-89.93958693304417,44.529383356206154],[-89.93958614918235,44.52939226807893],[-89.93957909442533,44.52940088915114],[-89.93957246722816,44.52940505430563],[-89.93957203966701,44.529409510221335],[-89.93956505616761,44.529418131327084],[-89.93955835770778,44.529422296441645],[-89.93954545960635,44.529426170792476],[-89.93953883240337,44.529430335942784],[-89.93953220519923,44.52943450109232],[-89.939519307089,44.5294383754392],[-89.93951303618302,44.529438084636936],[-89.9395005656283,44.529437503069],[-89.93949393841756,44.52944166821568],[-89.93948139659625,44.52944108660809],[-89.93938148944159,44.52943657767009],[-89.93936509951263,44.52961883907918],[-89.93949336833485,44.52972743485433],[-89.94227997390904,44.52971119146178],[-89.94229244356043,44.52971170085071],[-89.94229871401217,44.529711991499],[-89.94231118365747,44.529712572758655],[-89.9423170265756,44.52971731930279],[-89.94289817871697,44.529882126816105],[-89.94579696749777,44.53001376727555],[-89.94584513154113,44.52842639113545]]]}"
2_027c00000000000018c8,1,0.02,"{""type"":""Polygon"",""coordinates"":[[[-89.94877361972223,44.526264329543544],[-89.94876742157207,44.52626403926072],[-89.94875488278247,44.52626345863034],[-89.94874868462928,44.52626316834649],[-89.94816783486128,44.52616536848913],[-89.94665564636932,44.52631101842648],[-89.94664317813627,44.52631043759849],[-89.9466369083947,44.52631021904539],[-89.94662444015555,44.52630963821536],[-89.94594281316526,44.5262161647673],[-89.94591060889363,44.527625658629844],[-89.94607953852186,44.52791015061051],[-89.946085380866,44.52791489714454],[-89.94608459713696,44.52792380934122],[-89.9460838134079,44.527932721536196],[-89.94608965575138,44.527937396192236],[-89.94598413719103,44.53016514663518],[-89.95051981957447,44.53029958281543],[-89.95119431258996,44.53026321735861],[-89.95152136761608,44.530112856080365],[-89.95132040470789,44.52983584659799],[-89.95107049970001,44.5298245280513],[-89.95106465811534,44.52981978196441],[-89.95105212007697,44.529819201629216],[-89.95104592229512,44.529818911491525],[-89.95103381168403,44.52981387523401],[-89.95102754266028,44.52981365693749],[-89.9510217010691,44.52980891084732],[-89.95100959045033,44.52980387458618],[-89.95100374885638,44.529799128494105],[-89.95081660366235,44.529647756155754],[-89.95081111823558,44.529638625944344],[-89.95080527661138,44.529633879825454],[-89.95079943498632,44.52962913370578],[-89.95079394955708,44.529619931617],[-89.95079437699314,44.52961554755176],[-89.95078896280253,44.52960634549066],[-89.95078931899933,44.52960188952063],[-89.95079010263221,44.52959297760989],[-89.95093108505246,44.528018778039296],[-89.95093186868245,44.528009865827045],[-89.95093265231243,44.5280009536131],[-89.95093934878612,44.52799678770619],[-89.95094013241595,44.52798787548971],[-89.95094675764928,44.5279837095507],[-89.95095338288145,44.52797954361094],[-89.9509604355467,44.52797099345101],[-89.95096713201553,44.52796682753981],[-89.9509737572442,44.52796266159737],[-89.95098038247171,44.527958495654175],[-89.95099327672844,44.527954619893],[-89.95099954575777,44.52795491007541],[-89.95101244000803,44.52795103431177],[-89.95101863779529,44.52795125258722],[-89.95103117584462,44.52795183294897],[-89.95103744486775,44.52795212312931],[-89.95194323669617,44.52799325990291],[-89.95210330637335,44.52620553560134],[-89.94877361972223,44.526264329543544]]]}"
2_027c00000000000018c9,1,0.02,"{""type"":""Polygon"",""coordinates"":[[[-89.95231067646556,44.52620152502293],[-89.95214583478669,44.52804257931235],[-89.95236766564514,44.52822681599003],[-89.95363586667936,44.528284332944395],[-89.95364840387272,44.5282849130154],[-89.95365460123382,44.528285203021575],[-89.95366086982796,44.52828549305622],[-89.95462458274702,44.52852112485637],[-89.95462892791265,44.52847225181521],[-89.95462935530595,44.52846779575364],[-89.95463640729494,44.52845917358117],[-89.95463719084918,44.52845026142685],[-89.95464381544359,44.52844609531479],[-89.95464424283674,44.52844171112541],[-89.95465129482298,44.528433088947224],[-89.95465791941493,44.52842892283282],[-89.95466454400574,44.52842475671767],[-89.95498394764932,44.52822039848461],[-89.95499684055942,44.528216522293974],[-89.95500346509165,44.528212356140344],[-89.95500973346519,44.528212646101565],[-89.95501635799518,44.52820847994684],[-89.95502925089438,44.52820460375157],[-89.95503551926369,44.528204893711425],[-89.95631574097749,44.52805754153265],[-89.95663199680668,44.52760750433969],[-89.95678841426569,44.52698058478733],[-89.95678926900415,44.526971672364304],[-89.9567963205957,44.526963049783774],[-89.95679667673666,44.52695866542094],[-89.95680372832685,44.52695004283757],[-89.95712176081867,44.52662060498052],[-89.95716428366401,44.52614478927129],[-89.95231067646556,44.52620152502293]]]}"
2_027c00000000000018cb,1,0.02,"{""type"":""Polygon"",""coordinates"":[[[-89.96421765055557,44.52645987785082],[-89.96371166893896,44.526436933498275],[-89.96369913503784,44.526436354506494],[-89.96369286808576,44.52643606501008],[-89.96368040539389,44.5264354860388],[-89.96367456573118,44.52643081213018],[-89.96366245911051,44.52642577684484],[-89.96346889509083,44.52634557146709],[-89.96346262810107,44.52634528195752],[-89.96345059262923,44.52634024666333],[-89.96344468171563,44.526335572710806],[-89.96343926931202,44.526326370604245],[-89.96343342961254,44.52632162479449],[-89.96342758991214,44.52631687898396],[-89.96342837328665,44.526308038240224],[-89.9634225335855,44.52630329242807],[-89.9634233169601,44.52629437980378],[-89.96341747725818,44.52628963398998],[-89.96341826063288,44.526280793241185],[-89.96342459884576,44.52620963594447],[-89.96219389763844,44.52615389036224],[-89.96209205553798,44.526381422677645],[-89.96209127213616,44.526390335276226],[-89.96208457761084,44.5263945019784],[-89.96208422151904,44.52639895828841],[-89.96207717090063,44.52640758129859],[-89.96207054759124,44.52641174802198],[-89.9620638530623,44.52641591472104],[-89.9620572297506,44.526420081442936],[-89.96204433921595,44.526423958577354],[-89.96203807199312,44.52642366899028],[-89.96203144867697,44.52642783570998],[-89.96201855813365,44.52643171284086],[-89.96201229090659,44.52643142325243],[-89.96199982766794,44.526430844098165],[-89.96199356043782,44.526430554508714],[-89.96155000886604,44.526410496398974],[-89.96146554261851,44.52651382825972],[-89.96146511530144,44.52651828453252],[-89.96145849188622,44.52652245121067],[-89.96145144115263,44.526531074159585],[-89.96143855041413,44.5265349512166],[-89.96143192699432,44.526539117891716],[-89.9614256596713,44.526538828271846],[-89.96141276892413,44.52654270532531],[-89.96140614549986,44.52654687199826],[-89.96139361084435,44.526546292755434],[-89.96138734351506,44.5265460031335],[-89.96137488007308,44.52654542391261],[-89.96136241662704,44.526544844690356],[-89.96135614929266,44.52654455506671],[-89.96085646851436,44.526450513198995],[-89.9608502010972,44.52645022354708],[-89.96083816480453,44.526445187989594],[-89.96083225348782,44.526440513912725],[-89.96081978986524,44.52643993463011],[-89.96081394976642,44.52643518869832],[-89.9608081096667,44.526430442765744],[-89.96080262566981,44.526421312406775],[-89.96046852770336,44.526089120905716],[-89.95992019049021,44.526189344386886],[-89.9599134955855,44.52619343910171],[-89.95990103166402,44.52619293159424],[-89.95989476409055,44.52619264188844],[-89.95736457489058,44.526149392286925],[-89.95731963054214,44.526651945551066],[-89.95731927440605,44.52665640182166],[-89.9573184196794,44.526665242431065],[-89.9573180635433,44.52666969870039],[-89.95731101204774,44.52667832136698],[-89.95731058468434,44.52668277760851],[-89.9573039605509,44.526686944031546],[-89.95697930538161,44.52702047642735],[-89.95682951291836,44.52764330127489],[-89.95682872940893,44.52765214172162],[-89.95682210519219,44.527656308030686],[-89.9568213216826,44.52766522035083],[-89.95654930043307,44.52804138649377],[-89.95718543822778,44.52801215700398],[-89.95719790303261,44.528012736662994],[-89.95720417104724,44.52801302650529],[-89.95880960375527,44.52815722156273],[-89.95882206803178,44.52815772916797],[-89.95882797965866,44.52816247505287],[-89.95884044392919,44.52816305453122],[-89.95884628432886,44.52816780038905],[-89.95885839247164,44.528172764121706],[-89.95886466021466,44.52817305387211],[-89.95887050061062,44.5281777997277],[-89.95887591365974,44.528187001687165],[-89.958881754054,44.528191747540774],[-89.95888766567167,44.52819642154403],[-89.95889350606413,44.52820116739608],[-89.9588927225969,44.52821007962713],[-89.95889856298858,44.52821482547754],[-89.95889770829717,44.528223665805406],[-89.95889735217574,44.5282281219318],[-89.9588970672786,44.52935331245466],[-89.9592188572526,44.52961346443539],[-89.96139888109775,44.52964526853036],[-89.96142473381668,44.52935620356263],[-89.96142551723213,44.52934729153164],[-89.96143214065305,44.52934312510624],[-89.96143292406835,44.52933421307272],[-89.96143961870754,44.52933011854306],[-89.9614404021227,44.529321206507035],[-89.96144702554103,44.52931704007844],[-89.96145364895824,44.5293128736491],[-89.96146034359381,44.52930870724295],[-89.9614669670087,44.52930454081209],[-89.96147359042246,44.52930037438048],[-89.96179286609498,44.529167515243465],[-89.96179913335793,44.52916773295351],[-89.96181202397507,44.52916385607354],[-89.96181864732918,44.52915968960947],[-89.96183111062678,44.52916026875004],[-89.96183737788347,44.529160558331675],[-89.96184991239377,44.52916113749391],[-89.96295563947596,44.52921123676127],[-89.96296817362035,44.52921174392692],[-89.96297436947431,44.52921203342299],[-89.96298690361257,44.52921261246013],[-89.96299274338014,44.529217358000544],[-89.96300485021249,44.529222393057545],[-89.96301068997732,44.52922706672252],[-89.96302279680401,44.529232101776586],[-89.96302863656611,44.52923684731321],[-89.9630344763273,44.52924159284905],[-89.96304031608761,44.52924626651062],[-89.96303953270518,44.52925517857193],[-89.96311124773933,44.52936559923242],[-89.96423645115115,44.529479084355216],[-89.96421765055557,44.52645987785082]]]}"
2_027c00000000000018ce,1,0.02,"{""type"":""Polygon"",""coordinates"":[[[-89.95085842111081,44.52441664603103],[-89.9496528207348,44.524361924525905],[-89.94864053738125,44.52445887397808],[-89.94863433920958,44.524458583676996],[-89.94862180037644,44.524458003009926],[-89.94860933278262,44.52445742237344],[-89.94860306336248,44.5244571320387],[-89.94859095197977,44.524452166829136],[-89.9480161556061,44.524287659554794],[-89.9473289961806,44.52425643693358],[-89.94729030970063,44.52468777585796],[-89.94728995347135,44.52469223228335],[-89.94728290013096,44.52470085469454],[-89.94728247265573,44.52470531108589],[-89.94727541931397,44.52471393349421],[-89.94727506308455,44.52471831803664],[-89.9472683659709,44.524722484020096],[-89.94707635780009,44.52490576211253],[-89.94720759317332,44.52533149490509],[-89.94923783694927,44.52542362711242],[-89.95045000445286,44.52533574591513],[-89.95045662977088,44.52533157976904],[-89.95046909676407,44.52533216019362],[-89.95047536587909,44.52533245042079],[-89.95048120755354,44.525337196991096],[-89.95085129718754,44.52540751062254],[-89.95085842111081,44.52441664603103]]]}"
2_027c00000000000018d1,1,0.02,"{""type"":""Polygon"",""coordinates"":[[[-89.95660393276881,44.52546748045819],[-89.95659766465602,44.52546719056745],[-89.95658555579885,44.52546222631],[-89.95657928768306,44.52546193641821],[-89.9565672500487,44.525456900305954],[-89.95656133807306,44.525452154031065],[-89.95655549732514,44.5254474796617],[-89.95654345968332,44.5254424435454],[-89.95653797507602,44.52543324091103],[-89.95653840244805,44.52542878455382],[-89.95653249046795,44.52542411015395],[-89.95652707708777,44.52541490754249],[-89.95652750445993,44.52541045118358],[-89.95652201985035,44.52540124854219],[-89.9564802798089,44.52488592653441],[-89.9560680054217,44.52486722415085],[-89.95605554024935,44.524866644330295],[-89.95604927204688,44.524866354405845],[-89.95603716301643,44.524861390026956],[-89.95602469783405,44.524860810202966],[-89.95601885700435,44.52485606386718],[-89.95601301617374,44.52485131753063],[-89.95600090713185,44.52484635314632],[-89.95599506629851,44.524841606807875],[-89.9559891542346,44.52483686044129],[-89.95598331339947,44.52483211410128],[-89.95597789994173,44.52482298322817],[-89.95597825609029,44.5248185267878],[-89.95587832067474,44.5246041408727],[-89.9558716250638,44.524608307369924],[-89.95586457330211,44.52461685844537],[-89.9558579489187,44.524621024968106],[-89.95585132453418,44.524625191490074],[-89.95584470014849,44.5246293580113],[-89.95583180752361,44.52463323459399],[-89.95582511190456,44.52463740108591],[-89.9558126466532,44.52463689311665],[-89.955806378411,44.524636603177505],[-89.95579348577321,44.52464047975527],[-89.95578102051158,44.524639899902034],[-89.9554811407096,44.52462627026094],[-89.95546867534637,44.524625762254104],[-89.95546283443191,44.52462101586624],[-89.95545029783204,44.52462043594908],[-89.95544410076127,44.52462014601768],[-89.95543199153963,44.52461510966821],[-89.95542615061959,44.52461043515799],[-89.95542030969865,44.5246056887664],[-89.95541439754608,44.524600942346325],[-89.95540855662335,44.52459619595318],[-89.95540271569973,44.52459144955926],[-89.95539730216,44.52458231861195],[-89.95539146123465,44.52457757221605],[-89.95539224477348,44.52456865931972],[-89.95538640384738,44.52456398480285],[-89.95538718738631,44.52455507190397],[-89.95538754354035,44.524550615440035],[-89.95539395431265,44.524479455998176],[-89.9551940089426,44.52447039290275],[-89.95518197087313,44.52446535653865],[-89.95517570252775,44.524465066563906],[-89.95516316583397,44.524464558494216],[-89.95515112775482,44.52445952212624],[-89.95514485940441,44.52445923214977],[-89.9551390184406,44.524454485728576],[-89.95512690912258,44.52444952120994],[-89.95512106815605,44.524444774786836],[-89.95511522718861,44.52444002836296],[-89.95510974237693,44.524430825463874],[-89.95510390140778,44.524426150918885],[-89.9551043287958,44.52442169447152],[-89.95509884398254,44.52441249156831],[-89.95509927137063,44.524408035119656],[-89.9551000549154,44.52439919407408],[-89.95510083846018,44.52439028114591],[-89.95510440002714,44.52435024484308],[-89.95499627070714,44.52436766951307],[-89.95496877532415,44.524674517571036],[-89.9549684191662,44.52467897402189],[-89.95496756438713,44.52468781498589],[-89.95496720822918,44.52469227143549],[-89.95496015630107,44.52470089432032],[-89.95495972891145,44.52470535074065],[-89.95495310437167,44.524709517203135],[-89.9546210211355,44.525056136189676],[-89.95461439653715,44.5250603026014],[-89.95460777193769,44.525064469012364],[-89.95460071994343,44.52507309180666],[-89.95458782690008,44.525076968212524],[-89.9545811310637,44.52508113459224],[-89.95456866540776,44.52508055461241],[-89.95456204080038,44.52508472101892],[-89.95454950390587,44.5250841410088],[-89.95454287929516,44.525088307413895],[-89.95453041362677,44.52508772742997],[-89.95352459890864,44.52504211150847],[-89.9535121329091,44.5250415314131],[-89.95350629169647,44.52503685684742],[-89.95349382569096,44.525036276749994],[-89.95348791324122,44.525031530274],[-89.95347544722975,44.525030950174504],[-89.95346960601154,44.525026203725936],[-89.95346376479243,44.52502152915657],[-89.95345165494514,44.525016492640695],[-89.95326452170079,44.52486510888991],[-89.95325903662427,44.52485590598558],[-89.9532531953731,44.524851231388524],[-89.95324735412102,44.524846484910476],[-89.95324813770367,44.52483757208003],[-89.95324229645082,44.52483282560034],[-89.95324308003357,44.524823984647604],[-89.95324350744234,44.52481952824501],[-89.95323802236281,44.52481032533074],[-89.95327584802516,44.52438789838621],[-89.9510529037045,44.52441651361401],[-89.95099847717329,44.526075040783184],[-89.95199801807169,44.526120387738395],[-89.95259754488816,44.52600915392299],[-89.95260381365516,44.526009444029455],[-89.95261670736586,44.52600556792422],[-89.95262297612972,44.526005858029656],[-89.9543468472863,44.52601705194317],[-89.95437911570554,44.52565688052426],[-89.95437989926506,44.525647967839795],[-89.95438068282454,44.525639055153626],[-89.95438730746328,44.52563488880683],[-89.95438816225528,44.52562604802552],[-89.9543947868927,44.525621881677125],[-89.954401411529,44.52561771532798],[-89.95440846355991,44.525609092646015],[-89.95441508819384,44.52560492629495],[-89.95442178405924,44.525600759971454],[-89.95442840869084,44.52559659361886],[-89.95443503332133,44.52559242726553],[-89.9544475702533,44.52559300728197],[-89.95445419488047,44.5255888409272],[-89.95446666057364,44.525589420913285],[-89.95447292903496,44.52558963904087],[-89.95448582211695,44.52558576269033],[-89.95449793163755,44.525590799035854],[-89.95547900379047,44.52570223742212],[-89.95587226613299,44.52565315242528],[-89.95587853436443,44.52565337047561],[-89.9558914269736,44.52564949397198],[-89.95590389219933,44.525650073800826],[-89.95590973304655,44.52565482006224],[-89.95592219826632,44.52565539988903],[-89.9559284664896,44.5256556898156],[-89.95594057555438,44.5256606541221],[-89.95594641639602,44.52566540038058],[-89.95595852545512,44.525670436563125],[-89.95596436629403,44.52567518281971],[-89.95597020713204,44.52567985719654],[-89.95597604796917,44.52568460345158],[-89.95598153265688,44.52569380606358],[-89.95598110527864,44.52569826239353],[-89.95598658996562,44.52570739312369],[-89.95598616258745,44.52571184945237],[-89.95599164727372,44.52572105205855],[-89.95599086374715,44.5257299647403],[-89.95596579088875,44.52601006629002],[-89.95727696541458,44.52600704052264],[-89.95731671022608,44.52556234118206],[-89.95660393276881,44.52546748045819]]]}"
2_027c00000000000018d3,1,0.02,"{""type"":""Polygon"",""coordinates"":[[[-89.96162436179993,44.5238241414136],[-89.96041247644808,44.52376924277287],[-89.96037394561388,44.5242005906923],[-89.96037351828463,44.52420504718052],[-89.96036646735136,44.52421367048823],[-89.96036611124359,44.52421812699982],[-89.96035906030895,44.52422675030467],[-89.96035863297955,44.52423120679035],[-89.96035158204353,44.524239758211166],[-89.9603449584358,44.52424392502714],[-89.96033833482691,44.524248091842374],[-89.96033163999527,44.52425225863219],[-89.96031874887997,44.52425613575147],[-89.96031212526655,44.52426030256409],[-89.960305501652,44.524264469375964],[-89.96029296663636,44.524263889984695],[-89.9602863430185,44.52426805679514],[-89.95996377856463,44.524298134629404],[-89.96002816347274,44.52435012709469],[-89.96003400369135,44.52435487327719],[-89.96003984390907,44.52435961945891],[-89.96003906046528,44.52436853242706],[-89.96004490068223,44.524373206726175],[-89.9600507408983,44.52437795290549],[-89.96004995745473,44.52438686587024],[-89.96004917401115,44.524395778833295],[-89.96004874667828,44.52440016342085],[-89.96000102781116,44.5249338595979],[-89.960539392896,44.525226094191],[-89.96054523303668,44.52523084025894],[-89.96055114439768,44.525235586350625],[-89.96055698453657,44.525240332417006],[-89.96056239734743,44.525249462992804],[-89.96056823748461,44.525254209057216],[-89.96057407762089,44.52525895512085],[-89.96057329418802,44.525267867922],[-89.96057913432354,44.525272613983994],[-89.96057835089078,44.52528145490301],[-89.960577567458,44.5252903676999],[-89.9605704453411,44.52537043901229],[-89.96103380750701,44.52544944916853],[-89.96131327500031,44.52527013272675],[-89.96132616578096,44.52526625557929],[-89.96133278921904,44.52526208879728],[-89.961339412656,44.52525792201451],[-89.96135194732925,44.52525850127904],[-89.96135857076288,44.52525433449485],[-89.96137103421016,44.525254841853716],[-89.96137772886017,44.525250675092096],[-89.96139019230124,44.52525125432852],[-89.96158383804448,44.52526001683519],[-89.96162436179993,44.5238241414136]]]}"
2_027c00000000000018d4,1,0.02,"{""type"":""Polygon"",""coordinates"":[[[-89.94578442773691,44.524623890406204],[-89.94477268352179,44.524644899615566],[-89.944766484725,44.52464460910614],[-89.94475394462721,44.52464402801761],[-89.94474190327948,44.52463906245497],[-89.9447356332271,44.52463877190949],[-89.94472352062299,44.52463373442945],[-89.9447172505676,44.524633443882934],[-89.94471140801505,44.52462869694759],[-89.94469936665396,44.52462373137887],[-89.94469352409871,44.52461898444163],[-89.94468761029185,44.52461423746923],[-89.94468219523901,44.524605034139825],[-89.94467635268113,44.52460035908044],[-89.9446767089347,44.52459590265458],[-89.9446712938803,44.52458669932106],[-89.94467172138462,44.52458224292833],[-89.94467250514253,44.52457340198784],[-89.94467286139611,44.52456894555944],[-89.94470513795768,44.52420869391301],[-89.94470599296557,44.52419985293633],[-89.94470634921885,44.52419539647238],[-89.94470713297603,44.52418648357756],[-89.94471383053694,44.52418231769652],[-89.944714614294,44.52417340479918],[-89.94472124060296,44.52416923888217],[-89.94472786691078,44.52416507296442],[-89.94473456446806,44.52416090708026],[-89.94474119077358,44.52415681304227],[-89.94475408712836,44.52415286578874],[-89.9447607134305,44.52414877174892],[-89.94476733973151,44.52414460582707],[-89.94477987982489,44.52414511503894],[-89.94478650612258,44.524140949115655],[-89.94479897495921,44.52414153017245],[-89.94481151504225,44.524142111262215],[-89.9448177138318,44.524142401772274],[-89.94580544608375,44.524249760482164],[-89.94585197140037,44.52268015957845],[-89.9418231543432,44.52256410596248],[-89.93696853151272,44.52263363816555],[-89.9369560601311,44.522633128120624],[-89.93694978880625,44.522632837136236],[-89.93594379802126,44.52252006883231],[-89.93581166890762,44.52301419331935],[-89.9358125241137,44.52517085074369],[-89.9363247891324,44.52519413800713],[-89.93633726071913,44.52519471997312],[-89.93634353214406,44.52519501097541],[-89.93635557612772,44.525199977362696],[-89.93636184754969,44.52520026836394],[-89.9370482057293,44.525450284894596],[-89.93706067708098,44.52545086677862],[-89.93706652079867,44.52545561402116],[-89.93707236451543,44.52546028938362],[-89.93707820823133,44.52546503662461],[-89.93708405194633,44.525469783864835],[-89.93708953933644,44.52547898742273],[-89.93709538304972,44.52548366278171],[-89.93710122676211,44.52548841001916],[-89.93710044284953,44.52549732261399],[-89.93710628656115,44.52550206984981],[-89.93710550264866,44.525510910562865],[-89.93710471873617,44.52551982315345],[-89.93705397818401,44.52608461859863],[-89.94038368466504,44.52602609305664],[-89.94039615493274,44.52602667457011],[-89.94260760374674,44.526127211093524],[-89.94462562214117,44.52607594836963],[-89.9446380910301,44.52607652942028],[-89.94464436109843,44.526076819962306],[-89.94573163244877,44.52619320771212],[-89.94578442773691,44.524623890406204]]]}"
2_027c00000000000018d5,1,0.02,"{""type"":""GeometryCollection"",""geometries"":[{""type"":""LineString"",""coordinates"":[[-89.94799892697839,44.52363941442341],[-89.947986433392,44.52363884726519],[-89.94788648470838,44.52363430995709]]},{""type"":""Polygon"",""coordinates"":[[[-89.95495830427933,44.52395067124032],[-89.95372740234335,44.52382791010035],[-89.95371529257933,44.52382287348446],[-89.95370275540785,44.523822293366145],[-89.95369691422428,44.52381761868889],[-89.95368444828078,44.523817038597294],[-89.95367860709442,44.52381229203675],[-89.95367276590717,44.52380754547544],[-89.95366065612589,44.523802580733424],[-89.95365481493592,44.52379783417021],[-89.95364932991525,44.52378863107545],[-89.95364348872354,44.523783884510244],[-89.95349710246994,44.52352720625544],[-89.95335342257182,44.523520678462624],[-89.95334722516202,44.523520460293234],[-89.95333468787015,44.52351988013091],[-89.9533288466305,44.52351513352253],[-89.95331638056729,44.52351455338714],[-89.95331053932483,44.52350980677728],[-89.95329842942913,44.52350484196552],[-89.95329216077573,44.52350455188177],[-89.95328674693788,44.52349534874123],[-89.95328090569092,44.523490602127914],[-89.95327506444308,44.52348592739613],[-89.95326915195957,44.52348118075223],[-89.95327000677653,44.52347226769154],[-89.95326409429227,44.523467521045994],[-89.95326494910931,44.5234586798651],[-89.95325910785904,44.52345393324697],[-89.95325989144143,44.52344502015213],[-89.95328496607,44.523164903900906],[-89.95066144414494,44.523184291097536],[-89.95065517506032,44.5231840008674],[-89.95064270812766,44.52318342043679],[-89.95004357818506,44.5230802964765],[-89.95003103981277,44.523079787829886],[-89.95002484186587,44.52307949759565],[-89.95001273093222,44.52307446050801],[-89.95000688918638,44.523069713685246],[-89.95000104743967,44.52306496686168],[-89.94998893649851,44.523060001652944],[-89.94998309474907,44.5230552548275],[-89.94997725299872,44.523050508001276],[-89.94997176745186,44.523041376467155],[-89.9499721948971,44.52303691990774],[-89.94996670934951,44.523027716487725],[-89.9499671367948,44.52302325992702],[-89.9499679204445,44.52301434677326],[-89.94996207869184,44.523009671825164],[-89.94997882029767,44.522822854727124],[-89.94975070638424,44.52263837383175],[-89.94841405411275,44.52250630467294],[-89.94829137214862,44.52254535416581],[-89.94826985645591,44.52278550746699],[-89.94826280329573,44.52279413028888],[-89.94826244707549,44.522798586897046],[-89.94826159214689,44.522807428164434],[-89.94825453898521,44.52281605098178],[-89.94825418276488,44.522820507587845],[-89.9482475570663,44.522824673829284],[-89.94824050390204,44.52283329664259],[-89.94823380695698,44.52283746284992],[-89.94822718125486,44.52284162908867],[-89.94821428606792,44.52284550496078],[-89.94820766036244,44.52284967119768],[-89.94820139087662,44.522849380831104],[-89.948188495681,44.52285325669966],[-89.94818229743626,44.52285296636427],[-89.94816975845532,44.52285238562803],[-89.94815729071452,44.52285180492264],[-89.94806980268226,44.52284788361642],[-89.94809352706253,44.52356334331523],[-89.94809274337452,44.52357225635181],[-89.9480923871527,44.52357671288559],[-89.9480915322203,44.5235855540052],[-89.94809117599847,44.523590010537724],[-89.94808412280544,44.52359863320081],[-89.94807749707748,44.52360279936332],[-89.94807664214474,44.52361171236002],[-89.94807001641549,44.52361587852093],[-89.94806339068508,44.52362004468109],[-89.94805049544304,44.52362392047039],[-89.94804386970925,44.5236280866287],[-89.94803717272987,44.523632252753956],[-89.94802427747902,44.523636128539295],[-89.94801807920774,44.5236358381998],[-89.94800554017311,44.52363525745516],[-89.94799891443155,44.52363942360986],[-89.94801145346835,44.52364000435517],[-89.94801765174071,44.523640294695],[-89.94802976330449,44.52364526005095],[-89.94803560535155,44.52365000691642],[-89.9480414473977,44.523654753781095],[-89.94805355895397,44.523659719133],[-89.9480594009974,44.52366446599579],[-89.94806524303992,44.52366921285779],[-89.94807108508157,44.52367395971902],[-89.94807657090034,44.52368309122108],[-89.94813064535776,44.523779365624065],[-89.94989183510852,44.523653924450365],[-89.94989810431794,44.52365414283736],[-89.94991057149272,44.52365472334331],[-89.94992303866344,44.52365530384791],[-89.94992930786776,44.523655594115255],[-89.9499417750324,44.52365617461779],[-89.95023485909493,44.5237453640389],[-89.95024112824827,44.523745654288625],[-89.95025323910974,44.523750691280185],[-89.95025908081804,44.523755366139696],[-89.95026492252545,44.52376011288035],[-89.95027076423196,44.52376485962023],[-89.95027660593759,44.52376960635932],[-89.95028244764232,44.523774281215765],[-89.95028828934616,44.52377902795332],[-89.95029377484774,44.523788231210744],[-89.95029334740609,44.52379268770008],[-89.95029883290695,44.52380181907276],[-89.95029840546535,44.52380627556083],[-89.95029762182241,44.52381518856658],[-89.9502590095777,44.52424653259087],[-89.95195812527021,44.52432366703553],[-89.953583082201,44.52417856171023],[-89.95358935080682,44.52417885177393],[-89.95360181678126,44.52417943187145],[-89.95500738282523,44.52424317587104],[-89.95501293888307,44.524180857044605],[-89.95495830427933,44.52395067124032]]]}]}"
2_027c00000000000018d8,1,0.02,"{""type"":""Polygon"",""coordinates"":[[[-89.9692238377044,44.52251608238135],[-89.9651572417541,44.522541946514515],[-89.96503760431919,44.52289816469309],[-89.96518786318035,44.52346306541593],[-89.96518707984184,44.523471978589804],[-89.96518629650332,44.52348089176198],[-89.96511558233256,44.524272431838135],[-89.96511515505621,44.524276888337376],[-89.96511437171621,44.524285801356285],[-89.96510774893201,44.52428996844383],[-89.96510689437912,44.524298881438526],[-89.96510027159361,44.52430304852446],[-89.96509364880694,44.52430721560966],[-89.96508659874249,44.5243157673085],[-89.96507997595346,44.52431993439178],[-89.9650732819505,44.52432410145259],[-89.96506665915916,44.52432826853436],[-89.96506003636671,44.52433243561538],[-89.96504750290684,44.524331856745405],[-89.96504088011108,44.524336023825],[-89.96502841785784,44.524335516855736],[-89.96502172384587,44.52433961203115],[-89.9650092615864,44.52433910505984],[-89.96440330603262,44.524311675539636],[-89.96435879722581,44.524809722936055],[-89.96433771783687,44.526099159349215],[-89.96585554661053,44.526029468303165],[-89.96586181320875,44.52602968580527],[-89.96919756301891,44.52604227518834],[-89.9692238377044,44.52251608238135]]]}"
2_027c00000000000018df,1,0.02,"{""type"":""Polygon"",""coordinates"":[[[-89.96425347137937,44.52374225556889],[-89.96409081750858,44.523386675337804],[-89.96408490669377,44.52338192924196],[-89.96408576126946,44.52337301608091],[-89.96408611734266,44.52336855947745],[-89.96408690070369,44.52335964629154],[-89.9641242883703,44.52294165929925],[-89.96405777390574,44.52277343156855],[-89.96361980104598,44.52269113056291],[-89.96360769440798,44.52268609487109],[-89.96360142744095,44.522685805346725],[-89.96359558776616,44.52268105917745],[-89.96358348112054,44.522676095365554],[-89.96357764144304,44.52267134919438],[-89.96357180176464,44.522666603022444],[-89.96356596208537,44.52266185684973],[-89.9635601224052,44.52265718255982],[-89.96355428272413,44.52265243638556],[-89.96354879912036,44.5226432335399],[-89.9635492264142,44.522638776891505],[-89.9635437428097,44.52262964592656],[-89.96354417010359,44.52262518927691],[-89.9635449534757,44.52261627595366],[-89.96355328570532,44.52252290164244],[-89.96332696176458,44.52245906847248],[-89.96331485503403,44.52245403272484],[-89.96330858801907,44.52245374318302],[-89.96329648128271,44.52244877931678],[-89.96329064156146,44.522444033108016],[-89.96328480183931,44.52243928689849],[-89.96327931819697,44.52243008399818],[-89.9632734784731,44.52242540967061],[-89.96326763874833,44.52242066345833],[-89.9632684221261,44.522411750098165],[-89.96326258240056,44.52240700388423],[-89.96320247590552,44.52216768223681],[-89.96307749112628,44.52216203506024],[-89.96307129528901,44.522161745526596],[-89.96305876117836,44.522161166412374],[-89.9630524941215,44.52216087685474],[-89.96304045852078,44.522155841069115],[-89.9630345475439,44.52215116667911],[-89.96302208463784,44.52215058758372],[-89.96301624487475,44.522145841330854],[-89.96301076119397,44.52213663836021],[-89.96300492142915,44.52213196398976],[-89.96299908166344,44.52212721773413],[-89.96299324189684,44.522122471477736],[-89.96299402528021,44.52211355806288],[-89.96298818551284,44.52210888368928],[-89.96298896889633,44.522099970271874],[-89.96298312912818,44.522095224012205],[-89.96296041099733,44.52136637455123],[-89.9626168599401,44.52135087949118],[-89.96240776516808,44.52172533353692],[-89.96240114191585,44.52172950069513],[-89.96240035852034,44.521738414178785],[-89.96239373526683,44.52174258133541],[-89.96238704079437,44.52174674846791],[-89.96238041753855,44.52175091562303],[-89.96236752711266,44.52175479317979],[-89.96236090385348,44.52175896033305],[-89.96235420937528,44.52176312746218],[-89.96217374289459,44.52181748492493],[-89.9618639424942,44.52219635780095],[-89.96182192339636,44.52484218649435],[-89.96213428799432,44.524856306769976],[-89.96214048398315,44.52485659633784],[-89.96215301839429,44.52485717551959],[-89.9621592143801,44.524857465086434],[-89.96217132147589,44.52486250069872],[-89.96217716136779,44.524867174840004],[-89.96218969576691,44.524867754017606],[-89.96219553565602,44.52487250003763],[-89.96220137554424,44.524877246056874],[-89.96220685934088,44.524886376649114],[-89.96221269922738,44.52489112266638],[-89.96221853911297,44.524895868682876],[-89.96222402290718,44.52490507115082],[-89.96222359559856,44.52490952757915],[-89.96222281219943,44.52491836857788],[-89.96229723504544,44.525278942438604],[-89.96229638042985,44.52528785522443],[-89.96229602434,44.525292311640136],[-89.96226383380515,44.52565248813284],[-89.96226305040685,44.525661400870966],[-89.96226262309867,44.525665857227665],[-89.96225557251309,44.52567448038349],[-89.96225521642288,44.52567893676238],[-89.96224816583594,44.525687488036404],[-89.96224147133803,44.52569165481017],[-89.96223484805705,44.52569582160663],[-89.96222822477492,44.525699988402344],[-89.96222160149165,44.5257041551973],[-89.9622149069891,44.52570832196803],[-89.96220201650752,44.52571219917904],[-89.96219539321972,44.52571636597139],[-89.96218285882244,44.52571578680481],[-89.96217623553133,44.52571995359575],[-89.96216377234602,44.52571944632951],[-89.96215750514273,44.52571915674468],[-89.96185140798848,44.52570525451297],[-89.96184506951528,44.525776412486174],[-89.96195125660773,44.525781263669195],[-89.96195752384476,44.52578148138614],[-89.96196955978574,44.5257865168971],[-89.96197582701978,44.525786806491816],[-89.96198836148479,44.5257873856802],[-89.96199420140458,44.52579213161757],[-89.96200630855253,44.52579709526837],[-89.9620121484696,44.52580184120386],[-89.96201798838578,44.52580658713857],[-89.96202382830106,44.5258113330725],[-89.96202966821544,44.52581600712689],[-89.96203515203668,44.52582520942358],[-89.96203472472595,44.52582966576387],[-89.96204020854647,44.52583886805765],[-89.96203978123582,44.52584325251795],[-89.96204526505561,44.52585245480883],[-89.962044837745,44.52585691114657],[-89.96203572178429,44.52595919139789],[-89.96215081062898,44.52600458479935],[-89.9641495695337,44.52602808481026],[-89.96425347137937,44.52374225556889]]]}"
2_027c00000000000018e5,1,0.02,"{""type"":""Polygon"",""coordinates"":[[[-89.9618368081329,44.52109672179982],[-89.96182470093137,44.52109168574871],[-89.96181216641281,44.52109117837091],[-89.96180632646526,44.52108643194936],[-89.96180048651684,44.52108168552703],[-89.96178837930381,44.52107664947046],[-89.96178253935265,44.521071974932255],[-89.96177712671418,44.52106277171597],[-89.96177748280884,44.52105831490053],[-89.96162443301915,44.520805799307155],[-89.95783915835109,44.52077269551258],[-89.95765518049873,44.521777949265534],[-89.95765439700618,44.5217868627072],[-89.9576540408732,44.52179131944055],[-89.95764698943948,44.52179987113902],[-89.9576465620798,44.52180432784479],[-89.95763993800443,44.52180849472039],[-89.95763288656812,44.52181711829974],[-89.95762626249038,44.5218212851734],[-89.95761963841151,44.52182545204631],[-89.95761294310482,44.52182961889213],[-89.9576000510748,44.521833495905426],[-89.9575934269914,44.521837662775745],[-89.95758096231522,44.52183708308418],[-89.95757426700176,44.52184124992671],[-89.95725096744212,44.5218801632418],[-89.95729512837119,44.5234895804404],[-89.95920696289483,44.52364317031569],[-89.96162457545759,44.52368131212003],[-89.96166524160824,44.52217393548846],[-89.96166602501879,44.52216509397688],[-89.96166645233362,44.52216063729021],[-89.96166723574413,44.52215172389176],[-89.96167385912325,44.5221475568135],[-89.9616809098159,44.5221389330457],[-89.96201934153696,44.52172117991125],[-89.9620259648552,44.521717012774396],[-89.96202632094754,44.52171255602024],[-89.96203301548304,44.52170838890581],[-89.96203963879893,44.52170422176703],[-89.96205252933515,44.521700344243015],[-89.96205915264765,44.521696177102385],[-89.96206584717741,44.521692009984584],[-89.9622334236954,44.521641530097575],[-89.96243155189245,44.521248669359885],[-89.9618368081329,44.52109672179982]]]}"
2_027c0000000000001ab4,2,0.2,"{""type"":""Polygon"",""coordinates"":[[[-89.94236569377364,44.54239614434335],[-89.94236612130365,44.54239168964995],[-89.94236690510867,44.54238278022604],[-89.94241371961573,44.54074171575074],[-89.9408023984091,44.54086944479566],[-89.9407836575751,44.54086857284557],[-89.93594094734401,44.5407913102044],[-89.9358319800469,44.54417108110815],[-89.93794406605795,44.544267086946284],[-89.93935647698198,44.544188376315795],[-89.93936901884412,44.54418895775649],[-89.94239334070491,44.544326387140735],[-89.94250863104374,44.54304116744304],[-89.94236569377364,44.54239614434335]]]}"
2_027c0000000000001ab6,2,0.2,"{""type"":""Polygon"",""coordinates"":[[[-89.9458578850277,44.54081331032108],[-89.94262149838222,44.540733269113254],[-89.94260952761965,44.54296534184853],[-89.94362175640674,44.54301132686671],[-89.94363386935875,44.543016362493695],[-89.94364640982269,44.54301694347999],[-89.94365260880052,44.54301723393758],[-89.94417844947934,44.54317060849764],[-89.94445654360709,44.54293765458366],[-89.94446324121174,44.542933490382495],[-89.94447649391537,44.542925161908855],[-89.94448319151655,44.542920997705416],[-89.94448939035914,44.54292128811828],[-89.94449608795806,44.54291712391374],[-89.94450898439524,44.5429132501203],[-89.94451518323366,44.5429135405318],[-89.94452807966442,44.542909594883334],[-89.94577103298782,44.54283208594827],[-89.94596162272734,44.54175573843278],[-89.9458578850277,44.54081331032108]]]}"
2_027c0000000000001ab7,2,0.2,"{""type"":""Polygon"",""coordinates"":[[[-89.9531853798064,44.542007604088575],[-89.95271672252146,44.54198628662285],[-89.95270425625918,44.541985778500994],[-89.95269171875702,44.54198519849437],[-89.95268587741938,44.541980453719084],[-89.95267341114707,44.5419798737398],[-89.95266756980665,44.54197512896305],[-89.95266172846534,44.541970456039536],[-89.95264919094927,44.54196987602807],[-89.95264377702063,44.5419606764759],[-89.95263793567568,44.541955931695696],[-89.95263202309394,44.54195118688527],[-89.95262618174719,44.54194651395756],[-89.95262696534255,44.54193760437794],[-89.95262112399504,44.54193285959455],[-89.9526219075905,44.541923950012375],[-89.95262233500618,44.54191949523538],[-89.95261692107373,44.54191036752618],[-89.95264235230242,44.54162576304792],[-89.9524423925785,44.54161662657245],[-89.95243655120288,44.54161195360176],[-89.95242408484948,44.54161137359081],[-89.9524178160531,44.54161108357003],[-89.95240570587536,44.541606048721505],[-89.95239950831234,44.54160575872927],[-89.95238739812883,44.541600795732826],[-89.95238155674483,44.54159605090317],[-89.95237564412352,44.541591306043145],[-89.95236980273773,44.541586561211936],[-89.95236438876962,44.54157743342605],[-89.95235854738212,44.541572688592865],[-89.9523527059937,44.5415679437589],[-89.95235348959464,44.54155903410929],[-89.95234764820547,44.541554289273684],[-89.9523484318065,44.54154545147618],[-89.95234921540754,44.541536541822325],[-89.95235876109142,44.54142976961257],[-89.95192029830761,44.54114202253593],[-89.95190818797272,44.5411369875845],[-89.9519023465157,44.54113224268354],[-89.95189650505777,44.541127497781794],[-89.95189728866805,44.54111865990703],[-89.95189144720936,44.54111391500365],[-89.95188560574978,44.54110917009949],[-89.95188638936027,44.541100260366],[-89.95188717297073,44.5410913506308],[-89.9518875291573,44.54108689574762],[-89.95191345953073,44.540797831587085],[-89.95120734925187,44.54076584471778],[-89.95119488249878,44.540765264562594],[-89.95118861350139,44.540764974469326],[-89.95117614674218,44.54076439431208],[-89.95116403617222,44.54075943109735],[-89.9511581946018,44.54075468612028],[-89.95115235303051,44.54074994114243],[-89.95114024245302,44.54074490606776],[-89.95113440087898,44.540740232943904],[-89.95112855930407,44.54073548796338],[-89.95112271772824,44.540730742982085],[-89.95111723234527,44.54072154308455],[-89.95111217439404,44.54070796015457],[-89.95109849655073,44.54072074467647],[-89.95109144391087,44.54072929252183],[-89.95108481870255,44.54073345733732],[-89.95107812225426,44.540737622121625],[-89.95107149704364,44.5407417869356],[-89.95106487183187,44.54074595174882],[-89.95105197759923,44.54074982646042],[-89.95104535238409,44.54075399127179],[-89.951032386906,44.54075793780598],[-89.95102618912095,44.540757647734196],[-89.95101365106999,44.54075706752873],[-89.95100745328192,44.54075677745593],[-89.95050129720765,44.54073378164585],[-89.95048883022496,44.54073327326929],[-89.95048256111214,44.54073298313715],[-89.95047009412335,44.54073240290261],[-89.95046425244719,44.54072765788742],[-89.95045214165235,44.54072262273758],[-89.95044587253352,44.54072233260338],[-89.95030852158187,44.54064466866695],[-89.95030773793914,44.540653578476025],[-89.95030695429638,44.5406624882834],[-89.95030025771223,44.54066665302849],[-89.95029947406934,44.540675562833336],[-89.95029284872416,44.54067972760771],[-89.9502920650811,44.54068856555405],[-89.95028543973464,44.540692730326846],[-89.95027838694523,44.540701349983124],[-89.95027169035608,44.540705514723086],[-89.9502650650061,44.54070967949319],[-89.95025217050448,44.540713554117666],[-89.95024554515112,44.54071771888592],[-89.95003923249968,44.54077985633059],[-89.95002669412595,44.54077927601729],[-89.95002006873365,44.54078344076666],[-89.95000753035366,44.540782860451294],[-89.95000133240295,44.54078257032418],[-89.94999506321041,44.54078228016564],[-89.9499825960631,44.54078169987862],[-89.94869553720558,44.540651862115915],[-89.94717681488507,44.54079725527363],[-89.94717011775424,44.54080141982346],[-89.94715764968845,44.540800839228964],[-89.94617664956559,44.540756335084524],[-89.94605431668451,44.540790983940546],[-89.94607683109378,44.541309934390476],[-89.94613625197124,44.54127690901031],[-89.9461429492826,44.54127274456326],[-89.9461495753448,44.54126858008196],[-89.94615620140587,44.54126441559992],[-89.94616874104517,44.5412649963313],[-89.94617536710294,44.54126083184782],[-89.94618783548806,44.54126141254369],[-89.94619410530306,44.541261702907846],[-89.94620700116931,44.54125782878607],[-89.94681310199222,44.54128534474694],[-89.94681894422462,44.54129008989196],[-89.94683141240051,44.54129059866231],[-89.94683768211031,44.541290888991014],[-89.94684979404676,44.54129592446224],[-89.94685606375353,44.54129621478992],[-89.94686810443754,44.54130125022559],[-89.94687401790819,44.541305923544186],[-89.9468798601313,44.54131066868402],[-89.94688570235353,44.54131541382307],[-89.94689111709528,44.541324613773604],[-89.9468969593158,44.54132935891067],[-89.9469028015354,44.541334032191976],[-89.94690201782306,44.54134294184653],[-89.94690786004192,44.54134768698119],[-89.94690707632968,44.541356596633186],[-89.94690672009685,44.54136105147506],[-89.94690586513802,44.54136988923656],[-89.94673537171799,44.542152519380785],[-89.9467283182756,44.542161138549716],[-89.9467279620411,44.54216559331462],[-89.9467271070783,44.54217450277693],[-89.94672048111586,44.54217866721122],[-89.94671342767073,44.542187214520744],[-89.94670680170594,44.542191378953106],[-89.94670017574,44.54219554338471],[-89.94669347852596,44.54219970778243],[-89.9466868525577,44.542203872212525],[-89.94668022658833,44.54220803664187],[-89.9466673308812,44.542211910738395],[-89.94666106114356,44.542211692259635],[-89.94664816542998,44.5422155663537],[-89.94664189568921,44.54221527602026],[-89.94602396495993,44.54224969195381],[-89.94596917504892,44.543841339750095],[-89.94613789067519,44.543848963536455],[-89.94653046512552,44.543598889191564],[-89.94654336087866,44.54359501522518],[-89.9465499868717,44.543590850926975],[-89.9465566841108,44.54358668666123],[-89.94656957985515,44.543582812690886],[-89.94657577836055,44.54358310298669],[-89.94658831786269,44.54358361179215],[-89.94659494384794,44.54357944749033],[-89.94660741209668,44.543580028112096],[-89.94701985947997,44.54359875721631],[-89.94716548675886,44.54295344965684],[-89.94717254012085,44.542944830606544],[-89.94717339507373,44.54293592128715],[-89.9471800209579,44.54293175689389],[-89.9471803771882,44.54292737405286],[-89.94718743054746,44.542918754996855],[-89.94719412767525,44.54291459063408],[-89.94720075355585,44.54291042623773],[-89.9474998431889,44.54272302804594],[-89.94762388134481,44.54238932707271],[-89.9476309346225,44.542380707890445],[-89.94763129084859,44.54237625314312],[-89.94763834412493,44.542367633957994],[-89.94764504117396,44.542363469519856],[-89.94765166697665,44.54235930504843],[-89.9476582927782,44.54235514057624],[-89.94766534604955,44.542346521385575],[-89.94767197184873,44.542342356911455],[-89.94768451099243,44.542342937463566],[-89.94769113678831,44.542338772988025],[-89.94770367592575,44.542339353538075],[-89.94845915139113,44.54223967567421],[-89.94858090665356,44.541861204062954],[-89.94858169033158,44.54185229449518],[-89.94858838721588,44.54184812995604],[-89.94859536907273,44.541839510582825],[-89.94859579653331,44.54183505581301],[-89.94860284963224,44.54182650832315],[-89.94860947526944,44.54182234374853],[-89.94862237032349,44.54181846940087],[-89.94862906720068,44.54181430485635],[-89.94863569283335,44.541810140279125],[-89.9486485878786,44.54180619407325],[-89.94865485729129,44.541806484299265],[-89.94866775233008,44.541802609945194],[-89.94867395049636,44.54180290013828],[-89.94868648931244,44.54180348058723],[-89.94869268747568,44.541803770779296],[-89.95079822391757,44.54204217181286],[-89.9508103346031,44.54204720678464],[-89.95081653242305,44.5420474968602],[-89.95082864310278,44.542052531829476],[-89.95083491215902,44.54205275008069],[-89.95084075377869,44.542057494943045],[-89.95085286445077,44.54206252990868],[-89.9508587060677,44.54206727476914],[-89.95086454768375,44.54207201962881],[-89.95087003310287,44.54208114741985],[-89.95087587471721,44.54208589227755],[-89.95087501984686,44.542094801786334],[-89.9508809326996,44.54209954667292],[-89.95101600195486,44.542552137648066],[-89.95184685262959,44.54252288625467],[-89.95185305028195,44.54252317627121],[-89.95186558805838,44.5425237563631],[-89.95187805459341,44.542524264570524],[-89.95188389605414,44.542529009332036],[-89.9518964338205,44.542529589420475],[-89.95190227527841,44.5425343341805],[-89.95191438561517,44.54253936898276],[-89.95192022707036,44.54254404188775],[-89.95192606852467,44.5425487866451],[-89.95218387523703,44.5427525258289],[-89.95269000909732,44.5427754413665],[-89.95288127680364,44.542601061278326],[-89.95288170421642,44.542596606564636],[-89.95289459783366,44.54259273179958],[-89.95290122272922,44.54258856704443],[-89.95290784762365,44.54258440228854],[-89.95291454375233,44.542580237561154],[-89.95292743735853,44.542576362791046],[-89.9529336348362,44.54257665274874],[-89.95294659967131,44.542572778005436],[-89.95342743523905,44.54252756323356],[-89.9535869288456,44.54242768007783],[-89.9536004633328,44.54227643408094],[-89.9531853798064,44.542007604088575]]]}"
2_027c0000000000001aba,2,0.2,"{""type"":""Polygon"",""coordinates"":[[[-89.95488201515215,44.540575279154886],[-89.95449522480386,44.54069167677034],[-89.95448233172502,44.54069555187296],[-89.95447606326525,44.54069526195929],[-89.95446317017996,44.54069913705945],[-89.9544506332531,44.54069855722972],[-89.9544444360207,44.5406983391986],[-89.9544318990877,44.54069775936679],[-89.95442605801524,44.540693014550115],[-89.95404460556394,44.54060871880643],[-89.95325803933756,44.540635562305255],[-89.9533141722928,44.54091941577132],[-89.95331338871152,44.54092832554905],[-89.95331296130352,44.54093278042278],[-89.9533121777222,44.540941690197954],[-89.95331139414087,44.54095059997145],[-89.9533046980815,44.54095476486682],[-89.95330391450001,44.540963602782206],[-89.95329728967404,44.54096776770501],[-89.95329023743868,44.54097638749656],[-89.95328361261036,44.540980552417444],[-89.95327691654614,44.540984717308525],[-89.95327029171551,44.5409888822279],[-89.95326366688373,44.540993047146515],[-89.95325077339062,44.54099692208545],[-89.95310267599599,44.54103932816541],[-89.95305530465471,44.541568521127715],[-89.95305452106811,44.54157743078039],[-89.95305366624638,44.54158634040219],[-89.95304704137715,44.54159050525519],[-89.95304625779039,44.54159941490363],[-89.9530396329199,44.541603579755034],[-89.95303293681306,44.541607744576496],[-89.95302588452908,44.54161636423413],[-89.95301925965506,44.54162052908285],[-89.9530126347799,44.54162469393082],[-89.95300600990358,44.541628786923496],[-89.95299311632382,44.54163273363535],[-89.95298684762048,44.54163244364588],[-89.95298015150445,44.54163660846169],[-89.95296768532782,44.54163602851024],[-89.95295521914716,44.54163544855743],[-89.95294852302558,44.54163961337112],[-89.95284857971029,44.54163504546066],[-89.9528286337573,44.541857426499114],[-89.95344168212684,44.54194778225554],[-89.95344795075579,44.54194800036413],[-89.95346006060426,44.54195303506579],[-89.95346625799581,44.54195332499847],[-89.9534721704489,44.54195806976563],[-89.95348420905538,44.54196310443473],[-89.95349012150568,44.541967777345945],[-89.95349596272077,44.541972522081494],[-89.95377676740058,44.54219962196328],[-89.95378260857198,44.54220429480712],[-89.95378809357358,44.54221349428649],[-89.95379393474326,44.54221823898202],[-89.95379977591203,44.542222983676766],[-89.95379899234067,44.542231893210314],[-89.95380483350867,44.54223656604981],[-89.95380404993742,44.54224547558081],[-89.95380319513238,44.5422543850814],[-89.95378054279195,44.542507874704526],[-89.95391467579503,44.54262109736589],[-89.9554271478499,44.542756635360185],[-89.95571890783316,44.54251086748375],[-89.95572553224058,44.54250677441097],[-89.95573842490121,44.54250282746487],[-89.95574512053541,44.54249866256456],[-89.9557517449383,44.54249449763599],[-89.95576463759012,44.54249062253914],[-89.95577090583916,44.54249091237126],[-89.95578379848452,44.54248703727194],[-89.95579626374526,44.54248761690631],[-89.95580253198912,44.54248790673671],[-89.9559024676023,44.542492400132815],[-89.9560632330419,44.540695809569115],[-89.95488201515215,44.540575279154886]]]}"
2_027c0000000000001abb,2,0.2,"{""type"":""Polygon"",""coordinates"":[[[-89.95625697693791,44.54070457825297],[-89.95609464526217,44.54153667265018],[-89.95625263195687,44.541664346810265],[-89.95625847275095,44.54166909143564],[-89.95626395739824,44.54167829090149],[-89.9562697981906,44.541683035524876],[-89.95626937081558,44.54168749033809],[-89.95627485546132,44.54169661794538],[-89.95627442808635,44.541701072757306],[-89.95627991273136,44.54171027221613],[-89.95627948535645,44.541714727026786],[-89.95626003979311,44.54193265352967],[-89.95641624508359,44.54193968288466],[-89.95660229451215,44.5418231341915],[-89.95660898999542,44.54181896918028],[-89.956615614249,44.541814804141296],[-89.95662850661019,44.54181092889091],[-89.95663477471794,44.54181121867989],[-89.9566476670727,44.54180734342704],[-89.95665393517731,44.54180756136073],[-89.95666640015503,44.54180814090867],[-89.95667266825657,44.541808430695596],[-89.9566851332282,44.541809010241494],[-89.95669766942414,44.54180958981293],[-89.95670386629222,44.541809879571225],[-89.95697282364662,44.54188902048845],[-89.95735374836455,44.54183929606502],[-89.95736621311464,44.54183987553638],[-89.95737248110173,44.541840165284796],[-89.95738494584572,44.541840744754104],[-89.95739121382974,44.541841034501495],[-89.9574037497947,44.541841542141],[-89.9574099465486,44.541841831860886],[-89.95741578716628,44.54184657640932],[-89.95742789576111,44.54185161070229],[-89.9574341637381,44.541851900447256],[-89.95744000435211,44.541856644993445],[-89.95744584496524,44.54186131768466],[-89.95745132944258,44.54187051705603],[-89.95745717005397,44.54187526159946],[-89.95761579217164,44.54206551796336],[-89.95787826154388,44.54207739876446],[-89.95799877605096,44.54171228027397],[-89.95799955953645,44.54170337061269],[-89.95800618354966,44.54169920548294],[-89.958006967035,44.54169029581913],[-89.95801366227286,44.54168613071389],[-89.95802028628361,44.5416819655818],[-89.95802733764866,44.5416733456282],[-89.95803396165707,44.541669180494175],[-89.9580406568902,44.541665015385476],[-89.95805354877197,44.541661139962166],[-89.95805974542078,44.541661429647974],[-89.95806644064942,44.54165726453709],[-89.95807890516768,44.54165784393308],[-89.95842192711912,44.541610832316415],[-89.95854991853487,44.54116121061601],[-89.95855661367784,44.54115704543201],[-89.95855739715194,44.54114813566143],[-89.95856402106872,44.541143970450065],[-89.95856480454266,44.541135132532254],[-89.95857149968305,44.541130967345055],[-89.95857812359738,44.54112680213135],[-89.95858474751056,44.5411226369169],[-89.95859763920929,44.541118761387445],[-89.95860433434392,44.541114596196884],[-89.95861095825258,44.54111043097983],[-89.95862384994248,44.54110655544641],[-89.95863011772384,44.54110677327512],[-89.95864258205874,44.54110735261649],[-89.95918595189457,44.54106500902957],[-89.95936814181198,44.540711615684664],[-89.95625697693791,44.54070457825297]]]}"
2_027c0000000000001abc,2,0.2,"{""type"":""Polygon"",""coordinates"":[[[-89.96446170150871,44.540718984957074],[-89.9624434452491,44.54062758720364],[-89.95958174022488,44.54070788284813],[-89.95935959500174,44.541157692265756],[-89.95935289999908,44.54116185749671],[-89.95934592010143,44.541170477651306],[-89.95933922509636,44.5411746428803],[-89.95933217397275,44.54118326300645],[-89.95932555018878,44.54118742825879],[-89.95931892640365,44.54119159351037],[-89.95931223139388,44.541195758735924],[-89.95929933993558,44.54119963433949],[-89.95929314348723,44.541199344717946],[-89.95928025202251,44.54120322031907],[-89.9592739843475,44.5412029306712],[-89.95873731087151,44.541241181218936],[-89.95860298107212,44.54169051265575],[-89.95860262494794,44.54169496750276],[-89.95859557368878,44.541703587487866],[-89.95859514633969,44.541708042307896],[-89.95858852242831,44.54171220747095],[-89.95858147116654,44.541720827452025],[-89.95857484725279,44.54172499261314],[-89.95856815211299,44.541729157747774],[-89.95856152819694,44.5417333229074],[-89.95855490427975,44.54173741621189],[-89.95854201256664,44.54174136353973],[-89.95853574477086,44.54174107385474],[-89.95852285305132,44.54174494932575],[-89.95819272383832,44.541788013827336],[-89.95816565810247,44.54209043772471],[-89.95816487462035,44.54209934731363],[-89.95816451849213,44.54210380212045],[-89.95815746715233,44.54211235014961],[-89.95815703979837,44.54211680492917],[-89.95814998845718,44.54212542480928],[-89.95814336446884,44.542129589909486],[-89.95813674047936,44.54213375500894],[-89.95812968913445,44.54214237488467],[-89.9581230651426,44.54214653998221],[-89.95811010205846,44.542150415347166],[-89.9581039054178,44.54215012566707],[-89.95795539941919,44.54219699175441],[-89.95793431650655,44.542432663475125],[-89.96095845634055,44.54243129056024],[-89.96096472374,44.54243158010838],[-89.96438863593562,44.54251956573844],[-89.96446170150871,44.540718984957074]]]}"
2_027c0000000000001ac2,2,0.2,"{""type"":""Polygon"",""coordinates"":[[[-89.9388943492608,44.539340478977905],[-89.93878417890082,44.540567883076235],[-89.93968505816443,44.54066687541633],[-89.93969695857953,44.5405334448895],[-89.93970401331488,44.54052482585552],[-89.93970444087456,44.54052037099452],[-89.93970522473396,44.54051146123375],[-89.9397118519082,44.54050729705792],[-89.93971270702737,44.54049845918835],[-89.93971933420032,44.54049429501094],[-89.93972596137213,44.540490130832765],[-89.93973301610215,44.54048151178903],[-89.9397396432716,44.54047734760892],[-89.94037769893508,44.540149081340154],[-89.9403843259932,44.540144917093144],[-89.94039722381265,44.540141043534014],[-89.94040385086737,44.54013687928517],[-89.94041012162778,44.5401371699731],[-89.94042301943858,44.54013329641042],[-89.94042929019585,44.54013358709733],[-89.94120999147013,44.540102085796114],[-89.94139654223439,44.53998110235748],[-89.94140316911651,44.539976938036496],[-89.94141606659349,44.539973064348594],[-89.94142233718847,44.53997335498207],[-89.94142896406613,44.53996919065891],[-89.94144186153444,44.53996524511039],[-89.9414481321252,44.53996553574249],[-89.94146060204697,44.53996611696927],[-89.94146687263466,44.539966407600346],[-89.9418105420272,44.53998203187735],[-89.94189505159078,44.539878672339185],[-89.94189547912603,44.539874289265754],[-89.941902105922,44.53987012490638],[-89.94190916025188,44.53986150561434],[-89.94192205755877,44.53985763185984],[-89.94192868435012,44.539853467497444],[-89.94193538239614,44.53984930317039],[-89.94194785215953,44.53984981248826],[-89.94195447894643,44.539845648123666],[-89.94196701995936,44.539846229332824],[-89.94197321920856,44.53984651990081],[-89.94198611649392,44.53984264613784],[-89.94228603059736,44.53985630672685],[-89.9423179528918,44.539500484359586],[-89.9423187366978,44.53949164624479],[-89.94232543467571,44.53948748186274],[-89.94232621848157,44.53947857188763],[-89.94233284520311,44.539474407468134],[-89.94233327273348,44.53946995249745],[-89.94234032698412,44.53946133310525],[-89.94234695370322,44.539457168683406],[-89.94235358042118,44.53945300426082],[-89.942360207138,44.539448839837476],[-89.94236690510867,44.539444675449204],[-89.94237353182318,44.53944051102435],[-89.94238642897395,44.539436637182675],[-89.94239269941035,44.53943692776627],[-89.94240559655466,44.53943305392214],[-89.94273564796636,44.53939003269615],[-89.9427428446516,44.53930991459602],[-89.9388943492608,44.539340478977905]]]}"
2_027c0000000000001ac3,2,0.2,"{""type"":""Polygon"",""coordinates"":[[[-89.96555175779004,44.54200070727821],[-89.9655525411211,44.54199179761954],[-89.96569240106207,44.54042640239324],[-89.96563756805037,44.54026765493369],[-89.9646878051038,44.54022461151501],[-89.96456880712613,44.54064342560917],[-89.96472569067798,44.54099434581398],[-89.96473153018043,44.54099909007516],[-89.9647307468326,44.541007999916694],[-89.96473031955195,44.541012454825854],[-89.96472953620409,44.54102136466485],[-89.96458255137583,44.54266678091721],[-89.96464785429794,44.54411202920718],[-89.96565394675038,44.54415752923333],[-89.96555175779004,44.54200070727821]]]}"
2_027c0000000000001ac5,2,0.2,"{""type"":""Polygon"",""coordinates"":[[[-89.9457805090608,44.53929608617712],[-89.94509950832118,44.53926515041297],[-89.94481258379915,44.53938609344152],[-89.94480595750596,44.53939025801256],[-89.94479348867159,44.53938967714322],[-89.9447867911246,44.5393938416785],[-89.944774322284,44.53939326080712],[-89.94476142593604,44.539397134921586],[-89.94475515588684,44.53939691632549],[-89.9447430432889,44.53939188042912],[-89.94405546895824,44.53929367621129],[-89.94294399502071,44.539305703428646],[-89.9429304567718,44.539456885868034],[-89.94293002924807,44.53946134084222],[-89.94292924545456,44.53947025082481],[-89.94292254758207,44.53947441524375],[-89.9429217637884,44.539483325223806],[-89.94291513716858,44.53948748967663],[-89.9429147096447,44.53949187279006],[-89.94290772675367,44.5395004922476],[-89.94290102887743,44.53950465666258],[-89.94289440225404,44.539508821112314],[-89.94288150527403,44.539512695005286],[-89.94287487864726,44.53951685945318],[-89.94286860828969,44.539516568896495],[-89.94285571130102,44.53952044278593],[-89.94284944094032,44.539520224085976],[-89.94251939050763,44.53956324552039],[-89.942485473247,44.539941270322004],[-89.9424850457183,44.53994572524852],[-89.94247806274909,44.53995427273931],[-89.94247763522031,44.53995872766456],[-89.94247058099494,44.539967346973825],[-89.94247015346609,44.53997180189781],[-89.94246317049415,44.53998042123998],[-89.94245647254029,44.53998458558631],[-89.9424498458401,44.53998874996765],[-89.94244321913877,44.53999291434823],[-89.94243032200708,44.539996788150304],[-89.94242362404749,44.54000095249324],[-89.94241742487107,44.540000661950614],[-89.94240452773072,44.54000453574914],[-89.94239825729628,44.54000424516967],[-89.94238536014947,44.54000811896574],[-89.94237908971189,44.54000782838524],[-89.9420354966679,44.53999227771718],[-89.94195134369257,44.540091110305646],[-89.94195091615792,44.54009556521592],[-89.9419438618357,44.54010418446752],[-89.94193723504696,44.54010834880853],[-89.94192433774518,44.540112222544],[-89.94191771095308,44.54011638688316],[-89.94191101290397,44.54012055118546],[-89.94189811559337,44.540124424916975],[-89.94189191633205,44.54012413434662],[-89.94187901901502,44.54012800807569],[-89.94187274849469,44.54012771746818],[-89.94186027870688,44.54012720814512],[-89.94149786927471,44.540110712218215],[-89.94131837344166,44.5402231481553],[-89.9413117465449,44.54022731244948],[-89.94129884903285,44.540231186104606],[-89.9412921508757,44.54023535036045],[-89.94128552397441,44.54023951465203],[-89.94127305399574,44.54023893340952],[-89.94126642709114,44.54024309769968],[-89.94125388584919,44.540242516418594],[-89.94047275791696,44.54027847281109],[-89.93990040522486,44.54057393492935],[-89.93989078518011,44.540680707996394],[-89.9418650528547,44.54070342696639],[-89.94205117290032,44.540586827018586],[-89.94205779966937,44.540582662713476],[-89.94206442643728,44.540578498407605],[-89.94207696741427,44.54057907959575],[-89.94208359417887,44.540574915288445],[-89.94209022094232,44.54057075098041],[-89.94210276191087,44.540571332165804],[-89.94210896113815,44.54057162272199],[-89.94212150210058,44.540572203905334],[-89.9457518670887,44.540665596317524],[-89.9457805090608,44.53929608617712]]]}"
2_027c0000000000001ac6,2,0.2,"{""type"":""Polygon"",""coordinates"":[[[-89.94949644539788,44.54025506787062],[-89.9481220960415,44.540049805832616],[-89.94810962828521,44.54004929718957],[-89.94810335878338,44.54004900692293],[-89.94809751674666,44.54004426171798],[-89.94808540520427,44.54003922624456],[-89.94807913569846,44.540038935976526],[-89.94807329365806,44.5400342626263],[-89.94806745161675,44.540029517418326],[-89.9477105866986,44.53974092032312],[-89.94674812490854,44.5396302477319],[-89.94673601293997,44.539625212071364],[-89.94672974321357,44.53962492172688],[-89.9467172750046,44.539624412927616],[-89.94671143275671,44.53961966760905],[-89.94670559050796,44.53961492228973],[-89.94669347852596,44.539609886623055],[-89.94668763627445,44.539605213159454],[-89.94624305257354,44.539245644076445],[-89.94598684462564,44.53923402630275],[-89.94595307292754,44.54066130816353],[-89.94868955277256,44.540508721998954],[-89.94869575093531,44.54050901219878],[-89.94870828974425,44.540509592661195],[-89.94998280978565,44.54063885035259],[-89.95010548633817,44.540599742260056],[-89.95011068690344,44.540541972172264],[-89.94949644539788,44.54025506787062]]]}"
2_027c0000000000001ac9,2,0.2,"{""type"":""Polygon"",""coordinates"":[[[-89.96890711617493,44.53955375338268],[-89.96649509039712,44.53958756531055],[-89.96627163226333,44.539631045495504],[-89.96623146947772,44.54008014156571],[-89.96623068616056,44.5400890515921],[-89.9662303301073,44.540093506615136],[-89.96622328025207,44.54010212736475],[-89.96622285298807,44.54010658236554],[-89.96621580313148,44.54011520311227],[-89.96620918053772,44.54011936885788],[-89.96620213067862,44.540127989601416],[-89.96619550808249,44.5401321553451],[-89.96618881427452,44.540136321067024],[-89.96617592513033,44.54014019753259],[-89.96616972979427,44.540139908276664],[-89.96581488490857,44.54024888152006],[-89.96586651315673,44.54409572926791],[-89.96799111542303,44.54419183192742],[-89.96828327817977,44.54204388959299],[-89.96828406145494,44.54203497992367],[-89.96828448869594,44.54203052509824],[-89.96828527197108,44.54202168728032],[-89.96829189420578,44.54201752158356],[-89.96829267748078,44.54200861190917],[-89.96829937092099,44.54200444623052],[-89.96851840242546,44.5418000097518],[-89.96852502461984,44.54179584402187],[-89.9685320740513,44.54178722344171],[-89.96854496240243,44.54178334684709],[-89.9685515845922,44.54177918111413],[-89.96855785074922,44.541779470250695],[-89.96857073909169,44.541775593652524],[-89.968577361277,44.541771427917396],[-89.96858989358157,44.54177200618745],[-89.96859615973231,44.541772295321955],[-89.96860862082451,44.541772873570444],[-89.96910848529242,44.541795427941544],[-89.96912101742315,44.54179600615319],[-89.96913347834452,44.54179658434427],[-89.96913974440629,44.54179687344888],[-89.96915184929549,44.541801906507914],[-89.969157688123,44.54180657860761],[-89.96916395418083,44.54180686771085],[-89.96917605906235,44.54181190076625],[-89.96918189788619,44.54181664471799],[-89.96918738068337,44.54182584353679],[-89.96919321950547,44.5418305156323],[-89.9691990583267,44.54183525958129],[-89.96919827507024,44.54184416929483],[-89.96920411389068,44.54184891324219],[-89.96920333063434,44.541857822953176],[-89.9692029034036,44.54186220594428],[-89.96920838619776,44.54187140475315],[-89.9692020489421,44.541942538632384],[-89.96961446680962,44.54196118706485],[-89.9697539558944,44.5413825798069],[-89.9697610050996,44.541373959075074],[-89.96976136112002,44.54136950416254],[-89.97023749987959,44.540533732761666],[-89.9704070343235,44.53968859611222],[-89.96890711617493,44.53955375338268]]]}"
2_027c0000000000001aca,2,0.2,"{""type"":""Polygon"",""coordinates"":[[[-89.95433509388182,44.53974676932673],[-89.95391581553176,44.539665186966594],[-89.95390327842586,44.53966467892179],[-89.95389743727286,44.53965993397374],[-89.95388532756256,44.539654899072524],[-89.95387905900513,44.539654609119786],[-89.95387321784844,44.53964986416949],[-89.9538611081305,44.53964490112221],[-89.953855694373,44.53963570117151],[-89.95384985321274,44.53963095621812],[-89.9536974840959,44.53944097473712],[-89.95304761125841,44.53941153602409],[-89.95303514510374,44.539410956052734],[-89.95302887640729,44.53941066605195],[-89.95301676642259,44.53940563103216],[-89.95301056895836,44.53940534105955],[-89.9529984589679,44.53940037789521],[-89.952992617677,44.5393956328743],[-89.95298050768085,44.539390597849085],[-89.95297466638723,44.53938585282628],[-89.95296882509271,44.53938117966069],[-89.952962912562,44.53937643460711],[-89.95296376738577,44.53936752456633],[-89.95295785485426,44.539362779511116],[-89.95295201355718,44.539358034484344],[-89.9529528683812,44.539349196298204],[-89.95295365196986,44.5393402862231],[-89.95295400814653,44.539335831170305],[-89.95300579619787,44.53875767896842],[-89.95119937053036,44.538613277773564],[-89.95112307392192,44.5405163964507],[-89.9512576436547,44.540625243988366],[-89.95230105953316,44.540672533144594],[-89.95290713526947,44.54049019732662],[-89.95291340398583,44.54049048732746],[-89.95292002887815,44.540486322384496],[-89.95293256630563,44.54048690238447],[-89.95293876378247,44.5404871204984],[-89.95385120665239,44.54045709632614],[-89.95385740398072,44.540457386246814],[-89.95386994110162,44.54045796614447],[-89.9538761384269,44.54045818420779],[-89.95435211850896,44.540537847817966],[-89.95433509388182,44.53974676932673]]]}"
2_027c0000000000001acc,2,0.2,"{""type"":""Polygon"",""coordinates"":[[[-89.95099983071361,44.5385997549693],[-89.9495877772211,44.53853569084736],[-89.94957523869975,44.53853511045712],[-89.94956896943755,44.538534820261475],[-89.94600750662038,44.53795343352606],[-89.94599339946656,44.539091390641694],[-89.94629955203806,44.5391053313177],[-89.94631202038282,44.53910591202645],[-89.94631829017752,44.539106202396994],[-89.946330402278,44.539111166298945],[-89.94633660082205,44.539111456635105],[-89.94634871291676,44.53911649239295],[-89.94635455521988,44.539121237780854],[-89.94636039752214,44.539125983167985],[-89.94636623982349,44.539130656695974],[-89.94681709180956,44.53949051652236],[-89.94777919564406,44.5396056438732],[-89.94779166350779,44.53960615255699],[-89.94779793306058,44.53960644284343],[-89.94781004469375,44.53961147839364],[-89.94781588677428,44.53961622365699],[-89.94782835462607,44.5396168041943],[-89.94783426794864,44.539621477631],[-89.94784011002547,44.5396262228921],[-89.94819690249412,44.53991482025664],[-89.94955878188426,44.54011950164393],[-89.94957132041098,44.54012008201657],[-89.94957751843121,44.54012037217103],[-89.94958962950233,44.54012533562109],[-89.94959547131172,44.54013008074176],[-89.95053905433053,44.540592600872046],[-89.95091391642768,44.54060964822582],[-89.95099983071361,44.5385997549693]]]}"
2_027c0000000000001ace,2,0.2,"{""type"":""Polygon"",""coordinates"":[[[-89.96897127243376,44.539257500426935],[-89.96870809579787,44.53918312745426],[-89.96869599076838,44.53917809406761],[-89.96869015187046,44.53917334982441],[-89.96868395694118,44.539173060698594],[-89.96867185190406,44.539168027308314],[-89.96866594179633,44.53916335490173],[-89.96866053013062,44.539154155555565],[-89.96865469122726,44.53914941130815],[-89.96864885232301,44.539144667059965],[-89.96864963559071,44.53913582869593],[-89.96864372547954,44.53913108442663],[-89.9686445799535,44.53912217422118],[-89.96864493598432,44.539117719098336],[-89.96864571925208,44.539108808870864],[-89.96868388573509,44.538681906561095],[-89.96608456162468,44.53856432384067],[-89.96597482543463,44.538599502328736],[-89.96602595498996,44.5388697791208],[-89.96617699329161,44.538934640363784],[-89.96618283257277,44.538939384759175],[-89.96619493839675,44.538944346578354],[-89.9662007776752,44.53894909097185],[-89.96620661695275,44.538953835364566],[-89.96621245622941,44.53895857975651],[-89.96621836671584,44.538963324168655],[-89.96621751218774,44.53897216252742],[-89.9662234226734,44.53897690693795],[-89.96622256814541,44.53898581715278],[-89.96622847863028,44.53899056156166],[-89.96622762410242,44.53899947177393],[-89.96622726804912,44.53900385504186],[-89.96622648473188,44.53901276527259],[-89.96608997365449,44.53941743059466],[-89.96613939399639,44.53949555471636],[-89.96888226538653,44.53948124213542],[-89.96908427548283,44.5393965763394],[-89.96897127243376,44.539257500426935]]]}"
2_027c0000000000001acf,2,0.2,"{""type"":""Polygon"",""coordinates"":[[[-89.94258636988381,44.53797670619446],[-89.94258052700671,44.537971960498695],[-89.94257468412873,44.537967214802144],[-89.94256884124985,44.537962469104826],[-89.94256962505074,44.537953558838424],[-89.94256378217108,44.537948884999636],[-89.94256456597206,44.5379399747307],[-89.94256499349986,44.53793551961345],[-89.94256577730081,44.53792660934196],[-89.94264230469878,44.53707279697189],[-89.93798767912058,44.53699966114688],[-89.93783531823816,44.53764913127743],[-89.93783489065767,44.53765358640396],[-89.93782783557869,44.53766220585015],[-89.93782747926153,44.53766666101406],[-89.93782042418118,44.53767528045738],[-89.93781379668029,44.53767937291453],[-89.93780709791479,44.53768353719284],[-89.93780011409417,44.53769215667048],[-89.93779341532627,44.53769632094685],[-89.93778678782071,44.537700485261155],[-89.9377805166316,44.53770019441453],[-89.93776761793261,44.53770406788043],[-89.93776099042259,44.53770823219254],[-89.93774851929848,44.537707722395474],[-89.93774224810312,44.5377074315468],[-89.93691779078051,44.5377368746834],[-89.93655390935066,44.54067186739118],[-89.93867144279751,44.54070564270648],[-89.93870001879435,44.53926909197587],[-89.93870080267426,44.53926025384262],[-89.93870158655416,44.53925134384955],[-89.93870821390173,44.53924717961997],[-89.93870899778148,44.53923826962435],[-89.93871569638956,44.539234105431284],[-89.93871605269847,44.53922965041337],[-89.93872310761415,44.53922103120037],[-89.93872973495802,44.539216866966854],[-89.93873643356247,44.53921270277067],[-89.93874306090403,44.53920853853563],[-89.93875595927518,44.53920466508414],[-89.93876258661336,44.539200500847265],[-89.93876885764199,44.539200791630876],[-89.93878175600449,44.539196918175826],[-89.93878802702997,44.53919720895841],[-89.93880049781626,44.53919779048449],[-89.94356838811966,44.5391286664737],[-89.94359190152632,44.53886625057479],[-89.94258636988381,44.53797670619446]]]}"
2_027c0000000000001ad1,2,0.2,"{""type"":""Polygon"",""coordinates"":[[[-89.96243853122795,44.54005136815414],[-89.96208856583884,44.540035516243655],[-89.96208236984161,44.54003522676593],[-89.96206983540736,44.54003464776232],[-89.96205737218742,44.54003414063789],[-89.96205153227726,44.54002939614288],[-89.96203942514359,44.54002436214338],[-89.961358784422,44.53970781908306],[-89.96135294440535,44.53970307451945],[-89.9613471043878,44.53969832995507],[-89.96134126436935,44.53969358538992],[-89.96133535313025,44.539688840799954],[-89.96132994042861,44.539679713068274],[-89.96132410040755,44.53967496850036],[-89.9613182603856,44.539670223931665],[-89.96131904380324,44.53966131385966],[-89.96131939990215,44.539656858811],[-89.96131398719825,44.539647731072336],[-89.9613143432972,44.53964327602241],[-89.96133385751541,44.53942533804269],[-89.9613342136142,44.539420882971584],[-89.96134126436935,44.53941226239813],[-89.9613416916878,44.53940787920773],[-89.96134211900625,44.53940342415896],[-89.96134909854023,44.539394803557805],[-89.96135579319407,44.53939063805312],[-89.96135614929266,44.539386182978646],[-89.96168817416455,44.539111005723704],[-89.96169479754005,44.53910684015017],[-89.96170149213349,44.53910267459968],[-89.9617081155067,44.53909850902464],[-89.96171473887874,44.53909434344884],[-89.9617276295243,44.53909046739913],[-89.96173389679792,44.539090685067194],[-89.96174678743704,44.53908680901501],[-89.96175305470753,44.53908709854048],[-89.96228968594038,44.5390489039494],[-89.96256173765526,44.5379003210108],[-89.96154302936866,44.53778716296648],[-89.96112083863203,44.53829938257919],[-89.96111421515728,44.538303548191216],[-89.96110716436033,44.53831216895442],[-89.96110046966304,44.53831633454034],[-89.96025650111304,44.53884521621837],[-89.95982005168695,44.5394460872533],[-89.95971941406265,44.54057118923746],[-89.9625553992996,44.540498713852784],[-89.96258004054158,44.540223008556694],[-89.96243853122795,44.54005136815414]]]}"
2_027c0000000000001ad3,2,0.2,"{""type"":""Polygon"",""coordinates"":[[[-89.94581007724337,44.537846268577795],[-89.94542754157413,44.53777530458655],[-89.94514767324037,44.537887632427605],[-89.94514104700508,44.53789179715115],[-89.94513442076862,44.53789596187393],[-89.94512188079116,44.53789538098796],[-89.94511525455141,44.53789954570932],[-89.94510278581758,44.53789896485542],[-89.94409045360779,44.53792441701276],[-89.94407791328902,44.53792383601275],[-89.94407171437992,44.53792361740721],[-89.94405917405501,44.53792303640513],[-89.9440529751429,44.53792274593836],[-89.94404086232322,44.5379177098097],[-89.94403501966767,44.537912964182155],[-89.9440229068423,44.53790799991078],[-89.9440166366724,44.53790770940714],[-89.94401122152482,44.53789850865111],[-89.94400537886474,44.537893763020115],[-89.9439994649518,44.53788901735353],[-89.94399362228994,44.53788434358123],[-89.94398820713911,44.53787514281954],[-89.94398856339906,44.537870687655925],[-89.94398314824753,44.537861486891316],[-89.94398357575952,44.537857103621555],[-89.94395457618533,44.53706094231379],[-89.94395493244558,44.53705648707298],[-89.94395571621814,44.537047576624936],[-89.94395614373043,44.53704319327925],[-89.94396319768265,44.537034573340925],[-89.94396355394282,44.53703011809758],[-89.94397060789366,44.537021498156406],[-89.94397730558318,44.537017333458216],[-89.9439839320195,44.53701316872444],[-89.9439909859666,44.53700454877889],[-89.94399761240058,44.53700038404318],[-89.9440042388334,44.53699621930673],[-89.94401677917627,44.53699680032618],[-89.94402340560578,44.53699263558829],[-89.94403003203415,44.53698847084965],[-89.94404257236859,44.536989051866364],[-89.94405504144704,44.53698963284692],[-89.9440613116107,44.53698992335407],[-89.94441115661706,44.53700575941169],[-89.94448625531243,44.53693774281508],[-89.94447378637413,44.53693716188088],[-89.94446167368734,44.53693219755282],[-89.94444920474108,44.536931616615874],[-89.94444293464083,44.53693132612961],[-89.9444308219443,44.536926289935934],[-89.94442462309225,44.53692599948319],[-89.94441251038991,44.536921035148744],[-89.94440666779096,44.53691628943943],[-89.94440082519112,44.53691154372934],[-89.94439533884655,44.53690234276163],[-89.94438949624498,44.53689766891133],[-89.94438365364252,44.53689292319848],[-89.94432408754712,44.5367874729169],[-89.94286896456003,44.53678388230158],[-89.94276806866647,44.53790903292718],[-89.94377366679878,44.538798648888644],[-89.94377950949414,44.538803322581145],[-89.94378535218861,44.53880806813174],[-89.94378456841258,44.53881697824432],[-89.9437904111063,44.538821723793276],[-89.94378998359215,44.53882617883103],[-89.9437954700233,44.5388353075918],[-89.94379504250922,44.53883976262827],[-89.94379425873338,44.53884867273491],[-89.94376796660731,44.539142202083305],[-89.94474332829125,44.539249026723574],[-89.945029825831,44.539132538528406],[-89.94503645208552,44.53912837392151],[-89.94504307833888,44.53912420931386],[-89.94505561834212,44.539124718335046],[-89.94506224459218,44.53912062558433],[-89.94507478458914,44.53912113460346],[-89.94508725333208,44.53912171544544],[-89.94578706393698,44.539153522575155],[-89.94581007724337,44.537846268577795]]]}"
2_027c0000000000001ad8,2,0.2,"{""type"":""Polygon"",""coordinates"":[[[-89.96702545999537,44.53695032466684],[-89.96468289137056,44.53704972998189],[-89.9645707298971,44.53942904313861],[-89.96497059294978,44.53944713052978],[-89.96498967802762,44.539233646089336],[-89.96499672810992,44.539225025256165],[-89.96499708417466,44.53922057015454],[-89.96499786751706,44.53921165997174],[-89.9650045615332,44.539207566095605],[-89.96500534487544,44.53919865591029],[-89.96501196767737,44.53919449015257],[-89.96501866169105,44.53919032441583],[-89.96502564055514,44.53918170355117],[-89.96523835287388,44.53904847094065],[-89.96525124233364,44.539044522631855],[-89.96525786509304,44.53904035684621],[-89.9652644878513,44.539036191059814],[-89.96527702124013,44.53903676972596],[-89.9652836439951,44.53903260393813],[-89.96529617737765,44.53903318260221],[-89.96530906681795,44.53902930614415],[-89.96531526229323,44.53902959545345],[-89.96532736839146,44.53903462921331],[-89.9659657816204,44.53912155373243],[-89.965763968706,44.53857213303514],[-89.96576475203271,44.53856322272392],[-89.96575891268778,44.53855847826921],[-89.9657596960146,44.538549639814704],[-89.96576005207223,44.53854518464655],[-89.96576090661054,44.53853627435152],[-89.96576788533936,44.5385276533214],[-89.96576831260843,44.538523198172406],[-89.96577536254742,44.538514577160704],[-89.96578198521618,44.53851041129765],[-89.96578867909528,44.53850624545512],[-89.96579530176174,44.53850207959055],[-89.96580235169576,44.538493458573306],[-89.96580861830267,44.53849374788044],[-89.96581524096568,44.53848958201362],[-89.96582813023127,44.53848570545216],[-89.96583475289093,44.53848153958349],[-89.96584728609314,44.53848211819401],[-89.96585348148135,44.53848240747754],[-89.96586601467743,44.53848298608599],[-89.96871528760768,44.53854042443104],[-89.96893702254648,44.538095026962225],[-89.96894364466844,44.53809086087899],[-89.96895069402282,44.53808223959217],[-89.96895112125638,44.538077784388925],[-89.96895774337592,44.538073618303336],[-89.9689647927277,44.5380650688725],[-89.96897768093318,44.53806112006134],[-89.96898430304812,44.53805695397274],[-89.9689905691343,44.53805724310842],[-89.96900345733111,44.53805336615373],[-89.96901015064707,44.538049200082206],[-89.96902261160453,44.538049778331235],[-89.96902887768445,44.53805006746487],[-89.96904133863579,44.538050645711856],[-89.97067212174552,44.538124371805175],[-89.97090616329154,44.53754114089002],[-89.97091278507291,44.537536974643686],[-89.97091356829429,44.53752806410042],[-89.97092019007438,44.53752389785249],[-89.97092723906484,44.537515276339725],[-89.97093393204445,44.537511110107914],[-89.97094055382102,44.5375069438573],[-89.97094717559645,44.53750277760593],[-89.97095386857258,44.53749861137185],[-89.97096675610845,44.53749473414996],[-89.97097295066835,44.53749502316259],[-89.9709858381978,44.53749114593826],[-89.9709921039564,44.53749143496789],[-89.97100463547055,44.53749201302613],[-89.97206068560386,44.53746827379886],[-89.97214512848413,44.53736495823436],[-89.97215182125082,44.537360791918005],[-89.97215887001447,44.53735217029941],[-89.97216549157913,44.53734800396382],[-89.97217211314268,44.537343837627475],[-89.97217880590463,44.53733967130767],[-89.97219169302812,44.53733579393477],[-89.97219795858935,44.53733608289939],[-89.97220458014726,44.537331916560106],[-89.97221704006495,44.53733249447036],[-89.97222992717556,44.53732861709258],[-89.97223619273053,44.537328834194],[-89.9722487238374,44.5373294121181],[-89.97225491818985,44.53732970106239],[-89.97273714901108,44.53740958258208],[-89.97276769317712,44.537067099011495],[-89.96702545999537,44.53695032466684]]]}"
2_027c0000000000001ada,2,0.2,"{""type"":""Polygon"",""coordinates"":[[[-89.95363643655188,44.53626795758407],[-89.95361713211574,44.538655960072326],[-89.9540364849663,44.5387374734468],[-89.95404268226466,44.53873776336797],[-89.95405479192523,44.53874272649189],[-89.95406063305425,44.53874747152462],[-89.95407274270917,44.53875250650457],[-89.95407901123491,44.53875279645222],[-89.95408442496088,44.538761996565434],[-89.95434186099395,44.53897013056052],[-89.95541062231564,44.53908552500195],[-89.95541646323805,44.53909026993092],[-89.95542892861826,44.53909084964688],[-89.95543519692221,44.539091139518206],[-89.95544730614283,44.53909610245754],[-89.95545314705964,44.53910084738356],[-89.95545898797556,44.53910559230879],[-89.95546482889061,44.53911033723325],[-89.95547693810187,44.539115300167424],[-89.95547651071801,44.53911975522145],[-89.95548242286101,44.539124500171255],[-89.95548783638874,44.53913370014535],[-89.95549367729937,44.5391384450655],[-89.95549332114632,44.539142828286685],[-89.95555343973638,44.53938221116853],[-89.9557783849986,44.53939243016037],[-89.95578465324539,44.53939272001071],[-89.95579711850586,44.53939329968288],[-89.95580958376225,44.53939387935368],[-89.95581549585387,44.539398552400634],[-89.95582753372436,44.53940358709778],[-89.9558334458132,44.539408332000775],[-89.95583928667116,44.539413076875555],[-89.95584512752825,44.539417821749545],[-89.95585723661935,44.53942278461102],[-89.95585680923972,44.53942723963728],[-89.95586229394449,44.53943643956179],[-89.95593900849916,44.539560495652026],[-89.95649552276447,44.539791083508135],[-89.95650136352153,44.53979582831047],[-89.95651347240529,44.539800862919954],[-89.95651931315962,44.539805535863046],[-89.95652515391306,44.53981028066271],[-89.95653106589428,44.53981502548861],[-89.9565364792739,44.53982422527784],[-89.95654232002472,44.53982889821743],[-89.95654153650942,44.53983780822459],[-89.95654118036609,44.539842263241034],[-89.95654659374426,44.539851463024455],[-89.95654616637233,44.53985591801261],[-89.95652949886322,44.5400426683334],[-89.95678065039047,44.54025050136662],[-89.95678649110408,44.540255246107975],[-89.9567923318168,44.54025999084857],[-89.95679781638769,44.54026919056509],[-89.95680365709867,44.54027386344707],[-89.95680330095779,44.540278318422935],[-89.95680871429894,44.5402875181085],[-89.95680793078908,44.540296428030416],[-89.95680750342007,44.540300882977306],[-89.95678841426569,44.54051428932872],[-89.95951870780607,44.540571046663466],[-89.95973494062066,44.53920554841713],[-89.95974156433384,44.539201382965054],[-89.95974234778372,44.53919254467319],[-89.95974277512,44.53918808961001],[-89.95974939883185,44.53918392415593],[-89.95975018228157,44.53917501400242],[-89.96031397702956,44.53855312917288],[-89.96032060064266,44.53854896362935],[-89.96032722425461,44.53854479808505],[-89.96033391908702,44.53854063256466],[-89.96034054269667,44.53853646701886],[-89.96093936925408,44.53822422748559],[-89.96094926890086,44.53811306368026],[-89.9609496962237,44.53810860851003],[-89.96095047964886,44.538099698144045],[-89.96095090697166,44.538095242972545],[-89.96095788657692,44.538086622154864],[-89.96096458129912,44.53808245655687],[-89.96096536472399,44.5380736180458],[-89.96097198822447,44.53806945242197],[-89.96097868294422,44.53806528682163],[-89.9613773727618,44.53781542025992],[-89.96150264796603,44.536414595150006],[-89.95363643655188,44.53626795758407]]]}"
2_027c0000000000001ade,2,0.2,"{""type"":""Polygon"",""coordinates"":[[[-89.96434241797189,44.539807159018686],[-89.96433700569514,44.53979795959463],[-89.964337361766,44.53979350454945],[-89.96433778905103,44.53978904952603],[-89.96433857240692,44.539780211313115],[-89.96448456117693,44.53702286432357],[-89.96433935576277,44.53696274289736],[-89.96433308891544,44.53696245350044],[-89.96432724935222,44.53695770881098],[-89.96431514293785,44.536952674722784],[-89.96430973065725,44.53694354659965],[-89.96430389109048,44.536938801907084],[-89.9642980515228,44.53693405721374],[-89.9642988348795,44.53692514660161],[-89.96429299531107,44.536920401906634],[-89.96429377866785,44.53691156315371],[-89.96428793909865,44.5369068184571],[-89.96425233195009,44.53618186013947],[-89.96425268802174,44.53617740475126],[-89.96425347137937,44.536168493995774],[-89.96439718162388,44.53568382090798],[-89.96434177704442,44.53539110212042],[-89.96400436284952,44.53537583331475],[-89.9637581725248,44.536025546621914],[-89.9637577452333,44.53603000200047],[-89.96375696186554,44.53603884091572],[-89.9637503388466,44.536043006881094],[-89.9635249418741,44.53631860141121],[-89.96351789152087,44.536327222687746],[-89.96351126846059,44.536331388613675],[-89.96350457418345,44.536335554516164],[-89.96349795112084,44.536339720440566],[-89.96348506107103,44.536343596917106],[-89.96347843800508,44.536347762839675],[-89.9634717437222,44.536351928738796],[-89.96345885366355,44.53635580521138],[-89.96345265788797,44.53635551578526],[-89.96344012390212,44.53635493688658],[-89.96342766112801,44.536354358009255],[-89.96332767392508,44.536349870575634],[-89.96330823193864,44.53656775134257],[-89.96330780464213,44.53657220666796],[-89.96330702126517,44.53658111734027],[-89.96330032695234,44.536585283208645],[-89.9632995435752,44.53659419387841],[-89.96329249318049,44.53660274322816],[-89.96328587008124,44.53660690911658],[-89.96327924698082,44.53661107500423],[-89.96327255266313,44.53661524086831],[-89.96326592956044,44.53661940675445],[-89.96287317040091,44.53680260035226],[-89.96276306892379,44.53705206861391],[-89.9625273396001,44.53968923674071],[-89.96258538184917,44.540022314110814],[-89.96275509260785,44.54015947235725],[-89.96276093241075,44.54016421680325],[-89.96276641612731,44.54017341625306],[-89.96277225592848,44.540178088840314],[-89.96277809572878,44.54018283328356],[-89.96277731234098,44.54019174326662],[-89.9627831521405,44.54019648770822],[-89.96278236875281,44.54020539768872],[-89.96278151414805,44.54021423578768],[-89.96275608964743,44.540498851103656],[-89.96438073117227,44.54057244532897],[-89.9645059253405,44.54015392014338],[-89.96434241797189,44.539807159018686]]]}"
2_027c0000000000001ae6,2,0.2,"{""type"":""Polygon"",""coordinates"":[[[-89.95343569843462,44.53626780433782],[-89.94949338200223,44.536227400742554],[-89.94948711272664,44.536227110528294],[-89.94947464541417,44.536226530130165],[-89.94946210685582,44.53622594969925],[-89.9494562650261,44.53622120417721],[-89.94944422515472,44.536216240331974],[-89.94943795587109,44.53621595011496],[-89.94943211403769,44.53621120459068],[-89.94942000291684,44.53620616884756],[-89.94941416108071,44.53620142332138],[-89.94940867545328,44.53619229431719],[-89.94940283361541,44.53618754878903],[-89.949403261067,44.53618309347956],[-89.94939777543802,44.5361738926084],[-89.94939820288964,44.53616943729762],[-89.94939271725994,44.536160308286476],[-89.94939357216332,44.53615139766199],[-89.94954317996175,44.533430007581046],[-89.9461011266915,44.53347910676532],[-89.94600821910275,44.53780612029387],[-89.94960672747855,44.53839363317947],[-89.95341219106326,44.538633241326515],[-89.95343569843462,44.53626780433782]]]}"
2_027c0000000000001ae8,2,0.2,"{""type"":""Polygon"",""coordinates"":[[[-89.94974393846164,44.53343016765835],[-89.94960024449678,44.53608487175555],[-89.95576698818363,44.53615468149914],[-89.95600411246684,44.533504249527816],[-89.94974393846164,44.53343016765835]]]}"
2_027c0000000000001aea,2,0.2,"{""type"":""Polygon"",""coordinates"":[[[-89.96421950212978,44.53338967804723],[-89.9636152432533,44.53348291502265],[-89.96360270932065,44.533482336106594],[-89.96359608627502,44.533486502290074],[-89.96358362355168,44.53348592339459],[-89.96157806928142,44.53339507538882],[-89.95620483713282,44.533504398274346],[-89.95596728671315,44.536159285994465],[-89.96229046933813,44.53630289512244],[-89.96257690697412,44.53618635570237],[-89.96258979732954,44.536182479315094],[-89.96259649176658,44.536178313452524],[-89.9626089548111,44.53617889242248],[-89.96261564924478,44.536174726558464],[-89.96262811228307,44.536175305526385],[-89.96263437940937,44.53617559502144],[-89.9633716142024,44.53620896179753],[-89.96380531699066,44.53556779116739],[-89.96396426890102,44.53378889034016],[-89.96396505226454,44.53378005099974],[-89.96396547955374,44.53377559540681],[-89.96396626291721,44.53376668419728],[-89.96397288589883,44.53376251801726],[-89.9639799361683,44.533753896241436],[-89.96398036345732,44.53374944064597],[-89.9639869864365,44.5337452744636],[-89.96399360941452,44.53374110828047],[-89.96400649929319,44.53373723153149],[-89.96401319348261,44.533733065368885],[-89.9640198164561,44.53372889918316],[-89.96403270632597,44.533725022430204],[-89.96403897322244,44.53372531186339],[-89.96405186308586,44.533721435107985],[-89.9640581299792,44.53372172454015],[-89.96407059254815,44.5337223033811],[-89.96425802909609,44.53373077038728],[-89.96421950212978,44.53338967804723]]]}"
2_027c0000000000001aed,2,0.2,"{""type"":""Polygon"",""coordinates"":[[[-89.97471520722843,44.5351369453414],[-89.97404682394291,44.53503525129432],[-89.97404055868434,44.5350350342814],[-89.974028455341,44.5350300010136],[-89.9740221900794,44.535029712135],[-89.97401008673025,44.53502467886468],[-89.97400424864281,44.53501993447253],[-89.9739984105545,44.535015261944274],[-89.97399257246529,44.53501051755057],[-89.97398666317898,44.535005773139936],[-89.97398082508796,44.53500102874468],[-89.97397541417355,44.53499190069827],[-89.97396950488458,44.53498715628486],[-89.97397035923967,44.53497824525259],[-89.97397071522094,44.53497378971964],[-89.97396530430511,44.53496458980271],[-89.97396566028644,44.53496020613324],[-89.97396644344535,44.5349512950797],[-89.97409125029252,44.53453723669342],[-89.97400375026947,44.53453326428143],[-89.97399791218106,44.53452851983929],[-89.97398538164687,44.53452794207227],[-89.97397918757447,44.534527653204414],[-89.97396708421172,44.53452269174117],[-89.97396081894009,44.53452240285611],[-89.97394871557152,44.534517369524934],[-89.97394287747474,44.534512625078385],[-89.97393703937706,44.53450788063106],[-89.97393113008215,44.53450320803222],[-89.97392571916072,44.53449400802119],[-89.97391988106041,44.53448926357112],[-89.97391397176287,44.534484519104055],[-89.9739148261192,44.53447567984226],[-89.97391518210101,44.534471224261786],[-89.97390977117732,44.53446202424373],[-89.97391055433737,44.53445311309599],[-89.9739267871058,44.53427079356285],[-89.97378638767036,44.534157285271235],[-89.9731362860049,44.53406090606962],[-89.97244345386291,44.53409214706864],[-89.9724929372033,44.534451559903204],[-89.97249877552126,44.53445630442979],[-89.97249799233231,44.53446521556722],[-89.97249094363112,44.53447383773716],[-89.97249058763606,44.53447822144743],[-89.97248980444695,44.53448713258063],[-89.97248311173936,44.53449129917196],[-89.97248275574425,44.534495754746054],[-89.97247570704023,44.53450437690946],[-89.97246908552923,44.534508543515535],[-89.97246239281802,44.53451271010374],[-89.9724557713047,44.53451687670831],[-89.97244288427012,44.534520754344015],[-89.97243619155432,44.53452492092962],[-89.97242999723122,44.53452463197795],[-89.97241711018796,44.53452850961012],[-89.9724108446626,44.53452822064029],[-89.97239795761291,44.534532098270006],[-89.97238542655491,44.534531520327974],[-89.9705735775086,44.534449645849485],[-89.97056731168149,44.53444935677832],[-89.97055520723987,44.53444432308075],[-89.97054894140975,44.53444403400855],[-89.9705368369623,44.53443900030847],[-89.97053064233182,44.53443878311911],[-89.97051853787859,44.53443374941652],[-89.9705126992586,44.53442900478674],[-89.97050678943502,44.53442426013786],[-89.97050095081326,44.53441951550653],[-89.97049553940691,44.53441038718279],[-89.97048962958067,44.53440564253114],[-89.97048379095628,44.534400897897044],[-89.97048457418643,44.534391986761285],[-89.97048500140288,44.534387603067586],[-89.97042455022914,44.53408122326762],[-89.96979974010293,44.53405296066933],[-89.96979347414916,44.534052671553404],[-89.9697810134426,44.53405209333929],[-89.96977517471014,44.53404734863335],[-89.96976264279354,44.53404684226456],[-89.96975680405828,44.53404209755716],[-89.96974469936038,44.53403706373029],[-89.96973886062236,44.53403231902098],[-89.96973302188347,44.534027646177094],[-89.96972711193952,44.53402290144744],[-89.96972127319884,44.53401815673581],[-89.96971543445726,44.534013412023405],[-89.96971621770314,44.534004500819385],[-89.96971037896078,44.53399982797157],[-89.96971116220676,44.53399091676499],[-89.96970532346364,44.53398617204932],[-89.96970610670972,44.53397726084019],[-89.96975894018104,44.5333858116957],[-89.96945753208117,44.5333186077809],[-89.96765173955612,44.53337977439553],[-89.96763920694447,44.53337926778719],[-89.96763301184517,44.53337897856902],[-89.96613989247213,44.53323991516159],[-89.96515289778235,44.53333369363194],[-89.96500947522516,44.533394162118555],[-89.96524518927296,44.53349412908372],[-89.96525729539334,44.533499163444304],[-89.96526313481475,44.533503908435875],[-89.96526904544771,44.53350865344825],[-89.96527488486733,44.53351332657128],[-89.96528072428606,44.53351807156053],[-89.96528613642944,44.53352727217089],[-89.96529204705885,44.533532017179716],[-89.96529119251008,44.533540856554445],[-89.9652971031387,44.53354560156164],[-89.96529624859005,44.533554512800755],[-89.96529546525375,44.53356342405973],[-89.96528635006666,44.53366568778348],[-89.96553139117721,44.53380180528711],[-89.96554349720712,44.53380683958448],[-89.9655493365849,44.533811512663846],[-89.96555517596177,44.533816257608976],[-89.96556101533776,44.53382100255332],[-89.96556685471285,44.53382574749688],[-89.9655660713821,44.53383465870624],[-89.96557191075642,44.533839331781685],[-89.96557112742578,44.533848242988505],[-89.96557077136639,44.53385269860197],[-89.96561933783687,44.534502309574414],[-89.96561855450717,44.534511220655695],[-89.96561819844823,44.53451567620636],[-89.96561114848033,44.53452429794319],[-89.9656107212095,44.53452875347123],[-89.96548531701659,44.53480884634469],[-89.96548453368418,44.53481775736683],[-89.96547791096397,44.53482185167564],[-89.96547086097023,44.53483047334756],[-89.96546423824766,44.53483463951943],[-89.96545754431185,44.53483880566908],[-89.96545049431437,44.53484742733663],[-89.96544387158828,44.53485159350581],[-89.96543724886104,44.53485575967424],[-89.96542471552463,44.53485518097443],[-89.96541809279408,44.53485934714143],[-89.9654056306636,44.53485876846106],[-89.9653926700436,44.53486271711826],[-89.96466864866197,44.53489239199377],[-89.96445892416492,44.53618673920603],[-89.96448755216055,44.5368488879931],[-89.96488848427889,44.53692504131988],[-89.96548189883863,44.53681347643043],[-89.96548852155814,44.536809310433284],[-89.96549478821642,44.53680959976789],[-89.96550732152988,44.536810178436106],[-89.96701940721513,44.53680717417501],[-89.96702567362289,44.536807463425866],[-89.97458620190471,44.53693500383008],[-89.9744324913514,44.53542333361226],[-89.97443284732837,44.53541887812011],[-89.97443370167312,44.53540996716632],[-89.97443448482245,44.535401056194964],[-89.97443484079942,44.5353966007007],[-89.97444188914262,44.53538805044468],[-89.9744423163149,44.53538359496504],[-89.97444893748455,44.53537942832256],[-89.97445598582517,44.5353708061984],[-89.97446260699245,44.53536663955399],[-89.97446929935391,44.53536247292468],[-89.97447592051888,44.535358306278766],[-89.97448880686893,44.53535442848351],[-89.97449542803054,44.535350261835745],[-89.97450795839775,44.53535083953689],[-89.97451457955603,44.5353466728877],[-89.97484463928505,44.53530355542196],[-89.97484983649271,44.5352457058158],[-89.97471520722843,44.5351369453414]]]}"
2_027c0000000000001af2,2,0.2,"{""type"":""Polygon"",""coordinates"":[[[-89.96610407341271,44.53237655363406],[-89.96449830545686,44.53237534877827],[-89.96449203863554,44.53237505936196],[-89.96447957620371,44.53237448055038],[-89.96447373666284,44.53236973540474],[-89.96446120301113,44.532369156569025],[-89.96445536346745,44.53236448329065],[-89.9644429010237,44.532363904474956],[-89.96443706147723,44.532359159326376],[-89.96443115071587,44.53235441415493],[-89.9644253111676,44.532349740873556],[-89.9643781674649,44.53231630724683],[-89.96423203586059,44.53310896797993],[-89.96436470799834,44.53316851563863],[-89.96437724168163,44.53316909447512],[-89.96438308123723,44.53317383954491],[-89.96438892079193,44.5331785846139],[-89.96439440427541,44.533187713487536],[-89.96440024382838,44.53319245855456],[-89.96440608338047,44.5331972036208],[-89.96441149564745,44.533206404335345],[-89.96441113957727,44.53321078813865],[-89.96441655184354,44.533219988850284],[-89.96441619577341,44.53322444451977],[-89.96441541241913,44.53323335583534],[-89.96440266510618,44.53337564911863],[-89.96454010797743,44.53338187230406],[-89.96462421137716,44.53328300895752],[-89.96463090545863,44.53327884271845],[-89.96463795560699,44.5332702208132],[-89.96464457847243,44.53326605455022],[-89.96465120133674,44.533261888286475],[-89.96466409099412,44.533258011423825],[-89.9646707850686,44.5332538451802],[-89.96468367471938,44.53324996831468],[-89.96468987029583,44.5332502576932],[-89.96470275994018,44.533246380825226],[-89.96634547755887,44.53311528562293],[-89.96640543670084,44.53244376770082],[-89.96610407341271,44.53237655363406]]]}"
2_027c0000000000001af8,2,0.2,"{""type"":""Polygon"",""coordinates"":[[[-89.9679955302802,44.53170756371175],[-89.96768029395707,44.531514720207134],[-89.96711205025264,44.531555955673156],[-89.96709951746436,44.531555377116234],[-89.96709332227772,44.53155508785771],[-89.96708078948333,44.5315545811687],[-89.96706832789391,44.53155400262881],[-89.96706241753867,44.53154925751174],[-89.96704995594328,44.53154867896979],[-89.96704411679433,44.53154393387171],[-89.96703827764448,44.53153926064285],[-89.9670261720871,44.53153422626045],[-89.96702033293452,44.53152948115971],[-89.96701442257186,44.53152473603769],[-89.9670085834175,44.53151999093538],[-89.96700936671874,44.53151115114667],[-89.96668223024012,44.53096052876962],[-89.96630111343022,44.530943240195796],[-89.96610393099094,44.53118438020113],[-89.96609730837784,44.53118854673342],[-89.96609688111245,44.53119300257994],[-89.96609025849813,44.53119716911105],[-89.96608320861712,44.53120579148666],[-89.96607694205514,44.53120550214993],[-89.96606405287328,44.53120937934138],[-89.9660574302533,44.53121354586913],[-89.96569646012604,44.53132225019876],[-89.96569168894554,44.53137557652474],[-89.96583681802112,44.531435775237036],[-89.96584265735416,44.531440448537424],[-89.96584856789768,44.53144519372841],[-89.96586060261599,44.5314502282236],[-89.96586651315673,44.53145497341267],[-89.96587235248523,44.531459646709635],[-89.96587819181286,44.53146439187594],[-89.96587740848848,44.531473303535755],[-89.96588324781534,44.531478048700436],[-89.96588246449106,44.53148696035768],[-89.9658878765494,44.531496089467616],[-89.96588752049296,44.531500545305356],[-89.96586800859461,44.531718449001744],[-89.96586765253798,44.53172290481832],[-89.96586060261599,44.531731527083615],[-89.96586017534794,44.53173598287772],[-89.96585312542457,44.53174460514016],[-89.9658527693678,44.531748989084534],[-89.96584614671129,44.53175315555214],[-89.96583909678533,44.531761777810566],[-89.96583240291505,44.53176594425502],[-89.9656467543656,44.531878149016876],[-89.96561698784777,44.53221161328551],[-89.96716666752636,44.532348762303016],[-89.96735722209823,44.53211179297198],[-89.96736384449343,44.532107626448784],[-89.96737089413868,44.53209900415993],[-89.96737751653151,44.532094837634816],[-89.96738421013171,44.53209067112919],[-89.96739083252224,44.53208650460256],[-89.96740372125753,44.53208262733426],[-89.96741034364469,44.532078460805785],[-89.96742287633123,44.53207903932227],[-89.96742949871508,44.53207487279238],[-89.96744203139535,44.5320754513068],[-89.96745449286314,44.53207602979965],[-89.96804181504251,44.532102571059966],[-89.9679955302802,44.53170756371175]]]}"
2_027c0000000000001af9,2,0.2,"{""type"":""Polygon"",""coordinates"":[[[-89.9534273640046,44.533137355145094],[-89.95342152277908,44.53313260951313],[-89.95341561031817,44.53312786385144],[-89.95341019649776,44.53311873446997],[-89.95341055267018,44.533114278825074],[-89.95341140748397,44.53310536759193],[-89.95341219106326,44.53309645632813],[-89.95341254723566,44.533092000681116],[-89.95360502231689,44.53199342570204],[-89.95346568812077,44.531937957952984],[-89.95345984690108,44.53193321220177],[-89.9534540056805,44.53192853831919],[-89.95344189583011,44.53192350254242],[-89.9534360546068,44.53191875678854],[-89.95343021338259,44.531914011033884],[-89.95342472832978,44.53190488138814],[-89.95342515573651,44.53190042565692],[-89.95341967068298,44.53189122413883],[-89.95342009808978,44.531886768406345],[-89.95341461303552,44.53187763875481],[-89.95341504044238,44.53187318302104],[-89.95355993109106,44.53025442576416],[-89.95333176725045,44.53006998114938],[-89.9532505596863,44.53006628256832],[-89.9531546063164,44.530227165069284],[-89.95315382273184,44.530236005004035],[-89.95314719787993,44.53024017087087],[-89.95314057302687,44.53024433673696],[-89.95313387693767,44.53024850257316],[-89.95312682467225,44.53025712432423],[-89.95312019981569,44.53026129018763],[-89.95311357495797,44.53026545605028],[-89.95310103758968,44.530264875944944],[-89.95309441272865,44.53026904180617],[-89.9530819465892,44.53026846172794],[-89.95307532172487,44.530272627587735],[-89.95306278434407,44.53027211935024],[-89.95305651565214,44.530271829295],[-89.95158840250994,44.530205240067836],[-89.95129596994005,44.53038838948977],[-89.95128934476706,44.53039255523547],[-89.95128271959294,44.53039672098042],[-89.95127645060991,44.530396430828475],[-89.95126355644844,44.5304003064197],[-89.95125693126987,44.530404472162466],[-89.95124439329436,44.53040389185549],[-89.9512381955436,44.530403673603516],[-89.9505258749617,44.53044275400901],[-89.95051298054777,44.53044662951182],[-89.94607754357487,44.5303123125565],[-89.94601299273434,44.53103272020142],[-89.94651279579924,44.531055378222106],[-89.94652526407468,44.5310559590062],[-89.94653780359332,44.53105653982216],[-89.94654364586764,44.53106128601493],[-89.94655611413306,44.53106186679559],[-89.94656195640461,44.531066541116175],[-89.94656779867525,44.531071287306695],[-89.94657991069694,44.531076323901836],[-89.94658575296485,44.531081070090444],[-89.94659159523188,44.531085744407605],[-89.94659743749801,44.53109049059468],[-89.94675524959413,44.53128964536207],[-89.94721158294962,44.531377394486285],[-89.94722412224387,44.53137790335289],[-89.94722996441364,44.53138264947818],[-89.94724243245592,44.53138323018015],[-89.94724827462292,44.53138797630397],[-89.94725411678903,44.53139272242701],[-89.94726622859395,44.53139768704489],[-89.94727207075732,44.531402433166036],[-89.9472775566904,44.531411635073994],[-89.94727712921512,44.53141609082839],[-89.94728297137682,44.53142076507695],[-89.94728845730835,44.53142996698081],[-89.94728802983319,44.531434422733504],[-89.94728724612872,44.53144333427039],[-89.94728681865355,44.531447790021815],[-89.94725454426455,44.531807986863484],[-89.9472537605594,44.53181689832922],[-89.94725340432979,44.5318212822083],[-89.94725254937869,44.53183019363871],[-89.94724592350704,44.53183435902216],[-89.94723887015854,44.53184298011859],[-89.9472385139288,44.5318474358647],[-89.94723181680875,44.53185160121299],[-89.94722519093352,44.531855766593345],[-89.94721186793363,44.531864097318966],[-89.94720566953103,44.53186380698585],[-89.94719904365128,44.5318679723636],[-89.9471861481186,44.53187184737363],[-89.94717987846579,44.531871557006326],[-89.94716698292666,44.53187543201391],[-89.94716071327072,44.53187514164559],[-89.94714824520186,44.53187456094074],[-89.9467109340282,44.53185473806708],[-89.94662679130953,44.53195359124379],[-89.94661973784716,44.53196221228009],[-89.94661311186618,44.53196637761516],[-89.94660641463693,44.53197054291628],[-89.94659978865364,44.531974708249834],[-89.94659316266922,44.531978873582624],[-89.9465864654365,44.53198303888147],[-89.94657356969783,44.53198691381294],[-89.94656694370887,44.53199107914314],[-89.94655447544697,44.53199049837504],[-89.94654820569089,44.53199020797386],[-89.94592414609076,44.53202441246694],[-89.94590020662312,44.53229125090757],[-89.94605773659562,44.53242341989167],[-89.94606357894308,44.532428165970806],[-89.94606942128965,44.53243284018055],[-89.94607490739477,44.532442041944115],[-89.94608074973961,44.5324467880205],[-89.94607996601047,44.53245569935682],[-89.94608580835455,44.53246037356297],[-89.94608502462552,44.53246928489675],[-89.94608459713696,44.532473740546244],[-89.94600807660629,44.53332756705382],[-89.94843215002545,44.53322778168964],[-89.94844461767688,44.53322829037065],[-89.9512561476465,44.53335586336103],[-89.95360466614628,44.533328450600365],[-89.9534273640046,44.533137355145094]]]}"
2_027c0000000000001afe,2,0.2,"{""type"":""Polygon"",""coordinates"":[[[-89.96419642866006,44.530347938335694],[-89.96235335476096,44.53033592011288],[-89.96234708758868,44.5303356305667],[-89.96233498054842,44.53033059555947],[-89.96232871337314,44.53033030601223],[-89.96231625023744,44.530329798812],[-89.96231041036674,44.530325053349486],[-89.9622983033149,44.53032001833725],[-89.96229203613362,44.530319728787944],[-89.96228619625923,44.53031498332319],[-89.96228035638394,44.530310309729536],[-89.9622748725978,44.530301108323414],[-89.9622690327208,44.5302963628559],[-89.9622631928429,44.53029161738761],[-89.96226397624122,44.53028277740034],[-89.96225813636254,44.530278031930415],[-89.96225891976096,44.53026912006869],[-89.96225307988152,44.530264374597124],[-89.96225386328003,44.53025553460479],[-89.96228128221789,44.52994864935609],[-89.96206114676303,44.5298851132959],[-89.96147985773764,44.52979184437926],[-89.95916821717691,44.52975855765071],[-89.95916194948356,44.529758267926624],[-89.95914948531761,44.52975768850281],[-89.95914364496416,44.529752942821084],[-89.9591311095684,44.52975236336981],[-89.95912526921215,44.52974768955933],[-89.95911280503427,44.529747110131396],[-89.95910696467524,44.52974236444672],[-89.9591010530914,44.52973761873586],[-89.95909521273059,44.529732873049625],[-89.95908979971244,44.5297237432762],[-89.95887812161378,44.529495327163936],[-89.95863930571967,44.52964078407428],[-89.95863268181593,44.52964495031159],[-89.95862598668624,44.52964911652245],[-89.95861936278018,44.529653282758254],[-89.95860647108877,44.529657159238184],[-89.95860020330353,44.52965686948273],[-89.95858773895485,44.52965628999651],[-89.9585810438173,44.52966045620373],[-89.95856857946238,44.52965994858833],[-89.95820625669907,44.52964350188831],[-89.95802683906734,44.52975591726652],[-89.95802014383179,44.529760083432066],[-89.95800725193878,44.52976395983568],[-89.95800062792576,44.52976812602546],[-89.95798773602618,44.5297720024262],[-89.95798146813974,44.529771712637576],[-89.95796857623371,44.52977558903587],[-89.95795611167955,44.529775081355034],[-89.95623838611391,44.52976416053365],[-89.95611131296042,44.533357250551866],[-89.96400877816632,44.533290866478595],[-89.96433244798781,44.53079164339853],[-89.96419642866006,44.530347938335694]]]}"
2_027c0000000000001b01,2,0.2,"{""type"":""Polygon"",""coordinates"":[[[-89.96923117182749,44.53030340262828],[-89.96923195508327,44.53029449072324],[-89.96922647229246,44.530285289646486],[-89.96927731268613,44.52971607424049],[-89.96736590954116,44.52969657149131],[-89.96735337683597,44.52969599293941],[-89.96734718169043,44.52969577555604],[-89.9673346489791,44.529695197002084],[-89.96732880987356,44.529690451731234],[-89.96732254351542,44.529690162453385],[-89.9673104380479,44.52968512790287],[-89.96730459893868,44.52968045450262],[-89.96729875982855,44.52967570922875],[-89.96729292071755,44.529670963954096],[-89.96728708160565,44.52966621867868],[-89.96728124249286,44.52966147340248],[-89.96727575942272,44.52965234398127],[-89.9672699203082,44.52964759870309],[-89.96727027635178,44.52964314268514],[-89.96726486448881,44.529633941407276],[-89.96726522053247,44.52962955726096],[-89.96726607503717,44.5296206452619],[-89.96729982795851,44.52924260173586],[-89.96710421726043,44.529184687542],[-89.966887100321,44.52922839602059],[-89.96651061420884,44.53028301891224],[-89.96666271874669,44.53040596408168],[-89.9666685579538,44.530410709314175],[-89.96667439716002,44.5304154545459],[-89.96667988031626,44.53042458384749],[-89.96667945305737,44.53042903976872],[-89.96668493621289,44.53043824093911],[-89.96691074184477,44.53114055932102],[-89.9671741444613,44.53128193247085],[-89.96717998359043,44.53128667758878],[-89.96718582271865,44.53129142270593],[-89.96719757218129,44.5313008410879],[-89.96719714492816,44.5313052969279],[-89.96720298405378,44.53131004204229],[-89.96720846713434,44.531319243015],[-89.96720803988134,44.53132362698297],[-89.96721352296117,44.531332827952774],[-89.96721309570823,44.531337283789796],[-89.96721231241115,44.53134619548294],[-89.9672071141665,44.53140397767607],[-89.96769959130826,44.53136825428624],[-89.96771212390014,44.531368760909515],[-89.96771839019453,44.53136905015575],[-89.96773085157238,44.531369628627175],[-89.96773711786372,44.5313699178724],[-89.96774922319635,44.53137495219726],[-89.96775548948467,44.53137524144145],[-89.96776752360368,44.53138020387354],[-89.96777343385011,44.53138494897132],[-89.96777927288785,44.531389694048286],[-89.9677851119247,44.53139443912449],[-89.96779095096065,44.53139911232971],[-89.9677967899957,44.53140385740434],[-89.96780227299125,44.53141305833027],[-89.96786806887636,44.531518725858554],[-89.968005570518,44.53152494514907],[-89.9680180318024,44.53152552358733],[-89.96802429804674,44.531525812815886],[-89.96803640328856,44.531530775223686],[-89.96804259832263,44.53153106443134],[-89.96805470355866,44.53153609870666],[-89.96806061376076,44.531540843773875],[-89.9680664527547,44.53154558882046],[-89.96807229174775,44.53155026199629],[-89.9680781307399,44.53155500704132],[-89.96808396973118,44.531559752085585],[-89.96808980872156,44.531564497129075],[-89.96809529167514,44.531573626139554],[-89.96809486443202,44.531578081957036],[-89.96824190698656,44.53196873429006],[-89.96847311513002,44.53197921917896],[-89.96847931009341,44.53197950836025],[-89.96849184243007,44.53198008676096],[-89.96849768135826,44.53198475987187],[-89.96851014248249,44.53198533825094],[-89.96851605261429,44.531990083249276],[-89.96852815770065,44.53199511742537],[-89.9685339966233,44.53199979053292],[-89.96853983554504,44.53200453550901],[-89.9685456744659,44.53200928048432],[-89.96855151338588,44.53201402545886],[-89.96855699627332,44.532023154359855],[-89.96862279086155,44.53212889195101],[-89.96916637515744,44.53215347497132],[-89.96938105820995,44.53087273656621],[-89.96923117182749,44.53030340262828]]]}"
2_027c0000000000001b03,2,0.2,"{""type"":""Polygon"",""coordinates"":[[[-89.95865276719798,44.52878858422141],[-89.95824600054671,44.528707650073216],[-89.9569402012715,44.52871988865575],[-89.95693400444164,44.528719598830094],[-89.956921468323,44.528719019124225],[-89.95691520026216,44.52871880114508],[-89.95690316273331,44.528713765417116],[-89.95689062660459,44.528713185707794],[-89.95688478590687,44.52870843980537],[-89.95687894520823,44.52870376577651],[-89.95686683643996,44.52869873001631],[-89.95686099573858,44.528693984111214],[-89.95685515503634,44.528689238205345],[-89.95684931433318,44.528684492298694],[-89.9568500978422,44.52867565204621],[-89.9568442571383,44.528670906137926],[-89.95683877257406,44.528661704150544],[-89.95683955608328,44.52865286389384],[-89.95679112093741,44.52821304406],[-89.95637251051559,44.528194054196064],[-89.95628860268677,44.52913241432794],[-89.95690152448945,44.52922270408968],[-89.95691363324678,44.52922773979006],[-89.95691983007993,44.52922802961372],[-89.95693193883146,44.529232993438065],[-89.95693820688957,44.52923328328745],[-89.95695031563531,44.52923831898281],[-89.95695615632306,44.529243064828364],[-89.95696199700993,44.52924773879962],[-89.95696748155653,44.529256940666286],[-89.95697332224165,44.529261686509074],[-89.95721912880524,44.52959879206358],[-89.95794386079952,44.52963161874363],[-89.95868538811517,44.52940620696395],[-89.95865276719798,44.52878858422141]]]}"
2_027c0000000000001b05,2,0.2,"{""type"":""Polygon"",""coordinates"":[[[-89.96647536517774,44.5282900298119],[-89.9664628321811,44.528289451145305],[-89.96645663689146,44.52828916183233],[-89.96644453115022,44.52828412704017],[-89.96643826464734,44.52828383770533],[-89.96642615890029,44.52827887478564],[-89.96642031965621,44.528274129325396],[-89.96616901768661,44.528137708353015],[-89.96590731722638,44.528188374669874],[-89.96590112184688,44.52818808532622],[-89.96589442798744,44.52819225209165],[-89.96588196601196,44.52819167338147],[-89.96587569941704,44.52819138401527],[-89.96586323743547,44.528190877178176],[-89.96510112614665,44.528084919216894],[-89.96482097415566,44.52820170263409],[-89.9648143513207,44.52820586935699],[-89.9648014617139,44.528209746654255],[-89.96479519494218,44.528209457229025],[-89.96478230532894,44.52821333452384],[-89.96477610976746,44.52821311699456],[-89.96476357621468,44.52821253814103],[-89.9647511138712,44.528211959308045],[-89.96474484709125,44.52821166988008],[-89.96439974532998,44.52814249118783],[-89.96451411493338,44.5286879124828],[-89.96451959839894,44.528697114097945],[-89.96451874383293,44.528705954377315],[-89.96437254155089,44.53034253095994],[-89.96486505514622,44.53030674707952],[-89.96487167797241,44.53030258054024],[-89.96488421148979,44.53030315935633],[-89.9648904070338,44.53030344874205],[-89.96490251326635,44.530308483482074],[-89.9649087800205,44.53030870101669],[-89.96492088624723,44.53031373575422],[-89.9649270817853,44.53031402513788],[-89.96493918800626,44.530319059872895],[-89.9649450986892,44.530323805223794],[-89.96495093815821,44.53032847868029],[-89.96495677762633,44.53033322400786],[-89.9649621898155,44.53034242525765],[-89.9649681004949,44.530347170605005],[-89.9649676732169,44.53035155465533],[-89.9649731566175,44.53036075592278],[-89.96497272933958,44.53036521184364],[-89.96497194599667,44.530374123705876],[-89.96497778546158,44.53037879715599],[-89.96496867019889,44.53048113966404],[-89.96510796257023,44.530536523268516],[-89.9651138020144,44.53054126856707],[-89.9651259081763,44.530546303258],[-89.96513174761776,44.53055097668314],[-89.96513758705831,44.530555721979006],[-89.96514307043459,44.53056492319832],[-89.96514890987342,44.530569668492205],[-89.96514855381011,44.53057412441556],[-89.96515396597216,44.53058325373763],[-89.9651536099089,44.530587709659706],[-89.96515902207024,44.530596910850335],[-89.9651944859507,44.53118338891039],[-89.96567552389669,44.53120516701768],[-89.96604204867988,44.531034224082525],[-89.96615328010404,44.5308427928631],[-89.96615363615801,44.53083833696209],[-89.96616068602606,44.53082978638571],[-89.96616730862819,44.5308256198179],[-89.96617400243993,44.530821453270356],[-89.96618062503975,44.530817286701044],[-89.96618724763843,44.530813120130965],[-89.9661939414467,44.53080895358114],[-89.96620683058484,44.530805076341984],[-89.96621345317898,44.53080090976931],[-89.96621971971864,44.53080119910105],[-89.96623260884809,44.53079732185834],[-89.96623880417398,44.53079753929694],[-89.96625133724395,44.530798117957346],[-89.96653247571284,44.53081084971781],[-89.96648647396681,44.53048281537045],[-89.9663226902119,44.5303503796581],[-89.9663172070045,44.530341250324994],[-89.96631136774381,44.530336505067574],[-89.96630552848224,44.53033175980938],[-89.96630011648291,44.53032255862091],[-89.96630047253552,44.530318174541925],[-89.96629506053549,44.53030897335057],[-89.96629541658814,44.53030451739845],[-89.96629619990398,44.530295605513864],[-89.96632162205466,44.53001099939461],[-89.9662217136174,44.530006513906876],[-89.96620918053772,44.53000593523354],[-89.96620334126058,44.530001189936726],[-89.9661908081749,44.530000611261315],[-89.96618461284125,44.530000321944115],[-89.96617250701401,44.52999535917893],[-89.96616666773126,44.52999061387918],[-89.96616075723684,44.529985868557645],[-89.9661549179523,44.52998112325633],[-89.96614281211568,44.52997616048599],[-89.96614323938054,44.52997170452378],[-89.96613775614748,44.52996250323606],[-89.96613191685942,44.52995775793122],[-89.96612650483556,44.5299486285337],[-89.96612686088979,44.52994417254791],[-89.96606804068692,44.52962000932712],[-89.96582328785577,44.52955086665925],[-89.96581702125124,44.52955057729815],[-89.96581118191429,44.5295459038084],[-89.965799075969,44.529540869082695],[-89.96579323662931,44.529536123717996],[-89.96578739728874,44.529531378352516],[-89.96578155794727,44.529526632986254],[-89.9657757186049,44.529521959492314],[-89.9657702353192,44.52951275809888],[-89.96576439597511,44.52950801272986],[-89.96576475203271,44.52950355670339],[-89.96576560657091,44.52949471656482],[-89.96576012328374,44.52948551516556],[-89.96576055055291,44.529481059158236],[-89.96583083626439,44.52869391881639],[-89.96583161958972,44.528685006629274],[-89.96583866951705,44.52867645568044],[-89.96583902557396,44.52867199957479],[-89.96584607549993,44.52866337674874],[-89.96584650276812,44.52865892066305],[-89.96585312542457,44.52865475392066],[-89.96586017534794,44.52864613109056],[-89.96586679800205,44.52864196434624],[-89.96587349186632,44.52863779762238],[-89.96588011451811,44.528633630876556],[-89.96615320889325,44.528525468814735],[-89.96616275113868,44.528418737713295],[-89.96616317840333,44.52841428160318],[-89.96616396172188,44.5284053693607],[-89.9661647450404,44.528396528991316],[-89.96617136764183,44.52839236220721],[-89.96617841750661,44.528383739309305],[-89.96617884477111,44.528379283195825],[-89.96618546737008,44.528375116409364],[-89.96619835651107,44.52837123896996],[-89.96620497910669,44.52836707218166],[-89.96621167291185,44.52836290541361],[-89.96621829550517,44.5283587386238],[-89.96623118463512,44.52835486117934],[-89.96623745117185,44.52835515052508],[-89.96625034029535,44.52835127307816],[-89.96626280215095,44.52835185174629],[-89.96626906868252,44.52835206921545],[-89.9662816017426,44.52835264790247],[-89.96628779706055,44.528352937224525],[-89.96629990285135,44.52835797202587],[-89.96656886405174,44.528437113086085],[-89.96693716051823,44.52838676382785],[-89.96707893804744,44.52834411097647],[-89.9670813591559,44.52831744608037],[-89.96647536517774,44.5282900298119]]]}"
2_027c0000000000001b08,2,0.2,"{""type"":""Polygon"",""coordinates"":[[[-89.9459005628653,44.53340750453109],[-89.94588189577023,44.53249578051814],[-89.94571809518371,44.53236332105149],[-89.94571225278361,44.53235857494818],[-89.94570641038263,44.532353900712835],[-89.94570056798077,44.53234915460799],[-89.94570135171766,44.532340243254076],[-89.94569550931502,44.532335497147585],[-89.94569629305201,44.53232658579112],[-89.94569672054492,44.532322201997914],[-89.94569750428188,44.5323132906389],[-89.94588324949116,44.53024099590561],[-89.94574032479541,44.529595944813835],[-89.94573483864242,44.52958681434951],[-89.9457352661349,44.52958235842731],[-89.9458675748247,44.52810591113086],[-89.94571004407115,44.5279737297365],[-89.94570420166984,44.527969055064716],[-89.94569835926764,44.5279643085167],[-89.94569251686454,44.52795956196791],[-89.94568703070473,44.52795035930767],[-89.94568745819772,44.52794597510581],[-89.94568781444188,44.52794151899428],[-89.94568239953026,44.52793231636404],[-89.94568275577446,44.52792786025123],[-89.94571631396425,44.52643356044031],[-89.94566266359581,44.52633290598659],[-89.94462533713794,44.52621884217014],[-89.93885886104225,44.52624257769443],[-89.9388129685985,44.52675396301511],[-89.93952536421314,44.52685331608348],[-89.9395316351171,44.526853606900886],[-89.93954410566175,44.52685418849706],[-89.93954994900126,44.52685893547114],[-89.9395620632389,44.52686390138298],[-89.93956790657568,44.526868648355155],[-89.93957374991157,44.52687339532655],[-89.93958586414169,44.526878433111456],[-89.93959170747485,44.52688310820385],[-89.93959755080712,44.52688785517257],[-89.9395971945064,44.52689231136483],[-89.93966802702502,44.52701159262262],[-89.94031784158427,44.52717954951751],[-89.9403303118734,44.52718013102403],[-89.94033615509318,44.527184877925066],[-89.94034199831209,44.527189624825326],[-89.94035411229966,44.52719459061843],[-89.94035995551582,44.52719933751679],[-89.94036579873111,44.52720408441437],[-89.94037164194549,44.52720883131119],[-89.94037748515899,44.527213578207224],[-89.94038297207818,44.527222709389264],[-89.94038254452606,44.52722716551518],[-89.94046335179134,44.52744513681361],[-89.94046883869824,44.52745433982277],[-89.94046798359592,44.527463252030834],[-89.94046762730328,44.52746770817126],[-89.94046684345945,44.52747654853759],[-89.94028349482414,44.528401490739036],[-89.94028271097656,44.528410330928274],[-89.94027608390091,44.528414496211504],[-89.94027522879429,44.52842340823585],[-89.94026860171735,44.52842757351748],[-89.9402615470858,44.52843619480907],[-89.9402549200065,44.528440360088766],[-89.94024829292604,44.528444525367725],[-89.9402415945855,44.52844869060876],[-89.94023496750276,44.52845285588621],[-89.94022834041887,44.52845702116289],[-89.94021544254264,44.52846089566907],[-89.9402091717504,44.528460604898974],[-89.94019627386771,44.5284644794027],[-89.94018380353505,44.5284638978973],[-89.94017753273765,44.528463607125495],[-89.94001513298001,44.52845626289698],[-89.93975596178072,44.5286185634968],[-89.93973914445242,44.52880535598397],[-89.93973878815302,44.5288098119947],[-89.93973800429431,44.5288187239774],[-89.9397371491757,44.52882763592094],[-89.93973052200582,44.5288318011355],[-89.93972346727534,44.52884035044548],[-89.93971684010312,44.52884451565811],[-89.93971641254356,44.52884897162756],[-89.9397035857552,44.52885284608111],[-89.93969688731957,44.52885701125398],[-89.93969026014274,44.528861176463586],[-89.93967736208565,44.52886505087569],[-89.9393226281859,44.52897396833299],[-89.93930182006906,44.529205175105034],[-89.9394486880771,44.52959588393267],[-89.93969303928155,44.529669466875326],[-89.93970508221406,44.5296745043105],[-89.93971135308867,44.52967479510078],[-89.93972346727534,44.529679832570935],[-89.93972931058755,44.52968457925038],[-89.93973515389887,44.52968925405622],[-89.93974056965003,44.52969845662303],[-89.9397464842195,44.52970320333717],[-89.9397523275282,44.529707950013076],[-89.93975774327693,44.52971708070263],[-89.93975738697769,44.52972153662688],[-89.93975653185952,44.52973044839919],[-89.93975574800118,44.529739360207245],[-89.93969695857953,44.531513761732135],[-89.93986641438929,44.53172241710285],[-89.93987225767972,44.5317271635686],[-89.93987767341154,44.5317362938599],[-89.93987731711341,44.53174074959286],[-89.9398827328445,44.53174995175094],[-89.93988237654644,44.531754407482616],[-89.93988159269065,44.53176331890732],[-89.93988073757525,44.53177215842334],[-89.93987411043017,44.53177632338475],[-89.93976394288309,44.532025868052955],[-89.9404835892103,44.53267471566339],[-89.94048900485582,44.53268391760981],[-89.94048857730489,44.53268837321775],[-89.94049449175907,44.532693119591165],[-89.94049990740304,44.53270224966526],[-89.94073142546847,44.533337895822086],[-89.94128188986676,44.53363527734919],[-89.94129400355759,44.53364031422874],[-89.94129984663061,44.53364506042787],[-89.94130568970276,44.53364980662624],[-89.94131117648921,44.53365893651248],[-89.94131701955962,44.53366368270887],[-89.9413224350875,44.53367288442212],[-89.9413220788028,44.53367733997581],[-89.94132122371948,44.53368625100898],[-89.9413267105037,44.5336953808874],[-89.94133077214867,44.536937320691415],[-89.94254290455726,44.53699233408276],[-89.94256242833299,44.53677445889133],[-89.94256285586081,44.536770003663435],[-89.94256991006922,44.536761383760926],[-89.94257026634234,44.536756928496054],[-89.94257732054939,44.53674830859069],[-89.94257774807704,44.536743925222254],[-89.94258480228272,44.53673530531404],[-89.9425914289596,44.536731140635915],[-89.94259805563533,44.53672697595704],[-89.9426046823099,44.53672281127741],[-89.94261757938298,44.53671893718493],[-89.94262427730872,44.53671477253912],[-89.94263717437521,44.53671089844378],[-89.9426433735161,44.53671118899465],[-89.94328601235561,44.53661082995214],[-89.94331308859769,44.53630844616016],[-89.94331394363661,44.53629953560978],[-89.94332092645368,44.53629098740192],[-89.94332135397305,44.53628653212525],[-89.94332213775854,44.53627762153541],[-89.94332883556127,44.53627345680914],[-89.94333546210963,44.53626929204688],[-89.94334251617597,44.536260672004666],[-89.94334914272197,44.53625650724048],[-89.94335576926682,44.53625234247554],[-89.94336246706366,44.536248177745044],[-89.94368132359276,44.53611977219986],[-89.94368802133278,44.53611560743853],[-89.94369422030387,44.53611589793614],[-89.94370711701065,44.53611202367065],[-89.94371338723114,44.53611231420224],[-89.94372001371308,44.536108149403375],[-89.94373255414885,44.53610873046484],[-89.9457565695035,44.536133636675245],[-89.9459005628653,44.53340750453109]],[[-89.94551881183916,44.53199705391654],[-89.94551296940872,44.53199230776607],[-89.9455075544724,44.53198317779066],[-89.94550791071823,44.5319787220629],[-89.94532130869706,44.531751453742146],[-89.94531546623655,44.53174670755678],[-89.94530962377513,44.53174196137064],[-89.94530371006327,44.531737287019396],[-89.94529786760006,44.53173254083169],[-89.94528582642309,44.531727504205286],[-89.94527998395716,44.53172275801569],[-89.94526744402727,44.531722177070066],[-89.94526160155854,44.53171750274871],[-89.94524913287229,44.531716921835056],[-89.94524286290282,44.531716631360695],[-89.94523039421047,44.531716050444984],[-89.94453128595869,44.531746833790805],[-89.94453691478576,44.53168459734263],[-89.94453769854641,44.53167568587064],[-89.94453805480126,44.53167123011676],[-89.9445326397273,44.53166202816309],[-89.94453306723317,44.53165757244242],[-89.94452758090752,44.531648442321156],[-89.94452173832607,44.531643696084906],[-89.94451589574376,44.53163894984787],[-89.94451005316056,44.531634203610054],[-89.94450421057645,44.5316295292413],[-89.94449836799147,44.531624783001945],[-89.9444925254056,44.53162003676181],[-89.94448041272472,44.53161500000414],[-89.94447414262957,44.53161470948703],[-89.9444620299429,44.53160974459672],[-89.94445583109588,44.531609454113116],[-89.94444329089656,44.53160887307581],[-89.94393726193279,44.53158591576974],[-89.94393099174887,44.531585625222704],[-89.94391852263009,44.531585044162455],[-89.94391189618244,44.531589209374495],[-89.9438993558053,44.53158862827734],[-89.94389272935436,44.53159279348795],[-89.94387983270998,44.53159666814804],[-89.94387320625567,44.5316008333568],[-89.9438665798002,44.53160499856482],[-89.94365389134754,44.531738212638196],[-89.94364719360155,44.53174237778627],[-89.94364056710705,44.53174654296861],[-89.94363351309552,44.531755163858634],[-89.94362688659865,44.53175932903905],[-89.94362610281937,44.53176824048885],[-89.94361940506855,44.53177240563262],[-89.94361862128913,44.53178124521028],[-89.94361826502575,44.531785700950806],[-89.94361748124629,44.53179461239553],[-89.94361705373022,44.53179906809973],[-89.94369094268708,44.53216412863349],[-89.94369015890912,44.53217296813787],[-89.94368973139386,44.53217742380643],[-89.94369521783935,44.5321866257339],[-89.94370106054667,44.53219137195746],[-89.9437069032531,44.532196046311256],[-89.94371274595865,44.53220079253326],[-89.94371823240084,44.53220999445505],[-89.94373070158474,44.53221057552947],[-89.94373654428665,44.53221532174879],[-89.94374865720242,44.532220286651885],[-89.94375492741615,44.53222057720502],[-89.9437669690737,44.53222561393959],[-89.94377323928444,44.53222590449168],[-89.9452787727141,44.53236569940448],[-89.9452912413907,44.53236628030697],[-89.94529751135228,44.5323665707747],[-89.94531005127233,44.53236715170913],[-89.94531667747843,44.53236298648516],[-89.94532914614273,44.53236349551482],[-89.94533577234552,44.53235933028942],[-89.94534866850039,44.53235545552826],[-89.94535536594925,44.53235129033499],[-89.94536199214754,44.53234712510697],[-89.94536861834466,44.532342959878214],[-89.94537567203712,44.532334410857835],[-89.94538229823189,44.53233024562715],[-89.94538315322468,44.53232133430582],[-89.94538977941815,44.532317169073536],[-89.94551560562745,44.53203262767445],[-89.94551603312236,44.53202817198524],[-89.94551681686302,44.532019332440925],[-89.94551760060365,44.532010421025674],[-89.94551802809855,44.532005965334335],[-89.94551881183916,44.53199705391654]]]}"
2_027c0000000000001b09,2,0.2,"{""type"":""Polygon"",""coordinates"":[[[-89.95565266369591,44.52621465495086],[-89.95564019838848,44.526214146979726],[-89.95354112525608,44.52611893919327],[-89.9520165397154,44.52626407996659],[-89.95200364580285,44.526267955982824],[-89.94876742157207,44.52626403926072],[-89.9487611521778,44.5262637489457],[-89.94874868462928,44.52626316834649],[-89.94816783486128,44.52616536848913],[-89.94665564636932,44.52631101842648],[-89.94664317813627,44.52631043759849],[-89.9466369083947,44.52631021904539],[-89.94662444015555,44.52630963821536],[-89.94591160637147,44.526214712480915],[-89.94582411321603,44.52642060156488],[-89.94596162272734,44.527056421509215],[-89.94596083899577,44.52706533386798],[-89.94596041150582,44.527069790029934],[-89.94588588568443,44.5279013623956],[-89.94604961430622,44.528033834171296],[-89.94605552790306,44.52803858072791],[-89.94606137025085,44.52804332725019],[-89.94606721259777,44.52804800189638],[-89.94606642886835,44.528056914067655],[-89.94607227121449,44.52806166058755],[-89.94607141623706,44.52807057272274],[-89.94607105999646,44.52807495694793],[-89.94607647485323,44.52808415953187],[-89.94598413719103,44.53016514663518],[-89.95051981957447,44.53029958281543],[-89.95118804359248,44.530262927200994],[-89.95148667469724,44.53008006767774],[-89.95149337107416,44.530075901923006],[-89.95149999621188,44.530071736137366],[-89.95150662134844,44.53006757035097],[-89.95151951542817,44.53006369470484],[-89.95152578437146,44.53006391297327],[-89.95153867844473,44.530060037324695],[-89.95154494738487,44.530060327464334],[-89.95155741402415,44.530060907712496],[-89.95299432732321,44.530126119176245],[-89.9530902810943,44.5299652364635],[-89.95309106468017,44.52995632460578],[-89.95309768954178,44.529952158716995],[-89.95310474181255,44.529943536911695],[-89.9531113666718,44.52993937102097],[-89.95311806276493,44.52993527703109],[-89.95312468762188,44.52993111113886],[-89.95313131247767,44.52992694524589],[-89.95313793733233,44.529922779352155],[-89.95315047468854,44.52992328758516],[-89.9531570995399,44.52991912168999],[-89.95316963688983,44.52991970179342],[-89.95317583432835,44.52991999181551],[-89.95318837167217,44.52992057191687],[-89.95338825627034,44.52992963744384],[-89.95340079354469,44.529930217521816],[-89.95340699094584,44.52993050753132],[-89.95341952821406,44.529931087607245],[-89.95342536943988,44.52993576169037],[-89.95343783546765,44.52993634173526],[-89.95344367669071,44.52994108768935],[-89.95344951791286,44.52994583364267],[-89.95346162776083,44.529950797758154],[-89.95346746898025,44.529955543709576],[-89.95347295402695,44.529964745604694],[-89.95383453797126,44.530409779880664],[-89.95384002296542,44.530418981669214],[-89.95384586412717,44.53042365568234],[-89.95384508055675,44.53043256745657],[-89.95384465315469,44.530437023328695],[-89.95385013814742,44.530446225111426],[-89.9538497107454,44.530450680982284],[-89.95361449645397,44.53307885895253],[-89.9538429435464,44.53333034349385],[-89.95591065903446,44.53335710166852],[-89.9560467790115,44.52846956998801],[-89.9560476337665,44.528460657853216],[-89.95604798991442,44.52845620175787],[-89.9560487734398,44.52844728959322],[-89.95631267812674,44.52781186987035],[-89.95631303427218,44.5278074137126],[-89.95632008595138,44.527798791314964],[-89.95632671025488,44.52779462504761],[-89.9566451028478,44.52746081012959],[-89.95680116411238,44.526838272974906],[-89.95680194762238,44.52682936049792],[-89.9568089992116,44.526820809767685],[-89.95680942658062,44.52681635354115],[-89.95681647816846,44.52680773093086],[-89.95713443932691,44.52647829201285],[-89.95716385629896,44.5261492455629],[-89.95565266369591,44.52621465495086]]]}"
2_027c0000000000001b0a,2,0.2,"{""type"":""Polygon"",""coordinates"":[[[-89.9641622457164,44.528203151669544],[-89.96416267300339,44.52819869554651],[-89.96415718948673,44.528189565691754],[-89.96415761677376,44.528185109567445],[-89.96431015794259,44.526477444869094],[-89.96417399610672,44.52617659305712],[-89.96354331551582,44.52621499275303],[-89.96353078155964,44.52621441374011],[-89.96351831881505,44.52621383474847],[-89.96192540424411,44.52607027888942],[-89.95990729923646,44.52619322129969],[-89.95989476409055,44.52619264188844],[-89.95736457489058,44.526149392286925],[-89.95733238021211,44.52650963268275],[-89.95733195284893,44.52651408894038],[-89.95733116934977,44.52652292960321],[-89.95733081321379,44.52652738588608],[-89.95732411785663,44.526531552297556],[-89.95732333435731,44.526540464834675],[-89.95731671022608,44.52654463127108],[-89.9569920551648,44.526878164714354],[-89.95651767489935,44.52804439326378],[-89.95718543822778,44.52801215700398],[-89.95719790303261,44.528012736662994],[-89.95720417104724,44.52801302650529],[-89.95880960375527,44.52815722156273],[-89.95882206803178,44.52815772916797],[-89.95882797965866,44.52816247505287],[-89.95884044392919,44.52816305453122],[-89.95884628432886,44.52816780038905],[-89.95885839247164,44.528172764121706],[-89.95886466021466,44.52817305387211],[-89.95887050061062,44.5281777997277],[-89.95887591365974,44.528187001687165],[-89.958881754054,44.528191747540774],[-89.95888766567167,44.52819642154403],[-89.95889350606413,44.52820116739608],[-89.9588927225969,44.52821007962713],[-89.95889856298858,44.52821482547754],[-89.95889770829717,44.528223665805406],[-89.95889735217574,44.5282281219318],[-89.9588970672786,44.52935331245466],[-89.9592188572526,44.52961346443539],[-89.96139888109775,44.52964526853036],[-89.96142473381668,44.52935620356263],[-89.96142551723213,44.52934729153164],[-89.96143214065305,44.52934312510624],[-89.96143292406835,44.52933421307272],[-89.96143961870754,44.52933011854306],[-89.9614404021227,44.529321206507035],[-89.96144702554103,44.52931704007844],[-89.96145364895824,44.5293128736491],[-89.96146034359381,44.52930870724295],[-89.9614669670087,44.52930454081209],[-89.96147359042246,44.52930037438048],[-89.96179286609498,44.529167515243465],[-89.96179913335793,44.52916773295351],[-89.96181202397507,44.52916385607354],[-89.96181864732918,44.52915968960947],[-89.96182491458791,44.52915997919179],[-89.96183737788347,44.529160558331675],[-89.96184364513913,44.52916084791296],[-89.9618561084286,44.52916142705081],[-89.9618623756812,44.529161716631066],[-89.96246203306258,44.52926030951294],[-89.96247449615086,44.52926088858225],[-89.96248033599655,44.52926556227044],[-89.96249244299086,44.52927059737644],[-89.96249871013934,44.52927088692119],[-89.96250454998135,44.52927563248061],[-89.96251665696799,44.529280595709515],[-89.96252206950197,44.52928979728076],[-89.96252798055794,44.52929454286036],[-89.96253382039548,44.52929928841589],[-89.96253303700269,44.52930812859023],[-89.96253887683945,44.52931287414414],[-89.96253802222924,44.52932178616606],[-89.96254393328275,44.5293265317416],[-89.96254307867265,44.52933544376097],[-89.9625176540138,44.52962005312946],[-89.9628550100885,44.529635328152224],[-89.96305185317243,44.529398641816876],[-89.9630588323949,44.52939001927313],[-89.96306552674997,44.529385852779924],[-89.96307214988731,44.52938168626301],[-89.96307877302353,44.52937751974536],[-89.9630854673751,44.52937335324987],[-89.963092090509,44.5293691867307],[-89.96310498069106,44.52936530972177],[-89.96311124773933,44.52936559923242],[-89.96312413791495,44.52936172222104],[-89.96313033374366,44.529362011707754],[-89.96314286783091,44.52936259072598],[-89.96315533069766,44.5293630978466],[-89.96424891366209,44.52947959135557],[-89.9643180627205,44.52870582019831],[-89.9641622457164,44.528203151669544]]]}"
2_027c0000000000001b0c,2,0.2,"{""type"":""Polygon"",""coordinates"":[[[-89.96919699337784,44.526189553674506],[-89.96715513168104,44.52622665084951],[-89.96698992660123,44.52702286256703],[-89.96698914329957,44.52703177507765],[-89.96698878725337,44.527036231342585],[-89.96698173753778,44.52704485453797],[-89.96698131028225,44.527049310781116],[-89.96697426056528,44.52705793397364],[-89.9669676381027,44.527062100922684],[-89.96696101563899,44.52706626787097],[-89.9669543219648,44.52707036292113],[-89.96694143307826,44.52707431243004],[-89.96693481061001,44.5270784074989],[-89.96692818814061,44.52708257444384],[-89.96691565529217,44.52708206768885],[-89.96690903281944,44.52708623463236],[-89.96689649996473,44.52708565599849],[-89.96688403831534,44.527085077383816],[-89.96660290242748,44.52707234548281],[-89.96664463144099,44.52737783319468],[-89.96718283194578,44.52753173186967],[-89.96718874228243,44.527536405510325],[-89.96720077657957,44.52754144028357],[-89.96720668691347,44.52754618579846],[-89.96721252603763,44.52755093129218],[-89.9672183651609,44.52755560490903],[-89.96722420428328,44.5275603504012],[-89.96723004340477,44.527565095892605],[-89.96723588252536,44.52756984138322],[-89.96724136560123,44.52757897121121],[-89.96724093834858,44.52758342740464],[-89.9672464214237,44.52759262910579],[-89.96724599417112,44.527597085297934],[-89.96727340953528,44.528343951049045],[-89.96750562044285,44.52841251384266],[-89.9675181530982,44.52841309239362],[-89.96752399217486,44.52841783778388],[-89.96753609757486,44.52842280057286],[-89.9675419366488,44.52842754596122],[-89.96754777572184,44.52843229134881],[-89.96755325875301,44.52844149286895],[-89.96755909782432,44.52844616637982],[-89.9675645808539,44.5284553678967],[-89.96756415360487,44.52845982400816],[-89.96763066197964,44.528628029337845],[-89.96789932900293,44.52864017981148],[-89.96797715877442,44.5285410147575],[-89.9679837810624,44.528536847881355],[-89.96799083059352,44.5285282248983],[-89.9679975240865,44.528524058040134],[-89.96800414637096,44.5285198911613],[-89.96801076865428,44.528515724281725],[-89.96802365718088,44.52851184664844],[-89.9680299234243,44.528512135895134],[-89.96804281194446,44.528508258259386],[-89.96804907818475,44.528508547505055],[-89.96806196669846,44.52850466986686],[-89.96806816172837,44.52850495909166],[-89.9680806941996,44.528505537579925],[-89.96808696043368,44.52850582682353],[-89.96877403253828,44.52860829358803],[-89.96927275556676,44.528572850501625],[-89.96919699337784,44.526189553674506]]]}"
2_027c0000000000001b10,2,0.2,"{""type"":""Polygon"",""coordinates"":[[[-89.9616153169584,44.52385497566914],[-89.96158063317621,44.523822185954174],[-89.95879443294467,44.52376737857458],[-89.95877776641342,44.523954121362706],[-89.95891223804857,44.52406292639358],[-89.95936828425879,44.52408357518845],[-89.95938081957695,44.52408415468315],[-89.95939328366765,44.52408473415126],[-89.95939955132316,44.52408502389741],[-89.95941158806778,44.52409005985897],[-89.9594174996037,44.524094734243],[-89.95942369603193,44.52409502396255],[-89.95943580399228,44.52410005994571],[-89.96000330692259,44.5244874109315],[-89.96001541469974,44.524492446811344],[-89.96002125492029,44.524497192980114],[-89.96002709513996,44.52450193914811],[-89.96002631169591,44.52451078020841],[-89.9600321519148,44.52451552637477],[-89.960037636022,44.524524729021806],[-89.96003720868899,44.524529185478],[-89.96003642524515,44.52453802653324],[-89.96003599791213,44.524542482988174],[-89.96000145514456,44.52492940318025],[-89.96034011536705,44.52506975876518],[-89.9603459555381,44.52507450485907],[-89.96035222303776,44.52507479454701],[-89.96035806320698,44.5250794687599],[-89.96037017087204,44.5250845045388],[-89.960369387435,44.52509341737166],[-89.96065007053262,44.525391886446634],[-89.96065591065643,44.52539663249219],[-89.96065512722524,44.52540547338838],[-89.96066096734828,44.5254102194323],[-89.96066054002223,44.52541467580681],[-89.96066602403945,44.52542387824762],[-89.96066559671347,44.52542833462085],[-89.96066481328248,44.525437175511136],[-89.96061431756011,44.526001982595275],[-89.96155029374344,44.52598634340554],[-89.96163960270918,44.525829606071724],[-89.9616153169584,44.52385497566914]]]}"
2_027c0000000000001b14,2,0.2,"{""type"":""Polygon"",""coordinates"":[[[-89.94578442773691,44.524623890406204],[-89.94477268352179,44.524644899615566],[-89.944766484725,44.52464460910614],[-89.94475394462721,44.52464402801761],[-89.94474190327948,44.52463906245497],[-89.9447356332271,44.52463877190949],[-89.94472352062299,44.52463373442945],[-89.9447172505676,44.524633443882934],[-89.94471140801505,44.52462869694759],[-89.94469936665396,44.52462373137887],[-89.94469352409871,44.52461898444163],[-89.94468761029185,44.52461423746923],[-89.94468219523901,44.524605034139825],[-89.94467635268113,44.52460035908044],[-89.9446767089347,44.52459590265458],[-89.9446712938803,44.52458669932106],[-89.94467172138462,44.52458224292833],[-89.94467250514253,44.52457340198784],[-89.94467286139611,44.52456894555944],[-89.94470513795768,44.52420869391301],[-89.94470599296557,44.52419985293633],[-89.94470634921885,44.52419539647238],[-89.94470713297603,44.52418648357756],[-89.94471383053694,44.52418231769652],[-89.944714614294,44.52417340479918],[-89.94472124060296,44.52416923888217],[-89.94472786691078,44.52416507296442],[-89.94473456446806,44.52416090708026],[-89.94474119077358,44.52415681304227],[-89.94475408712836,44.52415286578874],[-89.9447607134305,44.52414877174892],[-89.94476733973151,44.52414460582707],[-89.94477987982489,44.52414511503894],[-89.94478650612258,44.524140949115655],[-89.94479897495921,44.52414153017245],[-89.94481151504225,44.524142111262215],[-89.9448177138318,44.524142401772274],[-89.94580544608375,44.524249760482164],[-89.94585197140037,44.52268015957845],[-89.9418231543432,44.52256410596248],[-89.93696853151272,44.52263363816555],[-89.9369560601311,44.522633128120624],[-89.93694978880625,44.522632837136236],[-89.93594379802126,44.52252006883231],[-89.93581808295276,44.52294303266059],[-89.93584131604067,44.52603837526693],[-89.93795276016915,44.52613441722233],[-89.94038368466504,44.52602609305664],[-89.94039615493274,44.52602667457011],[-89.94260760374674,44.526127211093524],[-89.94462562214117,44.52607594836963],[-89.9446380910301,44.52607652942028],[-89.94464436109843,44.526076819962306],[-89.94573163244877,44.52619320771212],[-89.94578442773691,44.524623890406204]]]}"
2_027c0000000000001b15,2,0.2,"{""type"":""Polygon"",""coordinates"":[[[-89.94786875043803,44.52285210533783],[-89.94726387747917,44.52288273840664],[-89.9472509819683,44.52288661416679],[-89.9472385139288,44.52288603336173],[-89.9472326717603,44.52288128637844],[-89.94605730910675,44.52269844294323],[-89.94603721712433,44.52390311392607],[-89.94684274062541,44.52387265312668],[-89.94685528004024,44.5238732339958],[-89.94686147849947,44.52387352439682],[-89.94687401790819,44.52387410526388],[-89.9468798601313,44.52387885216516],[-89.9468923282874,44.52387943299713],[-89.94689817050774,44.52388410801523],[-89.94691028242508,44.52388914534554],[-89.94691612464267,44.52389389224345],[-89.94692196685936,44.52389863914058],[-89.94692780907518,44.52390331415526],[-89.9469336512901,44.52390806105084],[-89.94693949350412,44.523912807945656],[-89.94694497948478,44.52392201133708],[-89.9469445520058,44.52392639591943],[-89.9470106686987,44.52409908588971],[-89.94713556339053,44.524104750314365],[-89.94718700307118,44.523531085335186],[-89.94718778677769,44.52352224417934],[-89.94719484013558,44.52351362155754],[-89.94719519636574,44.52350916502059],[-89.94720224972228,44.52350054239593],[-89.94720267719838,44.52349608589055],[-89.9472093030775,44.52349191976925],[-89.94721635643143,44.52348329714055],[-89.94722298230819,44.523479131017325],[-89.94732928116373,44.523412544956614],[-89.94733597826674,44.5234083788533],[-89.94734887374905,44.52340450312671],[-89.9473554996029,44.52340033698882],[-89.94736176922702,44.52340062739835],[-89.94737466470063,44.52339675166822],[-89.94738086307592,44.52339704204402],[-89.94739340231482,44.523397622860024],[-89.94740002816097,44.523393456718935],[-89.94741249614796,44.52339403750018],[-89.94741833828904,44.523398712540036],[-89.94788834274773,44.523473684899926],[-89.94786875043803,44.52285210533783]]]}"
2_027c0000000000001b16,2,0.2,"{""type"":""Polygon"",""coordinates"":[[[-89.9692238377044,44.52251608238135],[-89.9651572417541,44.522541946514515],[-89.96503760431919,44.52289816469309],[-89.96518786318035,44.52346306541593],[-89.96518707984184,44.523471978589804],[-89.96518629650332,44.52348089176198],[-89.96511558233256,44.524272431838135],[-89.96511515505621,44.524276888337376],[-89.96511437171621,44.524285801356285],[-89.96510774893201,44.52428996844383],[-89.96510689437912,44.524298881438526],[-89.96510027159361,44.52430304852446],[-89.96509364880694,44.52430721560966],[-89.96508659874249,44.5243157673085],[-89.96507997595346,44.52431993439178],[-89.9650732819505,44.52432410145259],[-89.96506665915916,44.52432826853436],[-89.96506003636671,44.52433243561538],[-89.96504750290684,44.524331856745405],[-89.96504088011108,44.524336023825],[-89.96502841785784,44.524335516855736],[-89.96502172384587,44.52433961203115],[-89.9650092615864,44.52433910505984],[-89.96440330603262,44.524311675539636],[-89.96435879722581,44.524809722936055],[-89.96433771783687,44.526099159349215],[-89.96585554661053,44.526029468303165],[-89.96586181320875,44.52602968580527],[-89.96919756301891,44.52604227518834],[-89.9692238377044,44.52251608238135]]]}"
2_027c0000000000001b17,2,0.2,"{""type"":""Polygon"",""coordinates"":[[[-89.9538363188136,44.522680850324086],[-89.9538237816817,44.52268027020505],[-89.95381794051657,44.52267559542034],[-89.95380547461242,44.52267501532794],[-89.95379920604195,44.522674725266874],[-89.95378709630062,44.522669688535025],[-89.9537812551299,44.522664941863816],[-89.95377541395831,44.522660267075416],[-89.9537695727858,44.52265552040266],[-89.95375746303512,44.522650483665615],[-89.9537516218599,44.52264573699095],[-89.95359383855809,44.522446627087376],[-89.953037638335,44.52235438903025],[-89.95303136963895,44.52235409892517],[-89.95301925965506,44.52234913396183],[-89.953012990956,44.52234884385571],[-89.95300095220153,44.52234380703503],[-89.95299503967577,44.5223390602616],[-89.95298919838436,44.52233438540068],[-89.95262660916285,44.52204109190011],[-89.95121881866118,44.52172269875852],[-89.95127146391815,44.52197510876703],[-89.95127110772584,44.521979565462416],[-89.95127025286433,44.52198847879132],[-89.95126989667203,44.52199293548543],[-89.95126911304894,44.52200184884209],[-89.95126241663284,44.52200601530055],[-89.95126163300962,44.5220148567701],[-89.95125500783071,44.522019023257265],[-89.95124795521964,44.522027646404126],[-89.95124133003836,44.52203181288937],[-89.95123470485593,44.52203597937385],[-89.95122800843383,44.522040145827276],[-89.95122138324912,44.52204431231024],[-89.95121475806324,44.52204847879247],[-89.95120222007395,44.52204789837857],[-89.95119559488477,44.52205206485935],[-89.9511893258875,44.522051774651544],[-89.95117643169672,44.52205565092276],[-89.95055244741425,44.5220898879529],[-89.95051305178764,44.522530089278824],[-89.95051262434843,44.5225345458884],[-89.95051184070988,44.522543459137005],[-89.95050521540139,44.522547625533825],[-89.95050443176268,44.522556538779895],[-89.95049773521302,44.52256063326062],[-89.95049737901354,44.52256508989799],[-89.9504903262631,44.52257371289781],[-89.9504837009509,44.52257787929069],[-89.95047700439763,44.52258204565204],[-89.95046418120724,44.522585921829936],[-89.95045748465054,44.52259008818942],[-89.95045128677256,44.522589797975286],[-89.95043839233358,44.52259367411885],[-89.9504321232125,44.52259338387289],[-89.95010213802865,44.52263644275226],[-89.95008261809072,44.522854384871884],[-89.95013711716264,44.522946131575644],[-89.95107399040262,44.52306011058502],[-89.95372911195678,44.52303763568339],[-89.95390498803145,44.522683968955945],[-89.9538363188136,44.522680850324086]]]}"
2_027c0000000000001b1e,2,0.2,"{""type"":""Polygon"",""coordinates"":[[[-89.95932433938944,44.52422451882854],[-89.95885582839468,44.52420329039631],[-89.95884329290476,44.52420271084557],[-89.95883709638265,44.524202421095275],[-89.95882498823313,44.52419738505978],[-89.95881872048363,44.524197095282865],[-89.9588066123283,44.52419213112611],[-89.9588007719226,44.52418738486459],[-89.958794931516,44.52418263860231],[-89.95878282335315,44.52417760256024],[-89.95859564491363,44.52402629666977],[-89.95858980447576,44.524021550380766],[-89.95858439138622,44.524012347591615],[-89.95857855094664,44.52400760130062],[-89.95857890707103,44.52400321665622],[-89.95857349397994,44.52399401386297],[-89.95857385010439,44.523989557335746],[-89.95857463357814,44.5239806443058],[-89.95856879313708,44.523975969892675],[-89.95858830875372,44.52375803151513],[-89.9575825293033,44.523712449938074],[-89.95757619012383,44.52378361069244],[-89.95757540662967,44.52379252375288],[-89.95757497926921,44.52379698026929],[-89.95757419577501,44.523805821445364],[-89.95756757168715,44.523809988139085],[-89.95756052023751,44.52381861134635],[-89.95756009287688,44.523823067860214],[-89.95755304142585,44.523831691064615],[-89.95754641733433,44.52383585775481],[-89.95753352528193,44.52383973459479],[-89.95752690118702,44.52384390128314],[-89.95752027709098,44.52384806797074],[-89.95750774116412,44.523847488269425],[-89.95750111706477,44.5238516549556],[-89.95748858113166,44.52385107525222],[-89.95748238439047,44.52385078542644],[-89.95746984845124,44.523850205721004],[-89.95746365170703,44.5238499158942],[-89.95745111576166,44.52384940806847],[-89.95654438565589,44.52367877964168],[-89.95645591955893,44.523826607157226],[-89.95645506481304,44.52383552017471],[-89.95644844053173,44.52383968680099],[-89.95644138887614,44.52384823805202],[-89.95643476459246,44.52385240467639],[-89.95642814030761,44.5238565713],[-89.95642144479275,44.52386073789578],[-89.95640855236189,44.523864614606964],[-89.95640192807254,44.523868781227975],[-89.9563890356351,44.523872657936316],[-89.95638283871612,44.52387236805114],[-89.95637030241718,44.5238718601073],[-89.95636403426619,44.523871570194],[-89.95635114181601,44.523875446897826],[-89.95634530103605,44.523870700479144],[-89.95633283595389,44.523870120676584],[-89.95597604796917,44.52379141738037],[-89.955490044538,44.52396590223906],[-89.95548342008986,44.5239700687979],[-89.95547679564059,44.52397423535598],[-89.95546425904529,44.523973655432435],[-89.95545806197677,44.52397336549784],[-89.95544516922183,44.52397724209118],[-89.9554389009195,44.52397695212788],[-89.95453312045798,44.52393591138193],[-89.95452058355399,44.52393533135457],[-89.9537211337601,44.523827620042056],[-89.95370902399411,44.52382258342548],[-89.95370275540785,44.523822293366145],[-89.95369691422428,44.52381761868889],[-89.95368444828078,44.523817038597294],[-89.95367860709442,44.52381229203675],[-89.95367276590717,44.52380754547544],[-89.95366692471904,44.523802798913344],[-89.95328674693788,44.52349534874123],[-89.95328090569092,44.523490602127914],[-89.95327506444308,44.52348592739613],[-89.95326915195957,44.52348118075223],[-89.95327000677653,44.52347226769154],[-89.95326409429227,44.523467521045994],[-89.95326494910931,44.5234586798651],[-89.95325910785904,44.52345393324697],[-89.95325989144143,44.52344502015213],[-89.95328496607,44.523164903900906],[-89.95106750766895,44.523202723410954],[-89.95106123865074,44.523202433203174],[-89.95104877185011,44.52320185281702],[-89.9500494199253,44.52308504329634],[-89.95003730899943,44.523080006211906],[-89.95003103981277,44.523079787829886],[-89.9500189288811,44.52307475074293],[-89.95001273093222,44.52307446050801],[-89.95000061999475,44.52306942341856],[-89.94999477824707,44.523064748477616],[-89.94998893649851,44.523060001652944],[-89.94998309474907,44.5230552548275],[-89.94997760920303,44.5230460514116],[-89.94997176745186,44.523041376467155],[-89.94997255110145,44.52303246331679],[-89.94996670934951,44.523027716487725],[-89.94996749299922,44.5230188033348],[-89.94990579834628,44.522587404333144],[-89.9499003840302,44.52257820085303],[-89.94990116768125,44.522569287615255],[-89.94990779309411,44.52256512125535],[-89.94990857674503,44.52255627989878],[-89.94990900419097,44.52255182329356],[-89.94991605704834,44.522543200325586],[-89.94992268245862,44.52253903396251],[-89.94992346610923,44.522530120717136],[-89.94993009151823,44.52252595435247],[-89.94994298612818,44.522522078260586],[-89.94994968277472,44.52251791192518],[-89.94995630817921,44.52251374555791],[-89.94996920278032,44.52250986946205],[-89.94997540073624,44.52251015970279],[-89.94998829533094,44.522506283604486],[-89.9503183527348,44.52246322496452],[-89.95036052692745,44.52199182637555],[-89.94982835930539,44.521771267818096],[-89.94982251753147,44.52176652085428],[-89.94981040653393,44.52176148360458],[-89.94980456475727,44.52175673663884],[-89.94979872297972,44.521752061557315],[-89.94979288120129,44.521747314590044],[-89.94978739562805,44.5217381109088],[-89.94978155384788,44.52173336393954],[-89.94978233750138,44.52172452242725],[-89.94977649572044,44.52171977545636],[-89.94977727937405,44.52171086205652],[-89.94974258487699,44.521048493482446],[-89.94882405980358,44.52093982650108],[-89.94881779041856,44.520939536156575],[-89.94880532288846,44.52093895549836],[-89.94879948095868,44.52093420839829],[-89.948787369638,44.52092924283745],[-89.94878110024698,44.52092895249086],[-89.9487752583135,44.52092420538855],[-89.94876941637915,44.52091945828547],[-89.94857641831547,44.52076337844338],[-89.9485705763508,44.5207586313139],[-89.94856473438527,44.520753884183655],[-89.9485650906027,44.5207494273805],[-89.9485596760973,44.520740295363524],[-89.9485538341301,44.52073554823087],[-89.94855461780867,44.5207266346527],[-89.94855504526971,44.52072217787898],[-89.94855582894827,44.52071333618483],[-89.94856858153341,44.52057100630598],[-89.9478002128977,44.520536153250795],[-89.94764739226538,44.52063190859052],[-89.94751145619811,44.52109903564342],[-89.94754821882988,44.5217391926561],[-89.9475536334781,44.52174832452667],[-89.94755327725126,44.52175278123185],[-89.94754622395929,44.52176140419919],[-89.947545796487,44.52176586087049],[-89.94753881443907,44.521774483867574],[-89.9475383869667,44.52177894053761],[-89.94753133367199,44.52178749161432],[-89.94752470784852,44.52179165790558],[-89.94751808202388,44.52179582419609],[-89.94751138495268,44.521799990453225],[-89.94749848952502,44.52180386633074],[-89.94749186369586,44.52180803261866],[-89.94748523786556,44.52181219890582],[-89.9474726986567,44.52181168996535],[-89.94746607282309,44.521815784366204],[-89.94745360485352,44.52181527545634],[-89.94744106563431,44.52181469462757],[-89.94613553949125,44.521755430385596],[-89.94606422017628,44.52255137228602],[-89.94725789282272,44.52273954402498],[-89.94795766382133,44.52269989670283],[-89.94796386210237,44.522700187051335],[-89.94797640115064,44.52270076781199],[-89.94798886895025,44.52270127665542],[-89.94799471100353,44.52270602361832],[-89.9480072500417,44.52270660437553],[-89.94801309209218,44.522711351336945],[-89.94801929036427,44.52271164168238],[-89.94803140192754,44.52271660713623],[-89.94803724397434,44.52272135409542],[-89.94804308602023,44.52272610105382],[-89.94804857184303,44.52273523274148],[-89.94805441388722,44.52273997969792],[-89.9480602559305,44.522744726653556],[-89.9481474590075,44.52289155191498],[-89.9481466753206,44.52290046507944],[-89.94815251734984,44.522905212014166],[-89.94815173366305,44.52291405329289],[-89.9481513061975,44.522918509857085],[-89.94815052251069,44.52292742301645],[-89.94809274337452,44.52357225635181],[-89.9480923871527,44.52357671288559],[-89.9480915322203,44.5235855540052],[-89.94809117599847,44.523590010537724],[-89.94808412280544,44.52359863320081],[-89.94807749707748,44.52360279936332],[-89.94807664214474,44.52361171236002],[-89.94807001641549,44.52361587852093],[-89.94805712117568,44.52361975431132],[-89.94805049544304,44.52362392047039],[-89.94804386970925,44.5236280866287],[-89.94803097446066,44.52363196241514],[-89.94798566294502,44.523647755917],[-89.94813506250375,44.52373041604693],[-89.94814710278618,44.52373545323065],[-89.94815294481536,44.523740200081015],[-89.94815885808788,44.5237448750809],[-89.94816470011526,44.52374962192972],[-89.94817054214175,44.52375436877774],[-89.94816975845532,44.5237632817786],[-89.94817560048104,44.523767956743114],[-89.9481747455505,44.52377686970921],[-89.94817438932944,44.52378132622384],[-89.94817980388923,44.52379052954973],[-89.94814118951184,44.524221873077195],[-89.94813456379374,44.52422603918768],[-89.94813378010657,44.52423495209876],[-89.94813335264084,44.524239336656386],[-89.94812629945557,44.5242479592028],[-89.94812594323406,44.52425241567257],[-89.94811889004743,44.52426103821613],[-89.94811219308113,44.5242652042896],[-89.94810556735801,44.52426937039454],[-89.94809894163373,44.52427353649875],[-89.94808604640366,44.52427741223803],[-89.94807942067602,44.524281578340386],[-89.94807272370284,44.52428574440972],[-89.9480602559305,44.52428516371129],[-89.94805398642059,44.52428487334544],[-89.9480410911754,44.524288749078714],[-89.94802862339279,44.5242881683769],[-89.94702285182686,44.524242566528685],[-89.947016510901,44.52431365400697],[-89.94701608342281,44.52431811043406],[-89.94701529971279,44.52432702331991],[-89.94701494348095,44.52433147977867],[-89.94700789008998,44.524340102239144],[-89.94700119292966,44.52434426824052],[-89.94700040921934,44.524353109240316],[-89.94699378330412,44.524357275273054],[-89.94698715738777,44.52436144130504],[-89.94698046022384,44.52436560730331],[-89.94697383430518,44.52436977333379],[-89.94696093869678,44.5243736489383],[-89.94695431277475,44.52437781496695],[-89.9469418446388,44.52437723414783],[-89.94693514746695,44.52438140014204],[-89.94660513218864,44.524424519173074],[-89.94655896402173,44.52494031199658],[-89.9470586887253,44.5249630423893],[-89.94707115682328,44.524963623188526],[-89.94707742649386,44.52496391360407],[-89.9470895383546,44.52496887891968],[-89.94710200644255,44.52496945971547],[-89.94710784863094,44.52497420649447],[-89.94711369081843,44.52497895327269],[-89.94712580266771,44.524983918582876],[-89.94713164485246,44.524988665359196],[-89.94713748703633,44.52499341213474],[-89.9471433292193,44.524998158909504],[-89.94714917140139,44.5250028338035],[-89.9471483876941,44.5250117465603],[-89.94715422987541,44.525016493332664],[-89.94715344616822,44.52502540608691],[-89.9472137915756,44.52533171339861],[-89.94923783694927,44.52542362711242],[-89.95065025952736,44.52534036072701],[-89.95066279769716,44.52534094116106],[-89.9506752646233,44.52534152156308],[-89.95068110626728,44.52534626812226],[-89.950693644427,44.5253467766734],[-89.95069984226579,44.52534706685755],[-89.95071195298239,44.52535210362902],[-89.9507177946208,44.52535685018526],[-89.95072990533173,44.52536181507433],[-89.95073574696738,44.52536656162869],[-89.95092289255612,44.52551794789456],[-89.95092880540147,44.525522694453805],[-89.95093421957233,44.52553182542927],[-89.95094006117687,44.52553657195604],[-89.9509459027805,44.52554131848202],[-89.95094511915082,44.52555023116294],[-89.95095096075369,44.525554977687285],[-89.95095017712408,44.52556381848652],[-89.95099220814379,44.5260747505892],[-89.95200428693671,44.52612067787702],[-89.95352267558326,44.525975246794545],[-89.9535288729647,44.52597553682167],[-89.95354141019304,44.52597604505416],[-89.95565287738685,44.52607183294595],[-89.95878887743504,44.526004072112514],[-89.95878503131254,44.52499481432387],[-89.95878545865952,44.52499035791658],[-89.95878624212894,44.52498151695516],[-89.9587865982514,44.52497706052099],[-89.95879364947541,44.52496843745091],[-89.95879407682227,44.52496398104108],[-89.95880112804491,44.524955357968146],[-89.95880775191955,44.5249511913047],[-89.95881437579304,44.52494702464049],[-89.95882142701194,44.5249384015632],[-89.95882805088307,44.52493430677717],[-89.95883431863105,44.52493452466896],[-89.95884721024579,44.52493064777296],[-89.95899564156396,44.524883835119624],[-89.95900440212762,44.52478600922377],[-89.95900518559257,44.52477709634201],[-89.95900561293708,44.52477263991322],[-89.95901266412079,44.52476401679209],[-89.95901309146522,44.52475956036204],[-89.95902007142351,44.52475100909297],[-89.95902676648433,44.524746842424165],[-89.95903381766415,44.52473821929699],[-89.95904044149856,44.5247340526008],[-89.95904706533183,44.52472988590385],[-89.95905368916394,44.52472571920615],[-89.95906658070489,44.52472184226818],[-89.95907284841384,44.52472213202831],[-89.95908573994834,44.524718255087876],[-89.95909200765415,44.524718544847],[-89.9591044718388,44.52471905245833],[-89.95911700724326,44.52471963197415],[-89.95912320372011,44.524719921706144],[-89.959811077642,44.52481360945484],[-89.95983294297002,44.524569007855696],[-89.95932433938944,44.52422451882854]]]}"
2_027c0000000000001b21,2,0.2,"{""type"":""Polygon"",""coordinates"":[[[-89.96425382745099,44.52373779899993],[-89.96405150701234,44.52277314206934],[-89.96361980104598,44.52269113056291],[-89.96361396137401,44.522686384395115],[-89.96360142744095,44.522685805346725],[-89.96359558776616,44.52268105917745],[-89.96358348112054,44.522676095365554],[-89.9635772853651,44.52267580586243],[-89.96357144568667,44.52267105969092],[-89.96356596208537,44.52266185684973],[-89.9630045653459,44.5221363488228],[-89.96299908166344,44.52212721773413],[-89.96299324189684,44.522122471477736],[-89.96299402528021,44.52211355806288],[-89.96298818551284,44.52210888368928],[-89.96298896889633,44.522099970271874],[-89.96298312912818,44.522095224012205],[-89.96291768093411,44.52072154276022],[-89.95783958570861,44.52076831059467],[-89.95765518049873,44.521777949265534],[-89.95765439700618,44.5217868627072],[-89.9576540408732,44.52179131944055],[-89.95764698943948,44.52179987113902],[-89.9576465620798,44.52180432784479],[-89.95763993800443,44.52180849472039],[-89.95763288656812,44.52181711829974],[-89.95762626249038,44.5218212851734],[-89.95761963841151,44.52182545204631],[-89.95761294310482,44.52182961889213],[-89.9576000510748,44.521833495905426],[-89.9575934269914,44.521837662775745],[-89.95758096231522,44.52183708308418],[-89.95757426700176,44.52184124992671],[-89.95725096744212,44.5218801632418],[-89.95729911709775,44.52344508675231],[-89.95752654505286,44.52356701174463],[-89.96163084274808,44.52368152986449],[-89.96163711003753,44.523681819490626],[-89.9616495733942,44.52368239871803],[-89.96165584068059,44.523682688343136],[-89.96166794793548,44.523687724134504],[-89.96167378790413,44.52369247030033],[-89.96168625124886,44.52369297764161],[-89.9616921624338,44.52369772382978],[-89.96169757508429,44.52370692653385],[-89.96170341504839,44.52371167269622],[-89.96170925501164,44.52371634697585],[-89.96171509497398,44.523721093136686],[-89.96172057884024,44.52373029585888],[-89.96188829930608,44.52409953599649],[-89.96189413924114,44.524104282109484],[-89.96189335583526,44.524113195138916],[-89.96189257242938,44.5241220362853],[-89.96184506951528,44.525776412486174],[-89.96195125660773,44.525781263669195],[-89.96195752384476,44.52578148138614],[-89.96196955978574,44.5257865168971],[-89.96197582701978,44.525786806491816],[-89.96198836148479,44.5257873856802],[-89.96199420140458,44.52579213161757],[-89.96200630855253,44.52579709526837],[-89.9620121484696,44.52580184120386],[-89.96201798838578,44.52580658713857],[-89.96202382830106,44.5258113330725],[-89.96202966821544,44.52581600712689],[-89.96203515203668,44.52582520942358],[-89.96203472472595,44.52582966576387],[-89.96204020854647,44.52583886805765],[-89.96203978123582,44.52584325251795],[-89.96204526505561,44.52585245480883],[-89.962044837745,44.52585691114657],[-89.96203572178429,44.52595919139789],[-89.96215081062898,44.52600458479935],[-89.9641495695337,44.52602808481026],[-89.96425382745099,44.52373779899993]]]}"
2_027c0000000000001d00,3,0.005,"{""type"":""GeometryCollection"",""geometries"":[{""type"":""LineString"",""coordinates"":[[-89.95111377504297,44.54069014929242],[-89.95111297854501,44.54069904354311]]},{""type"":""Polygon"",""coordinates"":[[[-89.95120734925187,44.54076584471778],[-89.95119488249878,44.540765264562594],[-89.95118861350139,44.540764974469326],[-89.95117614674218,44.54076439431208],[-89.95117030517362,44.540759721192],[-89.9511581946018,44.54075468612028],[-89.95115192559842,44.54075439602493],[-89.95114608402616,44.54074965104673],[-89.9511339734467,44.540744615971356],[-89.95112855930407,44.54073548796338],[-89.95112271772824,44.540730742982085],[-89.95112307392192,44.54072628806706],[-89.95111765977772,44.54071708819906],[-89.95111181820026,44.54071241507129],[-89.95111260182655,44.54070350526781],[-89.95111295802032,44.54069905035024],[-89.95110633281573,44.54070321516965],[-89.95110554918928,44.54071212497314],[-89.95109892398341,44.54071628979097],[-89.95109806911805,44.540725127705606],[-89.95109144391087,44.54072929252183],[-89.95108481870255,44.54073345733732],[-89.95107776606017,44.54074207703543],[-89.95107114084949,44.54074624184898],[-89.95105824661897,44.54075011656128],[-89.95105197759923,44.54074982646042],[-89.95104535238409,44.54075399127179],[-89.951032386906,44.54075793780598],[-89.95102618912095,44.540757647734196],[-89.95101365106999,44.54075706752873],[-89.95100745328192,44.54075677745593],[-89.95050129720765,44.54073378164585],[-89.95048883022496,44.54073327326929],[-89.95048256111214,44.54073298313715],[-89.95047009412335,44.54073240290261],[-89.95046425244719,44.54072765788742],[-89.95045214165235,44.54072262273758],[-89.95044587253352,44.54072233260338],[-89.95030852158187,44.54064466866695],[-89.95030773793914,44.540653578476025],[-89.95030695429638,44.5406624882834],[-89.95030025771223,44.54066665302849],[-89.95029947406934,44.540675562833336],[-89.95029284872416,44.54067972760771],[-89.9502920650811,44.54068856555405],[-89.95028543973464,44.540692730326846],[-89.95027838694523,44.540701349983124],[-89.95027169035608,44.540705514723086],[-89.9502650650061,44.54070967949319],[-89.95025217050448,44.540713554117666],[-89.95024554515112,44.54071771888592],[-89.95003923249968,44.54077985633059],[-89.95002669412595,44.54077927601729],[-89.95002006873365,44.54078344076666],[-89.95000753035366,44.540782860451294],[-89.95000133240295,44.54078257032418],[-89.94999506321041,44.54078228016564],[-89.9499825960631,44.54078169987862],[-89.94868926779954,44.54065157188506],[-89.94675895443014,44.54076939742068],[-89.94671314268302,44.54128077144469],[-89.94681310199222,44.54128534474694],[-89.94681894422462,44.54129008989196],[-89.94683141240051,44.54129059866231],[-89.94683768211031,44.541290888991014],[-89.94684979404676,44.54129592446224],[-89.94685606375353,44.54129621478992],[-89.94686810443754,44.54130125022559],[-89.94687401790819,44.541305923544186],[-89.9468798601313,44.54131066868402],[-89.94688570235353,44.54131541382307],[-89.94689111709528,44.541324613773604],[-89.9468969593158,44.54132935891067],[-89.9469028015354,44.541334032191976],[-89.94690201782306,44.54134294184653],[-89.94690786004192,44.54134768698119],[-89.94690707632968,44.541356596633186],[-89.94690629261744,44.54136543442855],[-89.94687444538795,44.541721243982906],[-89.94712437774446,44.54173256885048],[-89.94752876883723,44.54142054640016],[-89.94753582213241,44.54141192704573],[-89.94754244795396,44.5414077624961],[-89.94755534336684,44.54140388823442],[-89.94756161295827,44.54140417852279],[-89.94756823877537,44.54140001397097],[-89.94758113417959,44.541396067850854],[-89.94758740376679,44.54139635813786],[-89.94759987169287,44.54139693867825],[-89.94761233961489,44.54139751921728],[-89.94811226432545,44.541420237223114],[-89.9481247320809,44.541420745851184],[-89.94813100157923,44.541421036108254],[-89.94814346932857,44.54142161658913],[-89.9481493113583,44.541426361652526],[-89.94816185034593,44.54142694216356],[-89.94816769237285,44.54143168722549],[-89.94817353439888,44.541436360431796],[-89.94818564591343,44.54144139574612],[-89.94862985087772,44.541805395279326],[-89.95087359506293,44.54204112633719],[-89.95082942673487,44.54162384989783],[-89.95082394130993,44.5416147220159],[-89.95082436874566,44.54161026721633],[-89.95083135019537,44.54160164766283],[-89.95083177763102,44.541597192861985],[-89.95083256126304,44.54158828322847],[-89.95083961395054,44.54157966370099],[-89.95128307578513,44.54104165891694],[-89.95130736808441,44.5407703423195],[-89.95120734925187,44.54076584471778]]]}]}"
2_027c0000000000001d02,3,0.005,"{""type"":""Polygon"",""coordinates"":[[[-89.95626944204474,44.540705157857644],[-89.95619985108218,44.5414833967004],[-89.95668613042577,44.541447366699046],[-89.95669859539301,44.5414479462479],[-89.95671113158453,44.54144852582229],[-89.95671739967878,44.54144881560896],[-89.95672986463585,44.541449323299574],[-89.95673570535719,44.54145406792236],[-89.95674197344741,44.54145435770766],[-89.95675408225515,44.541459392113914],[-89.9567599229728,44.54146413673444],[-89.95676576368957,44.5414688094994],[-89.95677787248978,44.541473843901606],[-89.95696505980877,44.541625240267095],[-89.95697097172214,44.541629984886846],[-89.95697681240675,44.54163465762455],[-89.95698222572338,44.54164385703604],[-89.95698186958415,44.5416483118824],[-89.95698728290009,44.541657511290985],[-89.95698692676089,44.54166196613606],[-89.95698607202685,44.541670803916986],[-89.95698571588764,44.5416752587608],[-89.95697139908933,44.5418353448769],[-89.95717439796869,44.54188032978278],[-89.95718550945524,44.541755810513244],[-89.95718593682005,44.54175135570307],[-89.95718672032218,44.54174244605483],[-89.95718714768697,44.54173799124338],[-89.95719419920532,44.541729371351444],[-89.95720082335774,44.54172520627064],[-89.95720160685956,44.54171629661733],[-89.9572082310107,44.541712131534936],[-89.9572149263881,44.54170796647837],[-89.95722781854768,44.54170409115163],[-89.95723444269429,44.54169992606663],[-89.95750140197228,44.54159145319624],[-89.95753003516755,44.54127127861766],[-89.95753081866265,44.54126236887587],[-89.95753160215773,44.541253530987504],[-89.95753829747862,44.54124936587128],[-89.95753908097356,44.54124045612529],[-89.95754570506634,44.54123629098108],[-89.957552329158,44.54123212583613],[-89.95755938060915,44.541223505828704],[-89.9575660759252,44.541219340708196],[-89.95757270001334,44.54121517556055],[-89.95757932410032,44.541211010412155],[-89.95759221613731,44.54120713500327],[-89.95759848408744,44.54120742474318],[-89.95761137611798,44.54120354933184],[-89.95761764406495,44.541203839070725],[-89.9576301087292,44.54120434666595],[-89.95763637667312,44.541204636403805],[-89.95773630750418,44.54120920017612],[-89.95774307401575,44.5411336109545],[-89.95774350137432,44.541129156083144],[-89.9577505527903,44.54112053604501],[-89.95775090892239,44.54111608114613],[-89.957757960337,44.541107461105135],[-89.95775838769542,44.54110300623124],[-89.95776543910864,44.54109438618739],[-89.95777206316232,44.5410902210171],[-89.95777868721486,44.54108605584607],[-89.95778538249259,44.541081890700504],[-89.95779827446025,44.54107801525773],[-89.95780489850823,44.541073850084096],[-89.95801124059123,44.541011770911716],[-89.9580241324829,44.5410078954377],[-89.95803040036238,44.54100818515519],[-89.9580432922476,44.54100430967871],[-89.95804948889807,44.5410045993691],[-89.95806202464767,44.54100517880101],[-89.95846188441836,44.541023288295776],[-89.95847442003306,44.5410238676823],[-89.95848068783886,44.541024157375034],[-89.95849272487216,44.54102911976232],[-89.95849899267498,44.541029409454026],[-89.95851110092751,44.54103444372007],[-89.95851694137737,44.54103918829398],[-89.95852278182635,44.541043861011666],[-89.95853489007136,44.54104889527365],[-89.95854073051758,44.54105363984489],[-89.95854657096294,44.541058384415344],[-89.9585457874886,44.54106729420289],[-89.95855162793318,44.541071966916306],[-89.95855711225227,44.54108116638951],[-89.95855668490276,44.54108562126849],[-89.95855590142865,44.54109453105094],[-89.95855554530404,44.541098985954406],[-89.95855155670824,44.54114346295588],[-89.95865347944537,44.54112575151258],[-89.95868731118148,44.540747731380705],[-89.95626944204474,44.540705157857644]]]}"
2_027c0000000000001d03,3,0.005,"{""type"":""Polygon"",""coordinates"":[[[-89.96397822701219,44.5417061961057],[-89.96397203132062,44.54170590674045],[-89.96395949750473,44.541705399818596],[-89.96394703489962,44.541704821063334],[-89.96394112406264,44.54170007681109],[-89.96392866145156,44.54169949805375],[-89.96392282182669,44.54169475382245],[-89.96391028799468,44.54169417504064],[-89.96390444836702,44.54168950266231],[-89.96389860873845,44.54168475842875],[-89.96389276910898,44.54168001419442],[-89.96388728555368,44.541670815093795],[-89.96388144592251,44.54166614271198],[-89.96387560629043,44.54166139847489],[-89.96387012273269,44.54165219936981],[-89.96387055002293,44.54164774452462],[-89.96381037326677,44.54140837752877],[-89.96368539047113,44.54140273331303],[-89.96367912351678,44.5414024439075],[-89.96366666082045,44.54140186511802],[-89.96365412690464,44.54140128630457],[-89.9636482872379,44.541396542029126],[-89.96364209149296,44.54139632449903],[-89.96362998486201,44.541391290814204],[-89.96362414519162,44.541386546536515],[-89.9636182343048,44.54138180223545],[-89.96323794159765,44.54107435635984],[-89.96323210186748,44.54106961203014],[-89.9632262621364,44.54106493955507],[-89.96322077848568,44.541055740302006],[-89.96322120578316,44.54105128540263],[-89.96321572213172,44.541042086146646],[-89.96321650551054,44.541033248177506],[-89.96316166895406,44.54066461061377],[-89.95958138410981,44.54071233779153],[-89.95935959500174,44.541157692265756],[-89.95935289999908,44.54116185749671],[-89.95934592010143,44.541170477651306],[-89.95933922509636,44.5411746428803],[-89.95933217397275,44.54118326300645],[-89.95932555018878,44.54118742825879],[-89.95931892640365,44.54119159351037],[-89.95931223139388,44.541195758735924],[-89.95929933993558,44.54119963433949],[-89.95929314348723,44.541199344717946],[-89.95928025202251,44.54120322031907],[-89.9592739843475,44.5412029306712],[-89.95873731087151,44.541241181218936],[-89.95858432016135,44.5418995300418],[-89.95858346546292,44.54190843964414],[-89.95858310933859,44.541912894470414],[-89.95857605807582,44.54192151441426],[-89.95856943416113,44.54192567955725],[-89.95856865068728,44.541934517326176],[-89.9585619555464,44.54193868244183],[-89.95854906383566,44.54194255789945],[-89.95854243991633,44.54194672303901],[-89.95853581599583,44.541950888177816],[-89.95852285305132,44.54195476360571],[-89.95844550264295,44.54197808814446],[-89.95854500401427,44.542058528746196],[-89.95855084445897,44.54206320136099],[-89.95855668490276,44.54206794582888],[-89.95855625755324,44.542072400614174],[-89.95856174187166,44.542081599891056],[-89.9585675823138,44.54208634435653],[-89.95856679883991,44.54209518209518],[-89.9585663714905,44.54209963687791],[-89.9585655880166,44.542108546467865],[-89.95853417782175,44.542459898919454],[-89.96095845634055,44.54243129056024],[-89.96096472374,44.54243158010838],[-89.96439490277386,44.54251985509828],[-89.96447081689206,44.5416704944991],[-89.96397822701219,44.5417061961057]]]}"
2_027c0000000000001d07,3,0.005,"{""type"":""Polygon"",""coordinates"":[[[-89.94577972532552,44.53930499621087],[-89.94414987756261,44.53936047839456],[-89.94414268114133,44.53944052464018],[-89.94414232488282,44.53944497965523],[-89.94414154111406,44.53945381779148],[-89.94414075734531,44.53946272778393],[-89.94413405968434,44.53946689227448],[-89.94412700576356,44.539475511776395],[-89.9441266495049,44.53947996678808],[-89.94411375293917,44.53948384082237],[-89.94410705527349,44.53948800530947],[-89.94410007259953,44.539496624840595],[-89.94409380244223,44.53949633435092],[-89.94356817436135,44.53969124211762],[-89.94356147660041,44.53969540655436],[-89.9435490073615,44.53969482555316],[-89.94354238085003,44.53969899002356],[-89.94352984035208,44.53969848084271],[-89.9435173711029,44.53969789983811],[-89.94351110085036,44.53969760931775],[-89.94349863159508,44.53969702831109],[-89.94252295324334,44.53952322255326],[-89.9424894635145,44.53989679274763],[-89.9426287663434,44.53995219256674],[-89.94263460921314,44.53995693805991],[-89.94264672247687,44.53996197411876],[-89.94265256534388,44.539966719610035],[-89.94265840821001,44.53997146510053],[-89.94266425107524,44.53997613873317],[-89.94266973766739,44.539985339181214],[-89.9426755805309,44.53999008466894],[-89.94267479673219,44.53999899454937],[-89.94268063959493,44.540003668178436],[-89.94267985579633,44.54001257805631],[-89.94271583926138,44.54059025098257],[-89.94352748900826,44.54056457001884],[-89.94353995825416,44.54056515101172],[-89.943546228502,44.5405654415252],[-89.94483951646289,44.54069562776939],[-89.94575151084514,44.54067005122135],[-89.94577972532552,44.53930499621087]]]}"
2_027c0000000000001d0a,3,0.005,"{""type"":""Polygon"",""coordinates"":[[[-89.96881340939282,44.53954956017322],[-89.96770101546664,44.53964209217048],[-89.9676947491694,44.53964180297395],[-89.96768848287113,44.53964151377706],[-89.96659506933113,44.53959204967114],[-89.96664527232991,44.53994258468484],[-89.9666444890212,44.5399514947402],[-89.96664413297181,44.53995594977761],[-89.96664327845319,44.53996485980969],[-89.96664292240378,44.53996931484583],[-89.96664213909503,44.53997822489609],[-89.96663544536511,44.539982390657805],[-89.96662839558448,44.53999093959573],[-89.96662177306209,44.53999510537625],[-89.96661515053854,44.53999927115602],[-89.96660810075417,44.540007891946644],[-89.96660147822826,44.54001205772448],[-89.96659521175108,44.540011768470045],[-89.96658858922297,44.540015934246796],[-89.96581488490857,44.54024888152006],[-89.96586651315673,44.54409572926791],[-89.96799111542303,44.54419183192742],[-89.96828327817977,44.54204388959299],[-89.96828406145494,44.54203497992367],[-89.96828448869594,44.54203052509824],[-89.96828527197108,44.54202168728032],[-89.96829189420578,44.54201752158356],[-89.96829267748078,44.54200861190917],[-89.96829937092099,44.54200444623052],[-89.96851840242546,44.5418000097518],[-89.96852502461984,44.54179584402187],[-89.9685320740513,44.54178722344171],[-89.96854496240243,44.54178334684709],[-89.9685515845922,44.54177918111413],[-89.96855785074922,44.541779470250695],[-89.96857073909169,44.541775593652524],[-89.968577361277,44.541771427917396],[-89.96858989358157,44.54177200618745],[-89.96859615973231,44.541772295321955],[-89.96860862082451,44.541772873570444],[-89.96910848529242,44.541795427941544],[-89.96912101742315,44.54179600615319],[-89.96913347834452,44.54179658434427],[-89.96913974440629,44.54179687344888],[-89.96915184929549,44.541801906507914],[-89.969157688123,44.54180657860761],[-89.96916395418083,44.54180686771085],[-89.96917605906235,44.54181190076625],[-89.96918189788619,44.54181664471799],[-89.96918738068337,44.54182584353679],[-89.96919321950547,44.5418305156323],[-89.9691990583267,44.54183525958129],[-89.96919827507024,44.54184416929483],[-89.96920411389068,44.54184891324219],[-89.96920333063434,44.541857822953176],[-89.9692029034036,44.54186220594428],[-89.96920838619776,44.54187140475315],[-89.96920325942922,44.54192924595306],[-89.96970745958927,44.54190293801931],[-89.9697531014452,44.541391489591454],[-89.9697539558944,44.5413825798069],[-89.9697610050996,44.541373959075074],[-89.96988632408632,44.541093900680714],[-89.96988717853255,44.54108499083865],[-89.96989380049017,44.54108082496602],[-89.9698945837324,44.54107191510271],[-89.96990120568874,44.54106774922848],[-89.96990789884775,44.54106358337221],[-89.96991452080181,44.54105941749647],[-89.96992740868757,44.54105554068604],[-89.96993410184199,44.54105137482714],[-89.96994072379151,44.541047208948804],[-89.97009544923198,44.541000615222295],[-89.97040076846913,44.53968830706405],[-89.96881340939282,44.53954956017322]]]}"
2_027c0000000000001d0b,3,0.005,"{""type"":""Polygon"",""coordinates"":[[[-89.95100025814737,44.5385952998828],[-89.94898806085243,44.53843705002862],[-89.94898164900879,44.5385081879521],[-89.94898129279521,44.53851264307096],[-89.94898050912536,44.53852148141638],[-89.9489734560959,44.53853010139115],[-89.94897302863953,44.53853455647619],[-89.9489659756087,44.53854317644809],[-89.9489593500331,44.53854734133462],[-89.94895272445636,44.5385515062204],[-89.9489460276357,44.538555671073695],[-89.94893940205665,44.53855983595796],[-89.9489265071092,44.53856371061082],[-89.94891988152679,44.53856787549326],[-89.9487714111861,44.538614733274514],[-89.94865222128836,44.539944414730584],[-89.94986483475168,44.540204858083534],[-89.94987110396552,44.540205148252745],[-89.94988321494388,44.54021011166279],[-89.94988905670856,44.540214856759924],[-89.94989532591843,44.54021514692774],[-89.95054532343414,44.54059289100196],[-89.95091391642768,44.54060964822582],[-89.95100025814737,44.5385952998828]]]}"
2_027c0000000000001d0c,3,0.005,"{""type"":""Polygon"",""coordinates"":[[[-89.94351323843657,44.53876445970968],[-89.94340072998709,44.538759374077024],[-89.94338826069594,44.53875879304686],[-89.94338241794098,44.53875404747102],[-89.94336994864388,44.5387534664388],[-89.94336403463298,44.53874879268523],[-89.94335156532989,44.53874821165094],[-89.94334572256933,44.53874346607218],[-89.9433398798079,44.53873872049263],[-89.94332776676305,44.538733684375984],[-89.94332192399888,44.53872901065351],[-89.9433160812338,44.538724265071295],[-89.94331650875323,44.53871981002566],[-89.94331102225358,44.5387106093605],[-89.94330517948684,44.53870593563487],[-89.94330596327268,44.53869702550454],[-89.94324119400763,44.5384395218584],[-89.94289041202863,44.53829411948884],[-89.94287829884186,44.538289083276986],[-89.94287245600923,44.538284409487325],[-89.9428666131757,44.538279663837244],[-89.94286077034128,44.53827491818639],[-89.94285492750599,44.53827017253476],[-89.9428490846698,44.53826542688235],[-89.9428435981033,44.53825629796546],[-89.94284402562798,44.53825184287718],[-89.94283853906076,44.5382426420977],[-89.94283932285612,44.53823373188262],[-89.94283975038086,44.53822927679222],[-89.94284929843211,44.53812256971961],[-89.94260389850976,44.537990871417],[-89.94259178523252,44.53798583514233],[-89.94258594235625,44.53798116130788],[-89.94258009947909,44.53797641561254],[-89.94257468412873,44.537967214802144],[-89.94256884124985,44.537962469104826],[-89.94256962505074,44.537953558838424],[-89.94256378217108,44.537948884999636],[-89.94256456597206,44.5379399747307],[-89.94256499349986,44.53793551961345],[-89.94256577730081,44.53792660934196],[-89.94257853187774,44.53778433231617],[-89.94137887054313,44.537729829622556],[-89.94036644005956,44.537826678173595],[-89.940360169292,44.537826387469124],[-89.9403476990126,44.53782587795658],[-89.93853575996853,44.53774350267137],[-89.9385232890962,44.537742921098626],[-89.93851701802744,44.53774263029263],[-89.93850454714902,44.53774204871784],[-89.93849863238813,44.53773730275191],[-89.93848658907699,44.53773233791444],[-89.93848031800222,44.53773204710637],[-89.93847447449983,44.53772730117642],[-89.93846235991886,44.53772226443658],[-89.9384569439873,44.53771313524244],[-89.93845110048134,44.537708389309394],[-89.9384514567927,44.537703934147466],[-89.93844604085962,44.53769473308869],[-89.93844019735198,44.537690059013784],[-89.9384409812372,44.53768114872437],[-89.93844140881096,44.53767669359816],[-89.93844219269616,44.5376677833062],[-89.93844853503943,44.53759664466905],[-89.93825484367909,44.53758784533386],[-89.93780567264537,44.537629928402836],[-89.93771409897494,44.537741837435185],[-89.93770740019202,44.53774600170211],[-89.93770704387376,44.537750456857694],[-89.93769414515005,44.53775433031115],[-89.93768709004522,44.53776294973012],[-89.93768046252129,44.53776711403234],[-89.9376741913148,44.537766823180306],[-89.93766129258006,44.5377706966287],[-89.93765466505168,44.537774860928735],[-89.93764212262926,44.53777427922158],[-89.93762965146654,44.53777376941226],[-89.93762338025174,44.53777347855748],[-89.9369110918586,44.5377410389041],[-89.9365050922493,44.54009806673784],[-89.93654101023942,44.540675740473],[-89.93867144279751,44.54070564270648],[-89.93870001879435,44.53926909197587],[-89.93870080267426,44.53926025384262],[-89.93870158655416,44.53925134384955],[-89.93870821390173,44.53924717961997],[-89.93870899778148,44.53923826962435],[-89.93871569638956,44.539234105431284],[-89.93871605269847,44.53922965041337],[-89.93872310761415,44.53922103120037],[-89.93872973495802,44.539216866966854],[-89.93873643356247,44.53921270277067],[-89.93874306090403,44.53920853853563],[-89.93875595927518,44.53920466508414],[-89.93876258661336,44.539200500847265],[-89.93876885764199,44.539200791630876],[-89.93878175600449,44.539196918175826],[-89.93878802702997,44.53919720895841],[-89.93880049781626,44.53919779048449],[-89.94355549136624,44.5391325404741],[-89.94351323843657,44.53876445970968]]]}"
2_027c0000000000001d0d,3,0.005,"{""type"":""Polygon"",""coordinates"":[[[-89.94600750662038,44.53795343352606],[-89.94599339946656,44.539091390641694],[-89.94649947255185,44.539114407118156],[-89.94651194083163,44.53911498780501],[-89.94651821059364,44.539115278164545],[-89.94653032263099,44.53912024204439],[-89.94654279090072,44.53912082272782],[-89.9465486331743,44.53912556810538],[-89.94656074520204,44.5391306038393],[-89.94656658747287,44.53913527735661],[-89.94657242974282,44.539140022731516],[-89.94657834325906,44.53914476813883],[-89.9465837580442,44.53915396852937],[-89.94682920375251,44.539495480330956],[-89.94814190195459,44.53968901963578],[-89.94848273304325,44.53952591280911],[-89.94856915148125,44.53856089200915],[-89.94857620458507,44.53855227206499],[-89.94857663204587,44.53854781698313],[-89.94857741572397,44.53853897864546],[-89.94858404136556,44.53853481378031],[-89.94858482504353,44.53852590358085],[-89.94859152192728,44.53852173874606],[-89.94859857502699,44.538513118793325],[-89.94860520066491,44.53850895392465],[-89.94861809572042,44.53850507930347],[-89.94862472135499,44.53850091443296],[-89.94863134698839,44.53849674956167],[-89.94878573104727,44.53845463720733],[-89.94879527761842,44.53834793014459],[-89.94600750662038,44.53795343352606]]]}"
2_027c0000000000001d0f,3,0.005,"{""type"":""Polygon"",""coordinates"":[[[-89.94581007724337,44.537846268577795],[-89.94550292327625,44.53777426254991],[-89.94501037456115,44.537809957482544],[-89.94505918084229,44.538245237212344],[-89.94505839709228,44.53825414744065],[-89.94505754209226,44.53826305763309],[-89.94505718584224,44.53826751276283],[-89.94505640209218,44.53827642298688],[-89.94504934834102,44.53828504276449],[-89.9450489208409,44.538289425998315],[-89.94504229458855,44.538293590680446],[-89.94503524083477,44.53830221045404],[-89.94502861458005,44.53830637513423],[-89.94480966253025,44.53843935373703],[-89.94480296498608,44.53844351835767],[-89.94479633869123,44.53844768301185],[-89.94478971239523,44.53845184766529],[-89.94477681605245,44.53845572185936],[-89.94477054600577,44.53845543140038],[-89.94475764965654,44.53845930559198],[-89.94475145085728,44.53845901516632],[-89.94473891075461,44.538458434245285],[-89.94433905033098,44.53844027589149],[-89.94432651009348,44.53843969492504],[-89.94431404110325,44.538439185851246],[-89.9443081984893,44.53843444029034],[-89.94429572949312,44.53843385935506],[-89.94428981562494,44.53842911375805],[-89.9442839730073,44.53842436819488],[-89.94427193151203,44.53841940403852],[-89.94426608889167,44.538414658473464],[-89.94426017501891,44.53840991287298],[-89.94425433239675,44.538405167306365],[-89.94424848977371,44.538400493598445],[-89.94424927354027,44.53839158340356],[-89.94424343091644,44.53838683783453],[-89.94424428593463,44.53837792767177],[-89.94424506970127,44.53836901747262],[-89.9442392270768,44.538364343760634],[-89.94427784538297,44.537932915920166],[-89.94399048720271,44.537919912868546],[-89.94403366588148,44.53841749144644],[-89.94403288211052,44.538426401634915],[-89.94403245459908,44.538430856711116],[-89.9440316708281,44.53843969503762],[-89.94403131456853,44.53844415014734],[-89.94402426062886,44.53845276983086],[-89.94402383311733,44.538457224904526],[-89.94401720668789,44.53846138951236],[-89.9440101527456,44.538470009191826],[-89.94371167717112,44.53871993293285],[-89.94375585369762,44.5391371660552],[-89.94474332829125,44.539249026723574],[-89.945029825831,44.539132538528406],[-89.94503645208552,44.53912837392151],[-89.94504307833888,44.53912420931386],[-89.94505561834212,44.539124718335046],[-89.94506224459218,44.53912062558433],[-89.94507478458914,44.53912113460346],[-89.94508725333208,44.53912171544544],[-89.94578706393698,44.539153522575155],[-89.94581007724337,44.537846268577795]]]}"
2_027c0000000000001d13,3,0.005,"{""type"":""Polygon"",""coordinates"":[[[-89.96869008066437,44.53868219568993],[-89.96591614742073,44.53862370143271],[-89.9661942975003,44.53909172826739],[-89.9665514175922,44.53923734615324],[-89.96656352329967,44.53924237976019],[-89.96656943373192,44.53924712412555],[-89.96657527295325,44.53925179661117],[-89.96658111217369,44.539256540954206],[-89.96658695139324,44.53926128529647],[-89.966592434562,44.53927048474028],[-89.96659827377984,44.5392751572224],[-89.96659749047018,44.53928406740417],[-89.96666435657316,44.53944785128588],[-89.96870688529509,44.53947774520597],[-89.96869008066437,44.53868219568993]]]}"
2_027c0000000000001d15,3,0.005,"{""type"":""Polygon"",""coordinates"":[[[-89.93798767912058,44.53699966114688],[-89.93786218453685,44.537489614991365],[-89.93854880093355,44.537458294553716],[-89.9385550719971,44.53745858535971],[-89.93856754285909,44.537459166932464],[-89.93858001371704,44.53745974850384],[-89.9385862847755,44.53746003930812],[-89.93859839931736,44.537465004202055],[-89.93860424280089,44.53746975015219],[-89.93861671364691,44.53747033171945],[-89.93862255712764,44.537475077668105],[-89.9386284006075,44.53747975175511],[-89.93863388777679,44.53748895288556],[-89.93863973125492,44.537493698831454],[-89.93864557473215,44.53749844477658],[-89.93865099063709,44.53750757400356],[-89.93865063432757,44.53751202918477],[-89.9386560502318,44.53752123026969],[-89.93865569392233,44.537525685449616],[-89.9386549100415,44.53753459577005],[-89.93864849647044,44.537605734474724],[-89.9403541835584,44.53768323830987],[-89.94199110439315,44.53761918839666],[-89.94211779681665,44.537115937600554],[-89.93798767912058,44.53699966114688]]]}"
2_027c0000000000001d17,3,0.005,"{""type"":""Polygon"",""coordinates"":[[[-89.96154302936866,44.53778716296648],[-89.96112083863203,44.53829938257919],[-89.96111421515728,44.538303548191216],[-89.96110716436033,44.53831216895442],[-89.96110046966304,44.53831633454034],[-89.96025650111304,44.53884521621837],[-89.9600518092304,44.539099380825135],[-89.9600251721409,44.539397367452224],[-89.9601644824897,44.53945274655736],[-89.96017032268753,44.539457491206846],[-89.9601824304119,44.53946252546469],[-89.96018834182888,44.539467270137024],[-89.96019418202309,44.53947194292597],[-89.9602000222164,44.53947668757201],[-89.9602054350777,44.539485887254344],[-89.9602113464911,44.53949063192312],[-89.96021049182899,44.53949947013735],[-89.96021633201981,44.539504214779775],[-89.96021554857963,44.53951312487399],[-89.96021476513943,44.53952203496651],[-89.96020920983577,44.53958426182653],[-89.96137074933142,44.53957438357274],[-89.96164878998333,44.5393413700209],[-89.961823490211,44.538509807781445],[-89.9618242736183,44.53850096934493],[-89.96182505702558,44.53849205904741],[-89.96183168037743,44.53848789341098],[-89.96183873104103,44.53847927263542],[-89.96183915835394,44.53847481749661],[-89.96184578170333,44.538470651857835],[-89.96185283236434,44.53846203107823],[-89.96217808720424,44.538262441194234],[-89.96218471049502,44.53825827551698],[-89.96219140500284,44.538254109862464],[-89.96220429548801,44.53825023368958],[-89.96221049146551,44.53825052317165],[-89.96222338194426,44.53824664699633],[-89.96222964913677,44.538246936500855],[-89.96224253960905,44.538243060323076],[-89.96224880679843,44.53824334982658],[-89.96246124966832,44.53825297695123],[-89.96255589782199,44.53789557632584],[-89.96154302936866,44.53778716296648]]]}"
2_027c0000000000001d18,3,0.005,"{""type"":""Polygon"",""coordinates"":[[[-89.96434241797189,44.539807159018686],[-89.96433700569514,44.53979795959463],[-89.964337361766,44.53979350454945],[-89.96433778905103,44.53978904952603],[-89.96433857240692,44.539780211313115],[-89.96441220778777,44.53783228396648],[-89.96349973151413,44.537723990743416],[-89.96348719754367,44.53772341186666],[-89.96348100177268,44.537723122450444],[-89.96346889509083,44.537718088354836],[-89.96346262810107,44.5377177989149],[-89.96345678840514,44.53771312611796],[-89.96345094870833,44.53770838145969],[-89.96343884201697,44.53770334735932],[-89.9634330023174,44.53769860269916],[-89.96342716261697,44.53769385803822],[-89.96342794599147,44.53768501943696],[-89.96342210629025,44.53768027477438],[-89.96341662266757,44.53767107486725],[-89.96335637398225,44.53750311707953],[-89.96312513494492,44.53749269494556],[-89.96311893911536,44.537492405508345],[-89.9631064050203,44.53749182658706],[-89.96309429822006,44.53748679242707],[-89.96308810238548,44.53748657484904],[-89.96308219141596,44.53748183012615],[-89.96307015582458,44.53747679598547],[-89.96306424485228,44.53747205126067],[-89.96305840509562,44.53746730655803],[-89.96276591760765,44.537230860747535],[-89.96277439244089,44.53804835031471],[-89.96277360905302,44.53805726070304],[-89.96277318175055,44.538061715885014],[-89.96247827068537,44.53911550676752],[-89.96274462369065,44.540346511822975],[-89.96356873949391,44.540321339546026],[-89.9635812022221,44.54032191835942],[-89.96358746919246,44.5403222077769],[-89.9636000031301,44.54032278661086],[-89.96360619888185,44.540323004148156],[-89.96361830552031,44.540328037950026],[-89.96362414519162,44.540332782335],[-89.96363667911726,44.540333361164805],[-89.96364251878575,44.5403381055483],[-89.96364835845336,44.5403427780745],[-89.96365419812008,44.54034752245646],[-89.96365968170875,44.54035672182761],[-89.96366552137374,44.54036146620757],[-89.96367100496079,44.54037059371898],[-89.96367057766832,44.54037504868468],[-89.96367606125465,44.540384248049655],[-89.96367563396223,44.54038870301409],[-89.96367485059278,44.54039761296424],[-89.96366210303336,44.540539884443255],[-89.96438073117227,44.54057244532897],[-89.9645059253405,44.54015392014338],[-89.96434241797189,44.539807159018686]]]}"
2_027c0000000000001d1b,3,0.005,"{""type"":""Polygon"",""coordinates"":[[[-89.95343569843462,44.53626780433782],[-89.94605716661046,44.53620980949419],[-89.94600821910275,44.53780612029387],[-89.94960672747855,44.53839363317947],[-89.95341219106326,44.538633241326515],[-89.95343569843462,44.53626780433782]]]}"
2_027c0000000000001d1c,3,0.005,"{""type"":""Polygon"",""coordinates"":[[[-89.9694623739971,44.53698908659864],[-89.96551330333715,44.53695332897588],[-89.96468331865172,44.53704527469666],[-89.96466145609213,44.537289884091614],[-89.96498120368453,44.53736234640298],[-89.96499330988836,44.53736738037687],[-89.96499950541472,44.537367669713426],[-89.96500541608836,44.53737241434894],[-89.96501745107165,44.537377448297455],[-89.96502336174251,44.537382121069996],[-89.96502920119958,44.53738686568109],[-89.96503504065578,44.5373916102914],[-89.96504088011108,44.53739635490094],[-89.96504636350122,44.53740548292322],[-89.96504593622409,44.53740993817563],[-89.96505177567771,44.53741468278275],[-89.96505099233643,44.53742359330713],[-89.9650506362722,44.53742804857954],[-89.96504978171804,44.53743695907966],[-89.96501446012941,44.53783268497758],[-89.96545960946239,44.53811630826908],[-89.96546509279257,44.53812550799123],[-89.9654709321823,44.53813018064478],[-89.96547677157113,44.53813492515746],[-89.96548261095907,44.53813966966936],[-89.96548809428596,44.53814886938584],[-89.96548766701376,44.538153324569315],[-89.96549315033992,44.538162452423016],[-89.96549272306778,44.53816690760523],[-89.96549193973551,44.53817581798982],[-89.965471715515,44.538402600991304],[-89.96607259818771,44.53848786200516],[-89.9688027997199,44.53854440054642],[-89.96898665283055,44.53753912845416],[-89.96898743609134,44.537530217924584],[-89.9689882193521,44.53752137925415],[-89.96899491267074,44.53751721313626],[-89.96900189081018,44.53750859172162],[-89.96900231804317,44.537504136463724],[-89.96900894015384,44.53749997032422],[-89.96902225557722,44.53749163806222],[-89.96951399732751,44.537183485715175],[-89.9694623739971,44.53698908659864]]]}"
2_027c0000000000001d1f,3,0.005,"{""type"":""Polygon"",""coordinates"":[[[-89.95363643655188,44.53626795758407],[-89.95361713211574,44.538655960072326],[-89.9540364849663,44.5387374734468],[-89.95404268226466,44.53873776336797],[-89.95405479192523,44.53874272649189],[-89.95406063305425,44.53874747152462],[-89.95407274270917,44.53875250650457],[-89.95407901123491,44.53875279645222],[-89.95408442496088,44.538761996565434],[-89.9540903373186,44.53876666976432],[-89.95409617844223,44.538771414792805],[-89.9542548144712,44.538961688390444],[-89.95520455115417,44.53900474754743],[-89.95521701660329,44.539005327287526],[-89.95522328494191,44.53900561717097],[-89.95523539422949,44.539010580141756],[-89.955241591334,44.539010869996346],[-89.95524743228216,44.53901561494146],[-89.95544730614283,44.53909610245754],[-89.95545314705964,44.53910084738356],[-89.95545898797556,44.53910559230879],[-89.95546482889061,44.53911033723325],[-89.95547066980475,44.539115010298545],[-89.95547651071801,44.53911975522145],[-89.95548242286101,44.539124500171255],[-89.95548783638874,44.53913370014535],[-89.95549367729937,44.5391384450655],[-89.95549332114632,44.539142828286685],[-89.95555343973638,44.53938221116853],[-89.95597832732001,44.539401489380054],[-89.95599079251745,44.53940206903104],[-89.95599706072952,44.53940235886969],[-89.95600952592089,44.53940293851862],[-89.95601543798166,44.539407611554346],[-89.95602747578934,44.53941264622949],[-89.95603338784736,44.53941739112127],[-89.95604542564938,44.53942242579348],[-89.95605133770461,44.539427170683346],[-89.95605717852938,44.53943184368719],[-89.95606301935325,44.53943658854818],[-89.95606843279899,44.53944578843368],[-89.9561334653174,44.539560354673846],[-89.9564898956928,44.53964348612825],[-89.95649616382322,44.53964377593809],[-89.95650827270862,44.53964881056444],[-89.95651454083603,44.53964902851567],[-89.9565203815902,44.53965377333139],[-89.95652622234347,44.53965851814633],[-89.95653833121938,44.53966355276791],[-89.95654374459797,44.53967268072895],[-89.95654338845465,44.539677135761075],[-89.95654922920441,44.53968188057249],[-89.95655464258147,44.539691080386966],[-89.95655428643825,44.53969553541739],[-89.95676341315732,44.54051320205573],[-89.95951244017006,44.54057075702478],[-89.95961542869546,44.5394189249003],[-89.95961585603315,44.53941454171702],[-89.95962290710457,44.539405921248346],[-89.95962326321926,44.539401466180784],[-89.9596303142893,44.539392845709244],[-89.95963074162684,44.53938839066549],[-89.95963779269552,44.5393797701911],[-89.9596444164255,44.53937560476013],[-89.95965104015434,44.5393714393284],[-89.95965773510493,44.53936727392099],[-89.95967062644264,44.53936339812551],[-89.95967725016696,44.53935923269118],[-89.95983201707692,44.53931265116105],[-89.95985345505794,44.539072508315705],[-89.95985423850553,44.53906366999879],[-89.95985466584057,44.53905921492294],[-89.95985544928811,44.53905030474503],[-89.95986250031544,44.53904168419465],[-89.95986912400659,44.53903751872064],[-89.96031397702956,44.53855312917288],[-89.96032060064266,44.53854896362935],[-89.96032722425461,44.53854479808505],[-89.96033391908702,44.53854063256466],[-89.96034054269667,44.53853646701886],[-89.96093936925408,44.53822422748559],[-89.96094926890086,44.53811306368026],[-89.9609496962237,44.53810860851003],[-89.96095047964886,44.538099698144045],[-89.96095090697166,44.538095242972545],[-89.96095788657692,44.538086622154864],[-89.96096458129912,44.53808245655687],[-89.96096536472399,44.5380736180458],[-89.96097198822447,44.53806945242197],[-89.96097868294422,44.53806528682163],[-89.9613773727618,44.53781542025992],[-89.96150264796603,44.536414595150006],[-89.95363643655188,44.53626795758407]]]}"
2_027c0000000000001d22,3,0.005,"{""type"":""Polygon"",""coordinates"":[[[-89.96730267630495,44.53595374341472],[-89.96468467170875,44.53590675850909],[-89.96461473996203,44.53668939371776],[-89.96467021536019,44.53691074561314],[-89.96545683219097,44.536883821646434],[-89.96564953162324,44.536763007838715],[-89.96565615431378,44.53675891368939],[-89.96566284821486,44.536754747698645],[-89.96566904363291,44.536754965140716],[-89.96568193294772,44.536751088452284],[-89.9656886268443,44.536746922459336],[-89.96570108888268,44.53674750108579],[-89.96570735550618,44.53674779040915],[-89.96571981753848,44.536748369033546],[-89.9657260841589,44.536748658355876],[-89.96573861739667,44.53674923699952],[-89.96574481280247,44.53674952629953],[-89.96575691876492,44.536754488396376],[-89.96576318537927,44.536754777716645],[-89.96593843653126,44.53682971009244],[-89.9677313500274,44.53684381082654],[-89.96780319869171,44.5360388992557],[-89.96730267630495,44.53595374341472]]]}"
2_027c0000000000001d24,3,0.005,"{""type"":""Polygon"",""coordinates"":[[[-89.95232043586857,44.53506075469352],[-89.95229500442632,44.53534532705568],[-89.9522942208242,44.535354237884775],[-89.95229336598548,44.53536314868252],[-89.9522930098027,44.53536760411041],[-89.95228595738257,44.53537622486908],[-89.95228552996313,44.535380608401944],[-89.95227890496116,44.53538477376163],[-89.95227185253846,44.535393394516284],[-89.95226522753413,44.53539755987405],[-89.95225860252864,44.53540172523106],[-89.9522457086975,44.53540560051911],[-89.95165949783785,44.53564696113859],[-89.95153725368547,44.5361013014865],[-89.95354881855333,44.53612556178074],[-89.95372626260101,44.5351244998736],[-89.95232043586857,44.53506075469352]]]}"
2_027c0000000000001d28,3,0.005,"{""type"":""Polygon"",""coordinates"":[[[-89.94580872351985,44.53450176909529],[-89.94576889552744,44.53452675942557],[-89.94576219815076,44.534530924449875],[-89.94575557202162,44.53453508950714],[-89.94574267600359,44.534538964133944],[-89.94573640611479,44.534538673703906],[-89.9457235100903,44.534542548328254],[-89.94571731144715,44.53454225793093],[-89.94570441541624,44.53454613255284],[-89.94569814552119,44.534545842120735],[-89.94369258149551,44.5344548269052],[-89.94372628393148,44.536108439934274],[-89.94575029961699,44.536133346255724],[-89.94580872351985,44.53450176909529]]]}"
2_027c0000000000001d2a,3,0.005,"{""type"":""Polygon"",""coordinates"":[[[-89.96586729648133,44.535027070485434],[-89.96585483449704,44.53502649185601],[-89.96584899516586,44.53502174704845],[-89.96583646196419,44.535021168395744],[-89.96583062263021,44.53501642358671],[-89.96581851669106,44.53501146131403],[-89.96581267735432,44.535006716503105],[-89.96580683801672,44.53500197169141],[-89.96564889071766,44.53487429258579],[-89.96467491545441,44.534892681384996],[-89.9645982183902,44.5357510037861],[-89.96539722762476,44.53572465829313],[-89.96540349429797,44.53572494763939],[-89.96540976097015,44.53572523698531],[-89.96752149988615,44.535892218800164],[-89.9676732443688,44.535175706937395],[-89.96586729648133,44.535027070485434]]]}"
2_027c0000000000001d2c,3,0.005,"{""type"":""Polygon"",""coordinates"":[[[-89.94342794865427,44.535027676873035],[-89.94342837617245,44.53502329334068],[-89.94342915995577,44.535014382510255],[-89.9434295162209,44.535009927076814],[-89.94359047647178,44.5343340424663],[-89.94295831705779,44.533899011914045],[-89.94295240298342,44.5338942657897],[-89.94294656016207,44.53388951970003],[-89.94294114486344,44.53388038997234],[-89.94293530204038,44.533875643880705],[-89.9429356583101,44.533871188340726],[-89.94293024300995,44.53386198674252],[-89.94293067053367,44.53385760310317],[-89.94287031838732,44.53355120542896],[-89.94158950517216,44.533492994382094],[-89.9413302733502,44.53365535295323],[-89.94133077214867,44.536937320691415],[-89.94254290455726,44.53699233408276],[-89.94256242833299,44.53677445889133],[-89.94256285586081,44.536770003663435],[-89.94256991006922,44.536761383760926],[-89.94257026634234,44.536756928496054],[-89.94257732054939,44.53674830859069],[-89.94257774807704,44.536743925222254],[-89.94258437475514,44.53673976054531],[-89.94259100143209,44.536735595867604],[-89.94259805563533,44.53672697595704],[-89.9426046823099,44.53672281127741],[-89.9426113802379,44.5367186466327],[-89.94261757938298,44.53671893718493],[-89.94263047645171,44.53671506309068],[-89.94263717437521,44.53671089844378],[-89.94264964391049,44.53671140771879],[-89.94297969322257,44.536668383283796],[-89.94300684093469,44.53636599997157],[-89.9430076247266,44.536357089399],[-89.94300805224947,44.53635263412979],[-89.94301510637602,44.53634401412311],[-89.94301546264501,44.53633955881722],[-89.9430225167702,44.53633101067031],[-89.94302294429289,44.536326555398574],[-89.94302957089408,44.536322390658746],[-89.94303619749412,44.53631822591818],[-89.94304952194453,44.536309896470186],[-89.94305572101881,44.536310187001185],[-89.94306241886805,44.53630602229341],[-89.94306904546242,44.53630185754948],[-89.94308194237937,44.53629798336985],[-89.9436112822628,44.536201445885574],[-89.94342794865427,44.535027676873035]]]}"
2_027c0000000000001d2f,3,0.005,"{""type"":""Polygon"",""coordinates"":[[[-89.94307723963668,44.53355166772373],[-89.9431224856978,44.53381716577262],[-89.94373697180139,44.53430946453472],[-89.94566757976817,44.53439713792392],[-89.94582005204681,44.53430579696195],[-89.94589379426317,44.53348310549025],[-89.94307723963668,44.53355166772373]]]}"
2_027c0000000000001d32,3,0.005,"{""type"":""Polygon"",""coordinates"":[[[-89.94954317996175,44.533430007581046],[-89.9461011266915,44.53347910676532],[-89.94596368892867,44.53606266200603],[-89.94939948524454,44.536084711430135],[-89.94954317996175,44.533430007581046]]]}"
2_027c0000000000001d35,3,0.005,"{""type"":""Polygon"",""coordinates"":[[[-89.95600411246684,44.533504249527816],[-89.94973766922702,44.53342987744069],[-89.94966122722688,44.534283689060025],[-89.94980292621,44.534732191573276],[-89.9501278558879,44.534746922042956],[-89.95013405381816,44.53474721220018],[-89.95014659215677,44.5347477925756],[-89.95015905925075,44.53474837291866],[-89.9501649009734,44.534753118553695],[-89.95017081393566,44.53475779235387],[-89.95018328102176,44.534758372694164],[-89.95018912274071,44.53476311832697],[-89.95019496445877,44.53476786395898],[-89.95035874592364,44.53490031024332],[-89.95384515179042,44.53498699895781],[-89.95385142035339,44.53498728894098],[-89.95386395747624,44.5349878689063],[-89.9538701548025,44.53498815885978],[-89.95388226451759,44.5349931223981],[-89.95388853307448,44.5349934123792],[-89.95390064278376,44.53499844777973],[-89.95390648393628,44.53500319319872],[-89.95391232508791,44.535007866752245],[-89.95391816623867,44.53501261216969],[-89.95392400738851,44.53501735758634],[-89.95392949236987,44.535026558467656],[-89.95393533351799,44.53503130388232],[-89.9539345499494,44.53504014291777],[-89.95394039109675,44.53504488833081],[-89.95393960752826,44.53505379922834],[-89.95393918012725,44.535058254662154],[-89.95393839655874,44.53506716555714],[-89.95374912867507,44.53613017016017],[-89.95579191871197,44.53615584092529],[-89.95588088495096,44.53600359742673],[-89.95600411246684,44.533504249527816]]]}"
2_027c0000000000001d37,3,0.005,"{""type"":""Polygon"",""coordinates"":[[[-89.96167763373664,44.53340409211794],[-89.95620483713282,44.533504398274346],[-89.95596728671315,44.536159285994465],[-89.9616090496654,44.53627651085522],[-89.96167763373664,44.53340409211794]]]}"
2_027c0000000000001d38,3,0.005,"{""type"":""Polygon"",""coordinates"":[[[-89.9618783286832,44.53340423091801],[-89.96181565613713,44.53628139468155],[-89.96229046933813,44.53630289512244],[-89.96257690697412,44.53618635570237],[-89.96258979732954,44.536182479315094],[-89.96259649176658,44.536178313452524],[-89.9626089548111,44.53617889242248],[-89.96261564924478,44.536174726558464],[-89.96262811228307,44.536175305526385],[-89.96263437940937,44.53617559502144],[-89.96337788120705,44.53620925125168],[-89.96356097699258,44.53598531258814],[-89.96359159969509,44.535642892976725],[-89.96359865003475,44.53563427156991],[-89.96359900611249,44.5356298879955],[-89.96359978948347,44.53562097714057],[-89.96360648374397,44.53561681116904],[-89.96360726711481,44.535607900311575],[-89.9636138901585,44.53560373431585],[-89.96381884786892,44.53541652183769],[-89.96399603071802,44.53343315954187],[-89.9618783286832,44.53340423091801]]]}"
2_027c0000000000001d39,3,0.005,"{""type"":""Polygon"",""coordinates"":[[[-89.94261893321914,44.53285662482567],[-89.94238493261966,44.53266735056087],[-89.94202259939915,44.53265092560759],[-89.94201632890228,44.53265063496217],[-89.94200385916115,44.532650053706355],[-89.94199801619534,44.53264530744257],[-89.94198547519252,44.53264479801692],[-89.94197963222392,44.53264005175168],[-89.94197378925442,44.53263530548566],[-89.94196174703397,44.53263026860641],[-89.9415111942594,44.53233746274631],[-89.94088648264682,44.53230904153284],[-89.94059403972436,44.53249222727714],[-89.94058741270248,44.532496392215954],[-89.94058071442115,44.53250055711707],[-89.94056781666336,44.532504431328675],[-89.94056161718707,44.53250414063961],[-89.94054871942286,44.53250801484878],[-89.94054244868511,44.53250772412172],[-89.94052955091446,44.532511598328426],[-89.94052328017357,44.53251130760034],[-89.9403171289962,44.532502001262046],[-89.94030836416184,44.53259980963323],[-89.94045351811205,44.532659967051195],[-89.94045978886435,44.53266025778219],[-89.94046563206443,44.53266500412292],[-89.94047774601296,44.532670041192816],[-89.9404835892103,44.53267471566339],[-89.94048900485582,44.53268391760981],[-89.94049484805146,44.53268866394665],[-89.94049449175907,44.532693119591165],[-89.94049990740304,44.53270224966526],[-89.94073769617533,44.5333381865337],[-89.94107082600446,44.53354087971721],[-89.94128324375004,44.533550547041564],[-89.9414682977681,44.53337586106971],[-89.94147492463782,44.53337169615793],[-89.94148155150641,44.53336753124542],[-89.94149444895704,44.533363657002134],[-89.94150114707885,44.53335949212414],[-89.94150777394292,44.53335532720901],[-89.94152067138474,44.53335145296177],[-89.94152687070604,44.5333517435937],[-89.94153976814144,44.533347869344],[-89.9415460387162,44.53334816001127],[-89.94155850860615,44.53334874130842],[-89.94273935319062,44.533402375346085],[-89.94261893321914,44.53285662482567]]]}"
2_027c0000000000001d3d,3,0.005,"{""type"":""Polygon"",""coordinates"":[[[-89.96976477891599,44.533390556469314],[-89.96945753208117,44.5333186077809],[-89.96754549705929,44.53337500112473],[-89.96753930194481,44.53337471190147],[-89.96753303562112,44.5333744226577],[-89.96613989247213,44.53323991516159],[-89.96501146918693,44.53337195577056],[-89.9655493365849,44.533811512663846],[-89.96555517596177,44.533816257608976],[-89.96556101533776,44.53382100255332],[-89.96556685471285,44.53382574749688],[-89.9655660713821,44.53383465870624],[-89.96557191075642,44.533839331781685],[-89.96557112742578,44.533848242988505],[-89.96557077136639,44.53385269860197],[-89.96557618346877,44.53386189913306],[-89.96549955942147,44.534720169150205],[-89.96569945101501,44.53472921228995],[-89.96570529036902,44.534733957134684],[-89.96571782361359,44.53473453580528],[-89.96572409023433,44.53473482514005],[-89.96573612499176,44.53473978743066],[-89.96574239160952,44.5347400767644],[-89.96575449757273,44.5347451109389],[-89.96576033691834,44.534749855779225],[-89.96576617626303,44.534754528753695],[-89.96593003360931,44.53488702472716],[-89.96809173131577,44.53505624165022],[-89.96970959571479,44.535062429838085],[-89.96976477891599,44.533390556469314]]]}"
2_027c0000000000001d3f,3,0.005,"{""type"":""Polygon"",""coordinates"":[[[-89.9561752769659,44.53271276547726],[-89.95611758115277,44.53335754042094],[-89.95906593968914,44.53335719406575],[-89.95928609235514,44.53271973413278],[-89.9561752769659,44.53271276547726]]]}"
2_027c0000000000001d41,3,0.005,"{""type"":""Polygon"",""coordinates"":[[[-89.96394098163282,44.53292611712906],[-89.96392851902169,44.53292553826425],[-89.96391641248128,44.532920503701746],[-89.96391014556475,44.532920214256926],[-89.96389803901853,44.532915251559785],[-89.96389184331399,44.532914962136374],[-89.963879736762,44.53290992756885],[-89.96387389712966,44.53290518244676],[-89.9638679862814,44.532900437301414],[-89.9638625739376,44.532891308369194],[-89.96385673430265,44.53288656324434],[-89.9638508946668,44.53288181811871],[-89.96379164367723,44.53277198507253],[-89.96154872691763,44.532670423442774],[-89.96074258653566,44.53277680252414],[-89.96072969555863,44.532780678984984],[-89.96071716068178,44.53278009974442],[-89.9594863724911,44.532724332802566],[-89.95928488155455,44.533224245661],[-89.96036012863247,44.533335442030314],[-89.96156581955945,44.53325169609063],[-89.96157871025513,44.53324781957457],[-89.96402124075134,44.53329137346288],[-89.9641221519332,44.532934295056876],[-89.96394098163282,44.53292611712906]]]}"
2_027c0000000000001d45,3,0.005,"{""type"":""Polygon"",""coordinates"":[[[-89.94852790148444,44.53229885750498],[-89.94851543386008,44.5322983488231],[-89.94850959188614,44.53229360285588],[-89.94849705301223,44.532293022271084],[-89.94849085481735,44.53229273201019],[-89.9484787433992,44.53228769574755],[-89.94847290141966,44.53228302164624],[-89.94846705943924,44.53227827567531],[-89.94846114621423,44.53227352967157],[-89.9484491060304,44.53226849343578],[-89.9484494622489,44.53226403772582],[-89.9484440477272,44.532254907941905],[-89.94843820574236,44.53225016196667],[-89.94843236375665,44.53224541599065],[-89.94843314743773,44.53223650459809],[-89.94843350365637,44.532232120754074],[-89.94843435858115,44.53222320939104],[-89.94843514226217,44.532214297994244],[-89.9486128949527,44.53128021587929],[-89.94811824884857,44.53119971373651],[-89.94730676748969,44.53122543249821],[-89.94725454426455,44.531807986863484],[-89.9472537605594,44.53181689832922],[-89.94725340432979,44.5318212822083],[-89.94725254937869,44.53183019363871],[-89.94724592350704,44.53183435902216],[-89.94723887015854,44.53184298011859],[-89.94723224428454,44.531847145500116],[-89.94722561840938,44.53185131088089],[-89.94721856505714,44.53185993197294],[-89.94721186793363,44.531864097318966],[-89.94720524205495,44.531868262697046],[-89.94719277400057,44.53186768199698],[-89.9471861481186,44.53187184737363],[-89.94717325258158,44.53187572238189],[-89.94716698292666,44.53187543201391],[-89.94601171026622,44.53195696848243],[-89.94591987118692,44.53221177319091],[-89.94604669313154,44.532266597077104],[-89.94605916155851,44.53226717789714],[-89.94606500390573,44.532271923991985],[-89.94607091750022,44.532276670119586],[-89.94607633235701,44.53228580001132],[-89.94608217470163,44.53229054610341],[-89.94608801704537,44.53229529219473],[-89.94609350314782,44.53230449398436],[-89.94609307565935,44.53230887778072],[-89.94609856176109,44.532318079567446],[-89.94609813427267,44.53232253523135],[-89.94609735054388,44.53233144659138],[-89.94600764911685,44.53333202262154],[-89.94760678248443,44.53333765180445],[-89.94783027823713,44.53329420219566],[-89.94785777874023,44.53298734033788],[-89.94785856243304,44.532978429090164],[-89.94785891865703,44.532974045317246],[-89.94786597189147,44.53296542439037],[-89.9478663993602,44.53296096878081],[-89.94787345259327,44.53295234785106],[-89.94788007835649,44.53294818253054],[-89.94788670411857,44.53294401720925],[-89.94789340112425,44.532939851919615],[-89.94790038310764,44.53293123095193],[-89.94790665264266,44.532931521273284],[-89.94791954793307,44.53292764626965],[-89.94792617368832,44.532923480944255],[-89.94793906897216,44.53291960593776],[-89.94794533850086,44.532919896257056],[-89.94795780631057,44.532920476862266],[-89.9479640758362,44.532920767180535],[-89.94837016792675,44.53293913341064],[-89.94839610067909,44.53265009173283],[-89.9483964568981,44.532645636059264],[-89.9483972405799,44.53263679661125],[-89.94839766804269,44.53263234096849],[-89.94840472117804,44.532623719945576],[-89.94841134684948,44.532619554565095],[-89.94841839998232,44.532610933538976],[-89.94842502565139,44.53260676815656],[-89.94843172256306,44.532602602805454],[-89.9484383482298,44.53259843742152],[-89.94844497389543,44.53259427203685],[-89.94845786900481,44.53259039694466],[-89.94860634055951,44.53254353354651],[-89.94862785606341,44.532303430088604],[-89.94852790148444,44.53229885750498]]]}"
2_027c0000000000001d47,3,0.005,"{""type"":""Polygon"",""coordinates"":[[[-89.95596493613192,44.53169854179098],[-89.95525270338098,44.53166628386991],[-89.95524643504719,44.53166599394313],[-89.9552339696076,44.531665414116354],[-89.95522186031958,44.53166037849961],[-89.9536828811333,44.531193257641625],[-89.95365103953216,44.531549002496135],[-89.95378994565186,44.53160885436958],[-89.95379585805503,44.53161360016545],[-89.95380789655984,44.53161863590929],[-89.95381373772649,44.531623309804665],[-89.95381965012598,44.53162805559786],[-89.95382549129084,44.531632801361546],[-89.95383133245481,44.53163754712446],[-89.95383054888408,44.53164645866814],[-89.95383639004729,44.5316511325596],[-89.95383560647667,44.53166004410073],[-89.9538414476391,44.53166478986038],[-89.95384066406858,44.53167370139896],[-89.95384023666647,44.53167815715325],[-89.95361406904934,44.53308331457261],[-89.9538429435464,44.53333034349385],[-89.95591065903446,44.53335710166852],[-89.95596493613192,44.53169854179098]]]}"
2_027c0000000000001d4a,3,0.005,"{""type"":""Polygon"",""coordinates"":[[[-89.9475770731964,44.5303089115774],[-89.94733825813134,44.53108393381024],[-89.94811853382583,44.53105683508087],[-89.94813100157923,44.53105741569002],[-89.94813727107655,44.53105770601021],[-89.94814973882384,44.531058286617316],[-89.94979915042688,44.531342981341005],[-89.95056512809558,44.53098482393198],[-89.95061927028328,44.53038005028093],[-89.9475770731964,44.5303089115774]]]}"
2_027c0000000000001d4b,3,0.005,"{""type"":""Polygon"",""coordinates"":[[[-89.94579668250326,44.53015664909668],[-89.94286668442979,44.530023556026165],[-89.94286041407086,44.53002326541091],[-89.9428479446041,44.53002275608721],[-89.94284167424213,44.53002246547092],[-89.94282956103997,44.5300174283674],[-89.94282336192914,44.53001713778562],[-89.94245419238551,44.52986645214982],[-89.93974961965354,44.529877496180944],[-89.93969695857953,44.531513761732135],[-89.93986641438929,44.53172241710285],[-89.93987225767972,44.5317271635686],[-89.93987767341154,44.5317362938599],[-89.93987731711341,44.53174074959286],[-89.9398827328445,44.53174995175094],[-89.93988237654644,44.531754407482616],[-89.93988159269065,44.53176331890732],[-89.93988073757525,44.53177215842334],[-89.93987411043017,44.53177632338475],[-89.93977135390523,44.532012791745196],[-89.94000465785138,44.532139475702756],[-89.94001050112075,44.53214422211932],[-89.94001634438925,44.53214896853511],[-89.94002218765687,44.53215371495012],[-89.94002803092359,44.532158389495315],[-89.94003351789273,44.53216759160172],[-89.94003936115773,44.532172338013964],[-89.94003850604582,44.53218124932314],[-89.94004434931007,44.532185923864766],[-89.9400435654576,44.53219483520868],[-89.940043209161,44.53219929089864],[-89.94003558441338,44.532283804742235],[-89.94049940859377,44.53235843067634],[-89.94078479770215,44.53218386528689],[-89.94079142468992,44.53217970030887],[-89.94079805167657,44.53217553533011],[-89.94080474991996,44.5321713703874],[-89.94081764759811,44.53216749612154],[-89.94082384703302,44.53216778679881],[-89.94083674470474,44.532163912530486],[-89.9408430153944,44.53216420324352],[-89.94085548551284,44.53216478463178],[-89.94156150137914,44.53219684103564],[-89.94156770069385,44.53219713167244],[-89.94158024183321,44.53219771301764],[-89.94158608486266,44.532202459347964],[-89.94159855473958,44.53220296878581],[-89.94160439776624,44.53220771511465],[-89.94161651135524,44.53221275211307],[-89.94162235437915,44.53221749844001],[-89.94207283459276,44.5325103045745],[-89.94244143776724,44.53252709190909],[-89.94244770819463,44.5325273106635],[-89.9424601777915,44.53252789187246],[-89.94247271863914,44.53252847311582],[-89.94247856153265,44.53253321936718],[-89.94249060359087,44.53253825620247],[-89.94249687401022,44.53253847495414],[-89.94250271690005,44.53254322120327],[-89.942508559789,44.532547967451606],[-89.94251404640342,44.53255716936298],[-89.94288820315369,44.53293135821603],[-89.94289404598392,44.532936104405486],[-89.94289953254321,44.532945234354514],[-89.94289910501915,44.53294968994678],[-89.94290459157772,44.53295889176074],[-89.9429041640537,44.532963347351725],[-89.94290338025965,44.53297225856792],[-89.94290295273562,44.53297671415763],[-89.94286946333851,44.533350264713235],[-89.94327667817298,44.53342678989827],[-89.9446821239883,44.5334236679343],[-89.94475066710098,44.532658741361196],[-89.94459277550577,44.532531026914754],[-89.94458693293427,44.532526280770995],[-89.94458144661633,44.53251707895275],[-89.9445756040431,44.53251240467551],[-89.944569761469,44.53250765852899],[-89.94457054522898,44.53249874721302],[-89.94457132898896,44.532489835895355],[-89.94456548641419,44.532485089746345],[-89.94456627017426,44.53247625029467],[-89.94457987909676,44.53232504520432],[-89.94377323928444,44.53222590449168],[-89.94376077011437,44.53222532342209],[-89.94374865720242,44.532220286651885],[-89.94374238698767,44.53221999609839],[-89.94373654428665,44.53221532174879],[-89.94372443136706,44.53221028497494],[-89.94371858866329,44.53220553875449],[-89.94371274595865,44.53220079253326],[-89.9437069032531,44.532196046311256],[-89.94370106054667,44.53219137195746],[-89.94369564535455,44.5321821700662],[-89.94368973139386,44.53217742380643],[-89.94369015890912,44.53217296813787],[-89.94369094268708,44.53216412863349],[-89.94361705373022,44.53179906809973],[-89.94361748124629,44.53179461239553],[-89.94361826502575,44.531785700950806],[-89.94361862128913,44.53178124521028],[-89.94361940506855,44.53177240563262],[-89.94362610281937,44.53176824048885],[-89.94362688659865,44.53175932903905],[-89.94363351309552,44.531755163858634],[-89.94364056710705,44.53174654296861],[-89.94364719360155,44.53174237778627],[-89.94365389134754,44.531738212638196],[-89.94407962333273,44.53146732794573],[-89.94408624975138,44.53146316271314],[-89.94409914632635,44.531459288018745],[-89.94410541648278,44.53145957855733],[-89.9441183130513,44.53145570386049],[-89.94412493946328,44.53145153862463],[-89.94413740851498,44.53145211966401],[-89.94414367866516,44.531452410200565],[-89.94415621896242,44.53145291940249],[-89.94496213821935,44.531489531788765],[-89.94496833698454,44.53148982224568],[-89.94498087701221,44.53149040322691],[-89.94498707577439,44.53149069368281],[-89.94499918829526,44.53149573040021],[-89.94500503080397,44.531500404757026],[-89.94501757081966,44.531500985734105],[-89.94502341332556,44.53150573195949],[-89.94502925583056,44.53151047818411],[-89.94503467083442,44.53151960827401],[-89.94504051333772,44.531524354496646],[-89.94504635584012,44.53152910071851],[-89.94505184209157,44.53153830270813],[-89.9450514145915,44.531542758442086],[-89.94505063084132,44.531551598072916],[-89.94505647334219,44.53155634429151],[-89.94505568959214,44.53156525578977],[-89.94504215208848,44.531716463419116],[-89.9458308105819,44.53180581351466],[-89.94579668250326,44.53015664909668]]]}"
2_027c0000000000001d4d,3,0.005,"{""type"":""Polygon"",""coordinates"":[[[-89.9534273640046,44.533137355145094],[-89.95342152277908,44.53313260951313],[-89.95341561031817,44.53312786385144],[-89.95341019649776,44.53311873446997],[-89.95341055267018,44.533114278825074],[-89.95341140748397,44.53310536759193],[-89.95341219106326,44.53309645632813],[-89.95341254723566,44.533092000681116],[-89.95360701687225,44.53197114702267],[-89.9534433205186,44.53176725878094],[-89.95343747929549,44.531762584881],[-89.95343790670209,44.53175812913623],[-89.95343242165038,44.53174892759086],[-89.95343284905704,44.53174447184482],[-89.9534273640046,44.53173534216623],[-89.95342814758357,44.531726430642216],[-89.95357026004953,44.53013878782701],[-89.95324350744234,44.53007490436006],[-89.9531546063164,44.530227165069284],[-89.95315382273184,44.530236005004035],[-89.95314719787993,44.53024017087087],[-89.95314057302687,44.53024433673696],[-89.95313387693767,44.53024850257316],[-89.95312682467225,44.53025712432423],[-89.95312019981569,44.53026129018763],[-89.95311357495797,44.53026545605028],[-89.95310103758968,44.530264875944944],[-89.95309441272865,44.53026904180617],[-89.9530819465892,44.53026846172794],[-89.95307532172487,44.530272627587735],[-89.95306278434407,44.53027211935024],[-89.95305651565214,44.530271829295],[-89.95213814120787,44.530230123067135],[-89.95200507054477,44.530666184649974],[-89.95200428693671,44.530675024494094],[-89.95200385951414,44.53067948033627],[-89.95199680704083,44.530688101938445],[-89.95199018198896,44.53069226769813],[-89.95198975456623,44.53069672353862],[-89.95198312951314,44.53070088929712],[-89.9519765044589,44.53070505505488],[-89.95196318310984,44.530713386538274],[-89.9519569142381,44.53071309642553],[-89.95195028917934,44.53071726218068],[-89.95194366411943,44.530721427935084],[-89.95193112636852,44.5307208477072],[-89.9519245013053,44.53072501346017],[-89.95191203478541,44.530724433260126],[-89.95190576590528,44.530724143144646],[-89.95149971125973,44.53070571672861],[-89.9514934423122,44.530705426590444],[-89.95148090441404,44.53070491818432],[-89.95147506289192,44.53070017220731],[-89.95146259622587,44.53069959195802],[-89.95145675470094,44.53069484597955],[-89.95145048574638,44.53069455583895],[-89.9511141690791,44.5305275274616],[-89.95109343859703,44.5307587287849],[-89.95109265497034,44.530767640476455],[-89.95108602976222,44.53077180617671],[-89.95108524613538,44.53078071786573],[-89.95107854968717,44.530784883533975],[-89.95107776606017,44.530793723349326],[-89.95107114084949,44.530797889046404],[-89.95106451563765,44.530802054742715],[-89.95105781918582,44.53080622040787],[-89.95105083777736,44.53081484195883],[-89.95103829973445,44.530814261634305],[-89.95075149088348,44.53093524139185],[-89.95053349762422,44.53119769122157],[-89.95053314142507,44.53120214703932],[-89.95052608868122,44.53121076845475],[-89.95051939213533,44.53121493405207],[-89.95050649771925,44.531218809490326],[-89.95049987240985,44.53122297511656],[-89.9504932470993,44.53122714074205],[-89.94978753811047,44.531471983244494],[-89.94958991446865,44.53171747594816],[-89.94950193101276,44.5327003171469],[-89.94950114735353,44.53270915659061],[-89.94950071990306,44.532713612230246],[-89.94949366696929,44.53272223330428],[-89.9494928833099,44.53273114461197],[-89.94948625782534,44.5327353100452],[-89.94947956109785,44.53273947544628],[-89.94947250816018,44.53274809651424],[-89.94946588267211,44.532752261944786],[-89.9489342013325,44.53308534948093],[-89.94892130638331,44.533089224585886],[-89.94891468079999,44.53309338995421],[-89.94890805521554,44.533097555321774],[-89.94889516025755,44.533101430422775],[-89.94888889088413,44.53310114015661],[-89.94887599591972,44.533105015255146],[-89.94886972654318,44.53310472498796],[-89.94885725902996,44.533104144484334],[-89.94875730504897,44.53309964404586],[-89.94874455252659,44.53324193597212],[-89.9512561476465,44.53335586336103],[-89.95360466614628,44.533328450600365],[-89.9534273640046,44.533137355145094]]]}"
2_027c0000000000001d53,3,0.005,"{""type"":""Polygon"",""coordinates"":[[[-89.95132660244538,44.52983613672071],[-89.95107049970001,44.5298245280513],[-89.95106465811534,44.52981978196441],[-89.95105212007697,44.529819201629216],[-89.95104592229512,44.529818911491525],[-89.95103381168403,44.52981387523401],[-89.95102754266028,44.52981365693749],[-89.95101543204339,44.52980862067747],[-89.95100959045033,44.52980387458618],[-89.95100374885638,44.529799128494105],[-89.95099833469534,44.52978999835154],[-89.95099242186072,44.52978525222702],[-89.95098658026416,44.52978050613219],[-89.95092702442406,44.52967511517762],[-89.94684765664648,44.529628375304455],[-89.94680262871972,44.530130887119356],[-89.95119466878297,44.53025876144964],[-89.9515269954172,44.53005061711776],[-89.95132660244538,44.52983613672071]]]}"
2_027c0000000000001d56,3,0.005,"{""type"":""Polygon"",""coordinates"":[[[-89.96420269552975,44.530348227780586],[-89.96195346438452,44.5303178200944],[-89.96194100112673,44.53031724098131],[-89.96193516119882,44.53031249549842],[-89.96192262671642,44.530311916359615],[-89.96191643069234,44.530311698685246],[-89.96190432351598,44.53030666362992],[-89.96189848358247,44.53030191814408],[-89.96188637640044,44.530296883085825],[-89.96188053646421,44.530292209469984],[-89.96187469652708,44.53028746398148],[-89.9618687853703,44.5302827184685],[-89.96186294543139,44.530277972978425],[-89.96186337274402,44.53027351706098],[-89.9618578888982,44.53026438749965],[-89.96185204895762,44.530259642007174],[-89.96185283236434,44.53025073014475],[-89.96179956067127,44.529864327110786],[-89.96147985773764,44.52979184437926],[-89.95916821717691,44.52975855765071],[-89.95916194948356,44.529758267926624],[-89.95914948531761,44.52975768850281],[-89.95914364496416,44.529752942821084],[-89.9591311095684,44.52975236336981],[-89.95912526921215,44.52974768955933],[-89.95911280503427,44.529747110131396],[-89.95910696467524,44.52974236444672],[-89.9591010530914,44.52973761873586],[-89.95909521273059,44.529732873049625],[-89.95908979971244,44.5297237432762],[-89.95887812161378,44.529495327163936],[-89.95863930571967,44.52964078407428],[-89.95863268181593,44.52964495031159],[-89.95862598668624,44.52964911652245],[-89.95861936278018,44.529653282758254],[-89.95861309499706,44.52965299300348],[-89.95860020330353,44.52965686948273],[-89.95859393551727,44.529656579726925],[-89.95777533957555,44.52976236529987],[-89.95776871552243,44.52976653147636],[-89.95775617967688,44.52976602374742],[-89.95623838611391,44.52976416053365],[-89.95608218009848,44.53256115957109],[-89.95779977021313,44.53250502879639],[-89.95780639426084,44.53250086286127],[-89.96071780166992,44.532632770138335],[-89.9615235864764,44.53253084663046],[-89.9615364771863,44.53252697005956],[-89.9615489405757,44.53252754918961],[-89.96386065113107,44.53263222317364],[-89.96387311376428,44.532632802049434],[-89.96388557639344,44.532633380923855],[-89.96389148723898,44.532638126095264],[-89.96390394986216,44.5326386330993],[-89.96390978948992,44.53264337824681],[-89.96392189603242,44.53264841283972],[-89.96392773565744,44.53265315798532],[-89.96393357528154,44.532657831261865],[-89.9639394861197,44.53266257642833],[-89.96394489845261,44.532671777269655],[-89.96395073807412,44.53267652241172],[-89.96401661179165,44.53278218932942],[-89.96415405604829,44.53278841305635],[-89.96434476803918,44.53065379818098],[-89.96420269552975,44.530348227780586]]]}"
2_027c0000000000001d57,3,0.005,"{""type"":""Polygon"",""coordinates"":[[[-89.94584513154113,44.52842639113545],[-89.94522633297838,44.52833129417426],[-89.94522013425488,44.52833107558687],[-89.94520759430543,44.52833049459318],[-89.9452017518276,44.528325748056346],[-89.94518971062043,44.52832071105476],[-89.94477539104193,44.52811437445921],[-89.94472216686113,44.52814769889399],[-89.94471554055231,44.528151864457826],[-89.94470891424236,44.528156030020895],[-89.94470264418457,44.52815573949514],[-89.94468974781252,44.528159614530686],[-89.9446831214981,44.528163780091575],[-89.94467065262381,44.52816319907138],[-89.94466438255978,44.52816290854357],[-89.9446519136794,44.52816232752133],[-89.94463937354416,44.52816181833847],[-89.94365168251655,44.528054386628824],[-89.94363971207542,44.52818785301962],[-89.94363892829641,44.52819669327239],[-89.94363187428456,44.52820531481448],[-89.94363144676866,44.52820977085942],[-89.94363066298948,44.52821868298308],[-89.94362403649211,44.528222848477355],[-89.94361740999362,44.528227013970884],[-89.94361035597782,44.528235635506064],[-89.94360365822425,44.528239800962595],[-89.94359703172222,44.5282438945784],[-89.94359040521906,44.52824806006849],[-89.94357750847304,44.528252006846046],[-89.94357123823032,44.52825171625888],[-89.94355834147787,44.52825559115894],[-89.9435521424848,44.52825530060586],[-89.94353960199005,44.52825471942845],[-89.94353297547696,44.52825888491426],[-89.94330810087033,44.52824863952082],[-89.9432061373301,44.52847621667734],[-89.9431995107594,44.52848038212415],[-89.94319865571794,44.52848929415813],[-89.94319202914596,44.52849345960335],[-89.94318540257282,44.5284976250478],[-89.94317834847759,44.52850617463198],[-89.94317172190209,44.52851034007451],[-89.94316502407194,44.52851450548096],[-89.94315839749414,44.52851867092199],[-89.94315212718291,44.52851838031351],[-89.94313930154313,44.528522327054226],[-89.94313303122877,44.52852203644471],[-89.943120134329,44.52852591127303],[-89.94311386401152,44.528525620662485],[-89.94310139462712,44.52852503947575],[-89.94219553644868,44.52848390512729],[-89.94218926598008,44.52848361446583],[-89.94217679629516,44.52848303317784],[-89.94167715049916,44.528388911598796],[-89.94167130748357,44.528384164887804],[-89.9416588376303,44.52838358354215],[-89.94165299461196,44.52837883682969],[-89.94164708033637,44.528374161955],[-89.94163503801337,44.52836912458475],[-89.94162919499138,44.528364377869615],[-89.94147129054812,44.52823664744445],[-89.94090900008936,44.52821113076375],[-89.94089652998832,44.52821054933292],[-89.940884416172,44.52820551182944],[-89.94087814548911,44.528205221094446],[-89.94086610292476,44.528200183625216],[-89.94085983223889,44.528199964764276],[-89.94085398909884,44.5281952179925],[-89.94040541855757,44.52795154402056],[-89.94028306727093,44.52840587487791],[-89.94028228342333,44.528414786941084],[-89.94027565634761,44.52841895222389],[-89.94027522879429,44.52842340823585],[-89.94026817416396,44.5284320295286],[-89.9402615470858,44.52843619480907],[-89.9402549200065,44.528440360088766],[-89.94024786537243,44.52844898137715],[-89.94024123829077,44.528453146654925],[-89.94023461120796,44.52845731193195],[-89.94022206962875,44.52845673039348],[-89.94021544254264,44.52846089566907],[-89.94020297221618,44.528460314165706],[-89.94019627386771,44.5284644794027],[-89.93975966729275,44.52850715991213],[-89.93958736060515,44.52937890028791],[-89.93958693304417,44.529383356206154],[-89.93958614918235,44.52939226807893],[-89.93957909442533,44.52940088915114],[-89.93957246722816,44.52940505430563],[-89.93957203966701,44.529409510221335],[-89.93956505616761,44.529418131327084],[-89.93955835770778,44.529422296441645],[-89.93954545960635,44.529426170792476],[-89.93953883240337,44.529430335942784],[-89.93953220519923,44.52943450109232],[-89.939519307089,44.5294383754392],[-89.93951303618302,44.529438084636936],[-89.9395005656283,44.529437503069],[-89.93949393841756,44.52944166821568],[-89.93948139659625,44.52944108660809],[-89.93938148944159,44.52943657767009],[-89.93936509951263,44.52961883907918],[-89.93949336833485,44.52972743485433],[-89.94227997390904,44.52971119146178],[-89.94229244356043,44.52971170085071],[-89.94229871401217,44.529711991499],[-89.94231118365747,44.529712572758655],[-89.9423170265756,44.52971731930279],[-89.94289817871697,44.529882126816105],[-89.94349164881035,44.52990908566765],[-89.94364355971761,44.52926410053688],[-89.94364434349653,44.52925518861158],[-89.943651041243,44.529251023242814],[-89.94365182502177,44.529242111314986],[-89.94365845151432,44.52923794590961],[-89.94366550552128,44.5292293964291],[-89.94367213201147,44.5292252310218],[-89.9436788297531,44.52922106564875],[-89.94368545624098,44.52921690023994],[-89.94369208272774,44.52921273483036],[-89.94369870921335,44.52920856942003],[-89.94371160591861,44.52920469458293],[-89.94371787613838,44.52920498515656],[-89.9437307728372,44.52920103844343],[-89.94373704305384,44.52920132901604],[-89.94374951223163,44.52920191012524],[-89.94414937880077,44.52922007407402],[-89.94416184784453,44.52922065513806],[-89.94417431688422,44.52922123620074],[-89.94418015951857,44.529225982699494],[-89.94419269980392,44.52922649192128],[-89.94419854243547,44.529231238418554],[-89.94420438506613,44.52923598491506],[-89.94421649783416,44.52924102195688],[-89.94422234046209,44.52924569657797],[-89.94422818308912,44.5292504430718],[-89.94423402571526,44.52925518956485],[-89.94423944083138,44.529264392004265],[-89.94423908457377,44.5292687761122],[-89.94424449968916,44.52927797854871],[-89.94424414343159,44.52928243452882],[-89.94424328841342,44.52929134641845],[-89.94424920228877,44.52929609294125],[-89.94419134602332,44.529940908661274],[-89.94482234511068,44.529969531922866],[-89.94491204930983,44.5298083650338],[-89.94491910308625,44.529799815579835],[-89.94491953058781,44.52979535968094],[-89.94492615686137,44.529791194251224],[-89.9449327831338,44.52978702882075],[-89.9449394806553,44.52978286342376],[-89.94494646317646,44.52977424205655],[-89.94495900321128,44.52977482306119],[-89.94496562947803,44.52977065762735],[-89.94497225574364,44.52976649219277],[-89.94498479577003,44.52976707319467],[-89.94499142203232,44.529762907758666],[-89.94500389080234,44.52976348872432],[-89.94582161951568,44.5297380759006],[-89.94584513154113,44.52842639113545]]]}"
2_027c0000000000001d58,3,0.005,"{""type"":""Polygon"",""coordinates"":[[[-89.95395200215532,44.529307733248494],[-89.95393989246224,44.52930276911694],[-89.95393369514727,44.52930247913244],[-89.95392115804724,44.529301899105135],[-89.95391531689694,44.529297153110804],[-89.95390285102445,44.52929657311008],[-89.95389700987138,44.52929189898771],[-89.95388490016096,44.529286862975226],[-89.95387905900513,44.52928211697753],[-89.95387321784844,44.52927737097904],[-89.95386773285904,44.52926824084184],[-89.95386816026082,44.529263784858685],[-89.95386231910246,44.529259038857795],[-89.95385683411149,44.529249836843015],[-89.9538572615134,44.52924545273166],[-89.95385804508359,44.529236540731986],[-89.95385882865375,44.529227628730624],[-89.95385918482201,44.52922317271497],[-89.95401226562974,44.528564868032774],[-89.95360438120979,44.52842576993763],[-89.95231744393507,44.52836738251465],[-89.95230497754295,44.52836687420338],[-89.95229870872708,44.52836658409498],[-89.9522866697483,44.52836154784399],[-89.95228040092945,44.52836125773456],[-89.9522682907083,44.528356221451396],[-89.95226244930616,44.52835154715211],[-89.95225660790311,44.52834680097718],[-89.95224449767447,44.52834176468996],[-89.95223865626868,44.52833701851312],[-89.95223281486201,44.52833234421041],[-89.95208043931753,44.528142314857526],[-89.95112464117405,44.528099001725195],[-89.95099242186072,44.52957538354951],[-89.95112734824573,44.52967972876704],[-89.95138971957687,44.52969162749513],[-89.95139598854138,44.5296919176452],[-89.95140809903806,44.52969695387748],[-89.95142056572185,44.529697534144994],[-89.95142640725228,44.529702208353264],[-89.95143894516826,44.52970278864892],[-89.95144478669589,44.52970753472852],[-89.95145062822263,44.52971228080737],[-89.95146273870206,44.529717245158906],[-89.95146815279752,44.52972644716645],[-89.95147399432071,44.52973119324219],[-89.95171356724246,44.530068017089874],[-89.95267569069432,44.53011161361259],[-89.95282792140165,44.52946216302777],[-89.95282834881505,44.52945770706694],[-89.95282913240625,44.529448866987885],[-89.95283575731312,44.52944470106921],[-89.9528365409042,44.529435789114444],[-89.95284323704533,44.52943162322347],[-89.95284986194977,44.52942745730245],[-89.95285691426614,44.52941883541604],[-89.95286353916823,44.52941466949308],[-89.95287643279156,44.52941079364009],[-89.95288270151295,44.52941108371045],[-89.95288932641057,44.52940691778531],[-89.95290222002524,44.52940304192876],[-89.95290848874241,44.529403331997756],[-89.95292095493826,44.529403912105465],[-89.95293342113008,44.52940449221181],[-89.95313337829269,44.529413558311816],[-89.95313964697206,44.529413776494856],[-89.95315211309276,44.529414356577256],[-89.95315838176904,44.5294146466325],[-89.95317042047407,44.529419682679006],[-89.95317633297279,44.52942442872805],[-89.95318879908154,44.5294249369331],[-89.95319464034253,44.529429682951566],[-89.95320048160264,44.52943442896926],[-89.95320596668753,44.529443630979266],[-89.95321180794593,44.529448305121775],[-89.95337037640041,44.52963861769971],[-89.95354532807607,44.52964652289344],[-89.95363501187057,44.52948541991884],[-89.95364206404251,44.52947679799465],[-89.95364249144681,44.529472342032136],[-89.95364911621311,44.529468176068434],[-89.95365616838245,44.52945955414021],[-89.9536627931464,44.52945538817458],[-89.95366941790921,44.5294512222082],[-89.95368231126147,44.52944734626742],[-89.95368857985108,44.529447636293426],[-89.95369520460942,44.52944347032487],[-89.95370809795301,44.529439594380534],[-89.9537143665384,44.52943988440519],[-89.95372683247219,44.52944046442469],[-89.9537331010545,44.529440754448295],[-89.9539767913974,44.529451777292756],[-89.95404716996283,44.52936562950356],[-89.95405194259368,44.529312301384465],[-89.95395200215532,44.529307733248494]]]}"
2_027c0000000000001d59,3,0.005,"{""type"":""Polygon"",""coordinates"":[[[-89.95558527975713,44.52822983311022],[-89.95482460231953,44.52845881666947],[-89.95456367914424,44.52920153274555],[-89.9545628955885,44.52921044475676],[-89.95455627098012,44.52921461079625],[-89.95455548742422,44.52922352280492],[-89.95454879158218,44.529227688814586],[-89.95454216697136,44.52923185485173],[-89.9545355423594,44.52923602088814],[-89.9545288465139,44.529240186895514],[-89.95452222189962,44.52924435293041],[-89.95450932882987,44.5292482289826],[-89.95450270421225,44.52925239501565],[-89.95448981113593,44.52925627106498],[-89.95424099528329,44.52930303348028],[-89.95414440329462,44.52961118706306],[-89.95513837735916,44.52971874288863],[-89.95514464571063,44.52971903283325],[-89.95515675502305,44.529724068666205],[-89.95516302337151,44.52972435860978],[-89.95516886433165,44.52972910449734],[-89.95518097363644,44.5297340684539],[-89.95518717074975,44.529734358368245],[-89.95519308293738,44.529739104281404],[-89.95519849650599,44.529748306108544],[-89.95520433746071,44.52975298011915],[-89.95521017841456,44.52975772600171],[-89.95521601936753,44.52976247188349],[-89.95521523582511,44.52977138379271],[-89.95522107677728,44.52977612967286],[-89.95528119579438,44.53001548859696],[-89.9560058932084,44.530048327229046],[-89.956166230838,44.52825614741792],[-89.95558527975713,44.52822983311022]]]}"
2_027c0000000000001d5b,3,0.005,"{""type"":""Polygon"",""coordinates"":[[[-89.96180775084281,44.5283689255512],[-89.96046489541357,44.52837508266964],[-89.96028142872063,44.52860336504095],[-89.96011825942911,44.52930594812414],[-89.960111564559,44.529310114452024],[-89.96011078111667,44.52931902648098],[-89.96011035378449,44.529323482482425],[-89.96010337402484,44.52933203298509],[-89.96009667915213,44.529336199309775],[-89.96009005550033,44.52934036565849],[-89.96008343184737,44.529344532006476],[-89.96007638086071,44.5293531543522],[-89.96007011331592,44.529352864675346],[-89.95979661945408,44.529465538199375],[-89.9597870756226,44.52957226638565],[-89.96141761185729,44.52964613731232],[-89.96153847132886,44.52927653419014],[-89.96153889864512,44.529272078178856],[-89.96153968205824,44.52926316613113],[-89.96154630545942,44.52925899969164],[-89.96155335617554,44.529250377238],[-89.96155997957436,44.529246210796586],[-89.96156667419136,44.52924204437829],[-89.96157329758786,44.529237877935365],[-89.96157992098323,44.529233711491685],[-89.96158661559674,44.529229545071125],[-89.96159950628541,44.52922566822018],[-89.96160570236074,44.52922595779023],[-89.961618593043,44.52922208093685],[-89.96162486033445,44.529222370529745],[-89.96224894923455,44.52918815036178],[-89.96226917515683,44.52896132340875],[-89.96226960246493,44.528956867364805],[-89.96227665304794,44.528948244811076],[-89.96227700913796,44.52894386061638],[-89.96228405971958,44.52893523805981],[-89.96228448702753,44.528930782013326],[-89.96229153760778,44.52892215945388],[-89.96229816087897,44.5289179929406],[-89.962304784149,44.52891382642656],[-89.9623114074179,44.52890965991177],[-89.96232429786268,44.528905782952755],[-89.9623309923461,44.528901616459535],[-89.9624794101674,44.52885473137794],[-89.96250882303589,44.52852570019561],[-89.96180775084281,44.5283689255512]]]}"
2_027c0000000000001d5e,3,0.005,"{""type"":""Polygon"",""coordinates"":[[[-89.95066066050943,44.52879677833628],[-89.95064819357854,44.52879626984916],[-89.95064192449176,44.52879597965266],[-89.9506298849927,44.528790943273485],[-89.95062361590293,44.528790653075944],[-89.95061150515842,44.5287856166636],[-89.95060566350382,44.52878094232255],[-89.95059355275366,44.52877590590725],[-89.95058771109632,44.528771159690095],[-89.95058186943811,44.52876641347217],[-89.95057638397773,44.52875728307817],[-89.95057054231778,44.528752536858256],[-89.95050592780021,44.52863348505526],[-89.95016126770699,44.52855980808584],[-89.94957402759236,44.52853317324335],[-89.94956191651633,44.528528136692394],[-89.94954944922819,44.52852755620813],[-89.94954317996175,44.52852733782441],[-89.94953114011766,44.52852230130093],[-89.94952487084824,44.52852201104156],[-89.9495190290281,44.52851726474426],[-89.94950691793468,44.52851222818578],[-89.9495010761118,44.528507553761216],[-89.94949523428801,44.52850280746123],[-89.94948974867218,44.52849360508936],[-89.94948390684667,44.5284888587874],[-89.94948433429735,44.52848447462147],[-89.94947884867996,44.52847527224548],[-89.9494792761307,44.52847081620364],[-89.94948005979036,44.52846190408725],[-89.94947457417237,44.52845277358134],[-89.94949530552977,44.52822148932301],[-89.94929981764547,44.528163543544665],[-89.94891895537002,44.52821318388138],[-89.9489064878728,44.5282126751983],[-89.94889402037155,44.52821209463878],[-89.94888775099795,44.528211804342625],[-89.94748224555474,44.52807654667905],[-89.94746977759041,44.52807596596273],[-89.94746393545717,44.52807121951556],[-89.94745139624133,44.52807071063981],[-89.9474455541053,44.52806596419117],[-89.947433442357,44.52806092736502],[-89.94742760021822,44.52805618091448],[-89.94742175807853,44.528051506338485],[-89.94741591593798,44.52804675988641],[-89.94741007379653,44.528042013433534],[-89.94740423165418,44.528037266979894],[-89.94739874573924,44.52802813629212],[-89.94739917321314,44.52802368021569],[-89.94739368729746,44.528014477649656],[-89.94739454224542,44.528005565493814],[-89.94739489847372,44.52800118125796],[-89.94743358484817,44.52756980085905],[-89.94743394107611,44.52756534470631],[-89.94743472477758,44.52755643243223],[-89.94744177809005,44.52754781053622],[-89.9474422055635,44.52754335441404],[-89.94744883140123,44.52753926051432],[-89.9474558847111,44.52753063861428],[-89.94746251054649,44.52752647283651],[-89.94746920762624,44.52752230709066],[-89.94775532857935,44.527338793992094],[-89.94777207114869,44.52715206632022],[-89.946085380866,44.5270754552796],[-89.94595642159936,44.527114279883726],[-89.94591018140312,44.52763011473843],[-89.94607953852186,44.52791015061051],[-89.94607918228132,44.527914606726235],[-89.94608502462552,44.52791935325986],[-89.94608416964839,44.52792826542216],[-89.9460838134079,44.527932721536196],[-89.94608922826286,44.527941852271915],[-89.94594815679179,44.52951612022186],[-89.94610433285426,44.52952316546091],[-89.9462900760933,44.52941105865966],[-89.9462967021301,44.5294068931164],[-89.94630332816574,44.529402727572396],[-89.94630995420025,44.52939856202764],[-89.94632285002756,44.52939468691188],[-89.94632911982046,44.52939497734128],[-89.94634158815563,44.529395558165724],[-89.94634828543113,44.52939139265147],[-89.94636075376005,44.52939197347386],[-89.95069642276864,44.52958876871502],[-89.95085436047471,44.52880555833797],[-89.95066066050943,44.52879677833628]]]}"
2_027c0000000000001d60,3,0.005,"{""type"":""Polygon"",""coordinates"":[[[-89.9601978855604,44.52736276598591],[-89.9583739925501,44.52734716775877],[-89.95836772472683,44.527346877976434],[-89.956868118545,44.52721191433546],[-89.95684304626053,44.52749207911507],[-89.95684226275138,44.52750099146653],[-89.95684183538275,44.52750544762822],[-89.95683485502768,44.527513998262584],[-89.95683442765896,44.52751845442301],[-89.95682780344322,44.52752262074428],[-89.95682694870561,44.527531533063005],[-89.9565093411395,44.52785650757994],[-89.95649224624182,44.52804768987889],[-89.95799756520968,44.52804897020357],[-89.95801010097628,44.52804954979982],[-89.95801629763211,44.528049767696],[-89.9580284060372,44.5280548034042],[-89.95803467391596,44.52805509320078],[-89.95925988207496,44.52838299813123],[-89.95943224282786,44.528279200033495],[-89.95943886659339,44.528275033628624],[-89.95944549035778,44.52827086722301],[-89.95945218534426,44.528266700841826],[-89.95946464941176,44.52826720837594],[-89.95947127317169,44.52826304196813],[-89.95948380845614,44.5282636214004],[-89.95949043221276,44.52825945499116],[-89.9595028962678,44.5282600343962],[-89.96000893347833,44.528282996464334],[-89.96001534347754,44.52821184241731],[-89.96001569958857,44.52820738628587],[-89.96001648303285,44.528198474046555],[-89.96001691036606,44.52819401793868],[-89.96002396136367,44.52818539538368],[-89.96002431747463,44.5281809392497],[-89.96003136847087,44.528172388567],[-89.96003806335499,44.528168222142796],[-89.96004468701578,44.528164055693004],[-89.96005131067542,44.52815988924245],[-89.96006420188071,44.528156012476],[-89.96007089675908,44.528151846048424],[-89.96008378795779,44.5281479692791],[-89.96008998427826,44.52814825893777],[-89.96010287547053,44.52814431029082],[-89.96010914300994,44.52814459997327],[-89.96012160686371,44.52814517931237],[-89.96021533491412,44.52814945252346],[-89.9601978855604,44.52736276598591]]]}"
2_027c0000000000001d61,3,0.005,"{""type"":""Polygon"",""coordinates"":[[[-89.94383145244191,44.526258707574996],[-89.93967109120547,44.52620807536445],[-89.93959890474984,44.527012921875446],[-89.94031784158427,44.52717954951751],[-89.94032404109994,44.52717984025239],[-89.94033615509318,44.527184877925066],[-89.94034242586466,44.527185168696015],[-89.9403545398521,44.52719020636617],[-89.9403603830682,44.527194881388326],[-89.94036579873111,44.52720408441437],[-89.94037164194549,44.52720883131119],[-89.94037748515899,44.527213578207224],[-89.94038297207818,44.527222709389264],[-89.94038254452606,44.52722716551518],[-89.94038803144453,44.527236368570925],[-89.94051651062259,44.52783156953947],[-89.94063522699595,44.52783694989262],[-89.94064769718193,44.5278375313565],[-89.94065396790249,44.52783782210637],[-89.94066608179155,44.52784285967364],[-89.94067228125095,44.527843150385586],[-89.94068439513427,44.527848116074715],[-89.94069023830014,44.52785286289021],[-89.9406960814651,44.52785760970491],[-89.94070819534089,44.5278626472656],[-89.94095966428678,44.52806604087123],[-89.94152188274646,44.528091629219816],[-89.9415339963615,44.528096594792814],[-89.9415402669372,44.52809688549254],[-89.94155273682902,44.52809746685461],[-89.94155857986266,44.52810221360062],[-89.941571121005,44.52810279499697],[-89.94157696403582,44.528107469866264],[-89.94158900637704,44.528112507270656],[-89.94159484940515,44.52811725401329],[-89.94175866759919,44.528249731349845],[-89.94302707701205,44.52837428128225],[-89.94315362350729,44.52794251816587],[-89.94316067760707,44.52793389660504],[-89.9431610338747,44.52792944050035],[-89.9431680879731,44.52792081893666],[-89.9431685154942,44.52791636286605],[-89.94317514207023,44.527912197370945],[-89.94318176864515,44.5279080318751],[-89.94318882273974,44.5278994103062],[-89.94319552056574,44.52789524484374],[-89.94320798991956,44.52789582602793],[-89.94321461648877,44.527891660528724],[-89.94322124305685,44.52788749502877],[-89.9432337836557,44.527888076245546],[-89.94324041022047,44.52788391074415],[-89.94325287955968,44.527884491923594],[-89.94325914985444,44.52788478253044],[-89.94386515475587,44.52791232179152],[-89.94396718779645,44.526773849424956],[-89.94383145244191,44.526258707574996]]]}"
2_027c0000000000001d62,3,0.005,"{""type"":""Polygon"",""coordinates"":[[[-89.96425446837993,44.527171473895415],[-89.9638968995787,44.52710171325564],[-89.96371893290247,44.52726776402246],[-89.96371188258495,44.5272763869738],[-89.96370525955821,44.52728055371467],[-89.96369863653032,44.52728472045478],[-89.96369194228593,44.527288887171565],[-89.96367905230139,44.52729276441825],[-89.96367285656143,44.52729247494856],[-89.96365996657048,44.52729635219279],[-89.96365369961198,44.5272960626995],[-89.96364116569191,44.527295483711896],[-89.96363454265294,44.52729965044697],[-89.96327219658238,44.52728321893453],[-89.96290009037757,44.52751640965976],[-89.96263886610143,44.52826368710608],[-89.96268245108266,44.52889964709097],[-89.96268159647568,44.528908559192416],[-89.9626808130859,44.52891747131535],[-89.96267418988087,44.52892163785083],[-89.96267340649096,44.528930549971236],[-89.96266671206739,44.52893471648193],[-89.96266592867731,44.52894355672582],[-89.96265930546971,44.52894772325812],[-89.96265225495715,44.52895634583554],[-89.9626456317472,44.52896051236591],[-89.96263893731876,44.52896467887232],[-89.96262604697986,44.52896855586189],[-89.96261942376537,44.52897272238966],[-89.96246509542179,44.52901486192452],[-89.96244964118793,44.52918828816671],[-89.96286818521797,44.529207255414164],[-89.96300769887837,44.528628642884726],[-89.96300848226146,44.528619730704705],[-89.9630151766253,44.52861556414605],[-89.96301596000824,44.52860672383798],[-89.96302258315416,44.52860255725476],[-89.96302927751555,44.52859839069375],[-89.96303625674213,44.52858976800438],[-89.96304295110112,44.52858560144144],[-89.96304957424238,44.52858143485478],[-89.96306246443875,44.528577557785525],[-89.96306908757664,44.52857339119701],[-89.9632754013091,44.52851128597851],[-89.96328786413275,44.52851186496846],[-89.96329455844777,44.52850769838389],[-89.96330075424892,44.52850798786662],[-89.96331328828039,44.528508495002],[-89.9633257510917,44.52850907398786],[-89.96333201810386,44.52850936349167],[-89.96421978698734,44.528612065333306],[-89.96425446837993,44.527171473895415]]]}"
2_027c0000000000001d63,3,0.005,"{""type"":""Polygon"",""coordinates"":[[[-89.94806816406086,44.52622778549486],[-89.94808497773799,44.52709032260656],[-89.94808412280544,44.52709923494135],[-89.94808376658352,44.52710369114039],[-89.94807671338913,44.52711231315759],[-89.94807628592277,44.52711676932308],[-89.94783775894588,44.52753900693393],[-89.94783070570624,44.52754762885599],[-89.94782407993449,44.5275517946532],[-89.9478236524653,44.52755625077602],[-89.94781659922306,44.52756487269404],[-89.94780370389805,44.52756874812943],[-89.94779707812162,44.527572913923215],[-89.94779045234407,44.52757707971624],[-89.94778418279003,44.52757678935575],[-89.94762950971801,44.52762336631629],[-89.94760122535317,44.52793910351247],[-89.95017494588464,44.52812734287655],[-89.95046104664894,44.52794382537594],[-89.95046774320498,44.52793965949157],[-89.95048063763412,44.5279357837866],[-89.95048726294685,44.527931617869584],[-89.95049353205891,44.52793190807985],[-89.95050642647936,44.52792803237134],[-89.95051889345635,44.52792861275871],[-89.95052516256324,44.52792890296726],[-89.95053762953413,44.52792948335258],[-89.95194323669617,44.52799325990291],[-89.95210330637335,44.52620553560134],[-89.94806816406086,44.52622778549486]]]}"
2_027c0000000000001d66,3,0.005,"{""type"":""Polygon"",""coordinates"":[[[-89.95565266369591,44.52621465495086],[-89.95564019838848,44.526214146979726],[-89.95333497280865,44.52610958313874],[-89.9523110326482,44.52619706872494],[-89.95214583478669,44.52804257931235],[-89.95237393444974,44.5282271060955],[-89.9540734550417,44.528371118398084],[-89.95415722525404,44.52827670830065],[-89.95415800881808,44.528267796115024],[-89.9541646334953,44.528263630014514],[-89.95417125817136,44.528259463913244],[-89.95417795407934,44.528255297839706],[-89.95419084726055,44.528251421742766],[-89.9541974719321,44.5282472556389],[-89.9542040966025,44.528243089534286],[-89.95421663360999,44.52824366954356],[-89.95422325827707,44.52823950343751],[-89.95423572404535,44.528240083416286],[-89.95424199254442,44.52824037341939],[-89.95425445830662,44.528240953396114],[-89.95426072680264,44.528241243398185],[-89.95491072153622,44.5283376696705],[-89.95519650203342,44.52815859729784],[-89.95520312653115,44.528154431127504],[-89.95520975102772,44.528150336831594],[-89.95522264386186,44.528146388734534],[-89.95522891219954,44.528146678684166],[-89.95524180502724,44.528142802459826],[-89.95524800213072,44.52814309238062],[-89.95630363203124,44.52805257751898],[-89.95680194762238,44.52682936049792],[-89.9568089992116,44.526820809767685],[-89.95680942658062,44.52681635354115],[-89.95681647816846,44.52680773093086],[-89.95713443932691,44.52647829201285],[-89.95716385629896,44.5261492455629],[-89.95565266369591,44.52621465495086]]]}"
2_027c0000000000001d68,3,0.005,"{""type"":""Polygon"",""coordinates"":[[[-89.96422313406357,44.526469008038944],[-89.96290550285737,44.52654334194968],[-89.96289303990932,44.52654276289402],[-89.96288677282536,44.526542473354134],[-89.96287430987121,44.526541894296415],[-89.96286804278417,44.52654160475551],[-89.96285593590856,44.52653656939678],[-89.96284974003545,44.526536351755574],[-89.96283763315408,44.526531316394355],[-89.96283179336287,44.52652657057464],[-89.96282588235378,44.52652182473106],[-89.96281384668187,44.52651686126655],[-89.9628083629721,44.52650765914262],[-89.9628087902742,44.52650320286376],[-89.96280287926156,44.52649845701663],[-89.96279746676726,44.52648932678941],[-89.96279825015465,44.526480414204755],[-89.96279867745683,44.526475957923346],[-89.9627994608442,44.52646704533614],[-89.96282488531602,44.52618248866871],[-89.96219389763844,44.52615389036224],[-89.96209205553798,44.526381422677645],[-89.96209127213616,44.526390335276226],[-89.96208457761084,44.5263945019784],[-89.96208422151904,44.52639895828841],[-89.96207717090063,44.52640758129859],[-89.96207054759124,44.52641174802198],[-89.9620638530623,44.52641591472104],[-89.9620572297506,44.526420081442936],[-89.96204433921595,44.526423958577354],[-89.96203807199312,44.52642366899028],[-89.96203144867697,44.52642783570998],[-89.96201855813365,44.52643171284086],[-89.96201229090659,44.52643142325243],[-89.96199982766794,44.526430844098165],[-89.96199356043782,44.526430554508714],[-89.96155000886604,44.526410496398974],[-89.96146554261851,44.52651382825972],[-89.96146511530144,44.52651828453252],[-89.96145849188622,44.52652245121067],[-89.96145144115263,44.526531074159585],[-89.96143855041413,44.5265349512166],[-89.96143192699432,44.526539117891716],[-89.9614256596713,44.526538828271846],[-89.96141276892413,44.52654270532531],[-89.96140614549986,44.52654687199826],[-89.96139361084435,44.526546292755434],[-89.96138734351506,44.5265460031335],[-89.96137488007308,44.52654542391261],[-89.96136241662704,44.526544844690356],[-89.96135614929266,44.52654455506671],[-89.96085646851436,44.526450513198995],[-89.9608502010972,44.52645022354708],[-89.96083816480453,44.526445187989594],[-89.96083225348782,44.526440513912725],[-89.96081978986524,44.52643993463011],[-89.96081394976642,44.52643518869832],[-89.9608081096667,44.526430442765744],[-89.96080262566981,44.526421312406775],[-89.96046852770336,44.526089120905716],[-89.95992019049021,44.526189344386886],[-89.9599134955855,44.52619343910171],[-89.95990103166402,44.52619293159424],[-89.95989476409055,44.52619264188844],[-89.95736457489058,44.526149392286925],[-89.95733238021211,44.52650963268275],[-89.95733195284893,44.52651408894038],[-89.95733116934977,44.52652292960321],[-89.95733081321379,44.52652738588608],[-89.95732411785663,44.526531552297556],[-89.95732333435731,44.526540464834675],[-89.95731671022608,44.52654463127108],[-89.95699867935215,44.52687399832635],[-89.95697524539388,44.52713641221657],[-89.9602984507062,44.5272199822666],[-89.9603109144984,44.5272205615964],[-89.96031718200379,44.52722085127313],[-89.96032964578987,44.52722143060088],[-89.96033555718414,44.52722617650258],[-89.96034802096425,44.52722675582828],[-89.9603538611341,44.52723142982726],[-89.96035970130306,44.52723617570207],[-89.9603718089676,44.5272412112497],[-89.96037764913382,44.5272459571226],[-89.96038348929916,44.52725063111817],[-89.96038940068512,44.527255377014136],[-89.96038854602696,44.52726428941045],[-89.96039438619064,44.527269035280156],[-89.96039360275411,44.527277875821994],[-89.96039944291701,44.52728262169009],[-89.96039865948057,44.5272915341059],[-89.96040927148185,44.528225204190164],[-89.96121492033772,44.528194717128585],[-89.96122738383175,44.52819529634669],[-89.96123365118721,44.52819558596728],[-89.9624459378683,44.52831745840229],[-89.96271079553732,44.527458775391054],[-89.96271122284048,44.527454319202825],[-89.9627182733422,44.52744569634586],[-89.96271862942811,44.52744124013319],[-89.96272567992845,44.52743261727336],[-89.96273237434174,44.527428450625855],[-89.96273942483955,44.52741989963911],[-89.96317085586315,44.52715366476078],[-89.96317755019862,44.527149498062464],[-89.96318417331662,44.52714533134051],[-89.96319706346769,44.527141454137364],[-89.9632033305009,44.52714174365659],[-89.96321622064552,44.527137866450985],[-89.96322248767561,44.52713808409246],[-89.96323537781379,44.527134206884405],[-89.9632415736245,44.527134496378736],[-89.96359145726397,44.52715034906755],[-89.96377640362422,44.526975675052576],[-89.96378302663865,44.526971508280525],[-89.96378972086713,44.52696734153022],[-89.96380261081441,44.52696346424418],[-89.96380923382432,44.526959297469524],[-89.96381585683308,44.52695513069413],[-89.96382874677158,44.52695125340413],[-89.96383501370143,44.52695154288995],[-89.96384790363348,44.52694766559749],[-89.9638541705602,44.52694795508229],[-89.96386663319552,44.52694853402839],[-89.96387290011917,44.52694875163513],[-89.9638853627484,44.52694933057917],[-89.96424919851943,44.527019380943734],[-89.96422313406357,44.526469008038944]]]}"
2_027c0000000000001d6c,3,0.005,"{""type"":""Polygon"",""coordinates"":[[[-89.95085842111081,44.52441664603103],[-89.9496528207348,44.524361924525905],[-89.94864053738125,44.52445887397808],[-89.94863433920958,44.524458583676996],[-89.94862180037644,44.524458003009926],[-89.94860933278262,44.52445742237344],[-89.94860306336248,44.5244571320387],[-89.94859095197977,44.524452166829136],[-89.9480161556061,44.524287659554794],[-89.9473289961806,44.52425643693358],[-89.94729030970063,44.52468777585796],[-89.94728995347135,44.52469223228335],[-89.94728290013096,44.52470085469454],[-89.94728247265573,44.52470531108589],[-89.94727541931397,44.52471393349421],[-89.94727506308455,44.52471831803664],[-89.9472683659709,44.524722484020096],[-89.94707635780009,44.52490576211253],[-89.94720759317332,44.52533149490509],[-89.94923783694927,44.52542362711242],[-89.95045000445286,44.52533574591513],[-89.95045662977088,44.52533157976904],[-89.95046909676407,44.52533216019362],[-89.95047536587909,44.52533245042079],[-89.95048120755354,44.525337196991096],[-89.95085129718754,44.52540751062254],[-89.95085842111081,44.52441664603103]]]}"
2_027c0000000000001d6d,3,0.005,"{""type"":""Polygon"",""coordinates"":[[[-89.95273189573807,44.524858852515976],[-89.95271942948074,44.52485827233203],[-89.95271316073264,44.52485798222486],[-89.95270069446921,44.52485740203886],[-89.95269485313295,44.524852655533266],[-89.95268274304273,44.524847690798225],[-89.95267647428865,44.52484740068897],[-89.9526706329487,44.524842654181114],[-89.95265852285083,44.524837617562206],[-89.95265310892349,44.524828486533195],[-89.95264726757998,44.52482374002225],[-89.95264762375947,44.52481928359244],[-89.9526422098306,44.52481008067905],[-89.95263636848543,44.52480533416569],[-89.95263715208056,44.52479649321197],[-89.95263750826017,44.524792036779616],[-89.95263829185528,44.52478312394306],[-89.95266977811839,44.52443185645161],[-89.95105874529095,44.52442126024739],[-89.95099890460708,44.526070584507785],[-89.95230341033908,44.52607170986077],[-89.95226045468084,44.52564113862642],[-89.95225496946064,44.525631935826105],[-89.95225539688043,44.52562755138295],[-89.95226244930616,44.525618928835165],[-89.95226280548924,44.52561447248203],[-89.95226366032863,44.525605559833856],[-89.95227071275285,44.52559693728152],[-89.95227733775623,44.52559277105318],[-89.95228396275847,44.525588604824065],[-89.95229058775958,44.52558443859421],[-89.95229764017883,44.525575887915466],[-89.9523043364141,44.52557172171333],[-89.95231680280644,44.52557223005461],[-89.95232342780186,44.525568063821396],[-89.95233632160686,44.52556418771127],[-89.95234259041656,44.52556447783476],[-89.95235505679646,44.525565058051086],[-89.95236759440873,44.525565638295674],[-89.95317968101382,44.525602487519436],[-89.9533253561332,44.52488576329631],[-89.95273189573807,44.524858852515976]]]}"
2_027c0000000000001d70,3,0.005,"{""type"":""Polygon"",""coordinates"":[[[-89.95495830427933,44.52395067124032],[-89.95372740234335,44.52382791010035],[-89.95371529257933,44.52382287348446],[-89.95370275540785,44.523822293366145],[-89.95369691422428,44.52381761868889],[-89.95368444828078,44.523817038597294],[-89.95367860709442,44.52381229203675],[-89.95367276590717,44.52380754547544],[-89.95366065612589,44.523802580733424],[-89.95365481493592,44.52379783417021],[-89.95364932991525,44.52378863107545],[-89.95364348872354,44.523783884510244],[-89.95349710246994,44.52352720625544],[-89.95335342257182,44.523520678462624],[-89.95334722516202,44.523520460293234],[-89.95333468787015,44.52351988013091],[-89.9533288466305,44.52351513352253],[-89.95331638056729,44.52351455338714],[-89.95331053932483,44.52350980677728],[-89.95329842942913,44.52350484196552],[-89.95329216077573,44.52350455188177],[-89.95328674693788,44.52349534874123],[-89.95328090569092,44.523490602127914],[-89.95327506444308,44.52348592739613],[-89.95326915195957,44.52348118075223],[-89.95327000677653,44.52347226769154],[-89.95326409429227,44.523467521045994],[-89.95326494910931,44.5234586798651],[-89.95325910785904,44.52345393324697],[-89.95325989144143,44.52344502015213],[-89.95328496607,44.523164903900906],[-89.95106750766895,44.523202723410954],[-89.95106123865074,44.523202433203174],[-89.95104877185011,44.52320185281702],[-89.95026100430717,44.52310360922749],[-89.9502235318721,44.523521590171654],[-89.95022274822763,44.52353050323092],[-89.95022196458314,44.5235394162885],[-89.95021533922457,44.52354358258011],[-89.95021455557992,44.52355242375293],[-89.95020785897965,44.523556590012],[-89.95020123361863,44.52356075630126],[-89.95019418081372,44.523569379099925],[-89.95018755545036,44.52357354538725],[-89.95018093008584,44.523577711673845],[-89.95017423347967,44.52358187792869],[-89.95016133894751,44.52358575395905],[-89.95015514102165,44.52358546373496],[-89.95014224648305,44.523589339762864],[-89.95013597731355,44.523589049506775],[-89.95012351021207,44.52358846902457],[-89.95011681359588,44.52359263527511],[-89.94996692307215,44.52358588489611],[-89.9498644785463,44.52367943061043],[-89.95012906697781,44.523736117166145],[-89.95013490870501,44.523740863915364],[-89.95014744704335,44.523741372543526],[-89.95015328876777,44.52374611929128],[-89.95015913049129,44.52375086603826],[-89.95017124137867,44.523755903037944],[-89.95017708309946,44.523760577901115],[-89.95018292481936,44.523765324645424],[-89.95018833909555,44.52377452787962],[-89.9501879828932,44.52377898440083],[-89.95019339716865,44.52378811575024],[-89.95019304096635,44.523792572270175],[-89.9501984552411,44.52380177549855],[-89.95024647127586,44.52424595209919],[-89.95195812527021,44.52432366703553],[-89.953583082201,44.52417856171023],[-89.95358935080682,44.52417885177393],[-89.95360181678126,44.52417943187145],[-89.95500738282523,44.52424317587104],[-89.95501293888307,44.524180857044605],[-89.95495830427933,44.52395067124032]]]}"
2_027c0000000000001d71,3,0.005,"{""type"":""Polygon"",""coordinates"":[[[-89.94578442773691,44.524623890406204],[-89.94477268352179,44.524644899615566],[-89.944766484725,44.52464460910614],[-89.94475394462721,44.52464402801761],[-89.94474190327948,44.52463906245497],[-89.9447356332271,44.52463877190949],[-89.94472352062299,44.52463373442945],[-89.9447172505676,44.524633443882934],[-89.94471140801505,44.52462869694759],[-89.94469936665396,44.52462373137887],[-89.94469352409871,44.52461898444163],[-89.94468761029185,44.52461423746923],[-89.94468219523901,44.524605034139825],[-89.94467635268113,44.52460035908044],[-89.9446767089347,44.52459590265458],[-89.9446712938803,44.52458669932106],[-89.94467172138462,44.52458224292833],[-89.94467250514253,44.52457340198784],[-89.94467286139611,44.52456894555944],[-89.94470513795768,44.52420869391301],[-89.94470599296557,44.52419985293633],[-89.94470634921885,44.52419539647238],[-89.94470713297603,44.52418648357756],[-89.94471383053694,44.52418231769652],[-89.944714614294,44.52417340479918],[-89.94472124060296,44.52416923888217],[-89.94472786691078,44.52416507296442],[-89.94473456446806,44.52416090708026],[-89.94474119077358,44.52415681304227],[-89.94475408712836,44.52415286578874],[-89.9447607134305,44.52414877174892],[-89.94476733973151,44.52414460582707],[-89.94477987982489,44.52414511503894],[-89.94478650612258,44.524140949115655],[-89.94479897495921,44.52414153017245],[-89.94481151504225,44.524142111262215],[-89.9448177138318,44.524142401772274],[-89.94580544608375,44.524249760482164],[-89.94585197140037,44.52268015957845],[-89.94162328071212,44.52255501886264],[-89.93696853151272,44.52263363816555],[-89.9369560601311,44.522633128120624],[-89.93694978880625,44.522632837136236],[-89.93594379802126,44.52252006883231],[-89.93581166890762,44.52301419331935],[-89.9358125241137,44.52517085074369],[-89.9363247891324,44.52519413800713],[-89.93633726071913,44.52519471997312],[-89.93634353214406,44.52519501097541],[-89.93635557612772,44.525199977362696],[-89.93636184754969,44.52520026836394],[-89.9370482057293,44.525450284894596],[-89.93706067708098,44.52545086677862],[-89.93706652079867,44.52545561402116],[-89.93707236451543,44.52546028938362],[-89.93707820823133,44.52546503662461],[-89.93708405194633,44.525469783864835],[-89.93708953933644,44.52547898742273],[-89.93709538304972,44.52548366278171],[-89.93710122676211,44.52548841001916],[-89.93710044284953,44.52549732261399],[-89.93710628656115,44.52550206984981],[-89.93710550264866,44.525510910562865],[-89.93710471873617,44.52551982315345],[-89.93705397818401,44.52608461859863],[-89.94038368466504,44.52602609305664],[-89.94039615493274,44.52602667457011],[-89.94260760374674,44.526127211093524],[-89.94462562214117,44.52607594836963],[-89.9446380910301,44.52607652942028],[-89.94464436109843,44.526076819962306],[-89.94573163244877,44.52619320771212],[-89.94578442773691,44.524623890406204]]]}"
2_027c0000000000001d75,3,0.005,"{""type"":""Polygon"",""coordinates"":[[[-89.9692238377044,44.52251608238135],[-89.9651572417541,44.522541946514515],[-89.96503760431919,44.52289816469309],[-89.96518786318035,44.52346306541593],[-89.96518707984184,44.523471978589804],[-89.96518629650332,44.52348089176198],[-89.96511558233256,44.524272431838135],[-89.96511515505621,44.524276888337376],[-89.96511437171621,44.524285801356285],[-89.96510774893201,44.52428996844383],[-89.96510689437912,44.524298881438526],[-89.96510027159361,44.52430304852446],[-89.96509364880694,44.52430721560966],[-89.96508659874249,44.5243157673085],[-89.96507997595346,44.52431993439178],[-89.9650732819505,44.52432410145259],[-89.96506665915916,44.52432826853436],[-89.96506003636671,44.52433243561538],[-89.96504750290684,44.524331856745405],[-89.96504088011108,44.524336023825],[-89.96502841785784,44.524335516855736],[-89.96502172384587,44.52433961203115],[-89.9650092615864,44.52433910505984],[-89.96440330603262,44.524311675539636],[-89.96435879722581,44.524809722936055],[-89.96433771783687,44.526099159349215],[-89.96585554661053,44.526029468303165],[-89.96586181320875,44.52602968580527],[-89.96919756301891,44.52604227518834],[-89.9692238377044,44.52251608238135]]]}"
2_027c0000000000001d79,3,0.005,"{""type"":""Polygon"",""coordinates"":[[[-89.96029204075437,44.52167861359824],[-89.96028577324486,44.5216783957713],[-89.96027373677487,44.52167335964323],[-89.96026120174885,44.52167278021676],[-89.96025536156488,44.5216680337749],[-89.96024289775461,44.52166745437106],[-89.96023698634606,44.52166277978813],[-89.96023114615838,44.521658033344025],[-89.96022530596981,44.521653286899145],[-89.96021989311133,44.521644155608385],[-89.96021405292106,44.52163940916153],[-89.96020814150805,44.52163466268916],[-89.96014859999597,44.521529258243675],[-89.95920560964431,44.521553511239155],[-89.95919271815015,44.52155738845467],[-89.95918068133676,44.52155235219875],[-89.95917441364546,44.52155213431039],[-89.958748564354,44.52147477696665],[-89.95856508944227,44.52170309014115],[-89.95855839430078,44.52170725705315],[-89.9585514142584,44.52171588073348],[-89.9585447191145,44.52172004764355],[-89.9585380951944,44.521724214578626],[-89.95852520347565,44.521728091704844],[-89.95851857955218,44.521732258638075],[-89.95850568782686,44.52173613576144],[-89.95849942002513,44.521735845951966],[-89.95848652829336,44.52173972307286],[-89.9584802604885,44.521739433262375],[-89.95846779610079,44.521738853666164],[-89.95845533170905,44.5217382740686],[-89.9576675739242,44.52164007833548],[-89.95765560785829,44.52177349255724],[-89.95765482436576,44.521782405999744],[-89.95765439700618,44.5217868627072],[-89.95765361351361,44.52179570426225],[-89.95764698943948,44.52179987113902],[-89.95763993800443,44.52180849472039],[-89.95763331392793,44.52181266159523],[-89.95763288656812,44.52181711829974],[-89.95761999454481,44.52182099531631],[-89.95733387598315,44.52200448275498],[-89.95729512837119,44.5234895804404],[-89.95920696289483,44.52364317031569],[-89.96002502969652,44.52361326809256],[-89.96024752717032,44.522176687306974],[-89.96024831060986,44.52216784580571],[-89.96025536156488,44.52215922212952],[-89.96025578889544,44.522154765447596],[-89.96054815310669,44.52169027554496],[-89.96029204075437,44.52167861359824]]]}"
2_027c0000000000001d7c,3,0.005,"{""type"":""Polygon"",""coordinates"":[[[-89.96425347137937,44.52374225556889],[-89.96409081750858,44.523386675337804],[-89.96408490669377,44.52338192924196],[-89.96408576126946,44.52337301608091],[-89.96408611734266,44.52336855947745],[-89.96408690070369,44.52335964629154],[-89.9641242883703,44.52294165929925],[-89.96405777390574,44.52277343156855],[-89.96361980104598,44.52269113056291],[-89.96360769440798,44.52268609487109],[-89.96360142744095,44.522685805346725],[-89.96359558776616,44.52268105917745],[-89.96358348112054,44.522676095365554],[-89.96357764144304,44.52267134919438],[-89.96357180176464,44.522666603022444],[-89.96356596208537,44.52266185684973],[-89.9635601224052,44.52265718255982],[-89.96355428272413,44.52265243638556],[-89.96354879912036,44.5226432335399],[-89.9635492264142,44.522638776891505],[-89.9635437428097,44.52262964592656],[-89.96354417010359,44.52262518927691],[-89.9635449534757,44.52261627595366],[-89.96355328570532,44.52252290164244],[-89.96332696176458,44.52245906847248],[-89.96331485503403,44.52245403272484],[-89.96330858801907,44.52245374318302],[-89.96329648128271,44.52244877931678],[-89.96329064156146,44.522444033108016],[-89.96328480183931,44.52243928689849],[-89.96327931819697,44.52243008399818],[-89.9632734784731,44.52242540967061],[-89.96326763874833,44.52242066345833],[-89.9632684221261,44.522411750098165],[-89.96326258240056,44.52240700388423],[-89.96320247590552,44.52216768223681],[-89.96307749112628,44.52216203506024],[-89.96307129528901,44.522161745526596],[-89.96305876117836,44.522161166412374],[-89.9630524941215,44.52216087685474],[-89.96304045852078,44.522155841069115],[-89.9630345475439,44.52215116667911],[-89.96302208463784,44.52215058758372],[-89.96301624487475,44.522145841330854],[-89.96301076119397,44.52213663836021],[-89.96300492142915,44.52213196398976],[-89.96299908166344,44.52212721773413],[-89.96299324189684,44.522122471477736],[-89.96299402528021,44.52211355806288],[-89.96298818551284,44.52210888368928],[-89.96298896889633,44.522099970271874],[-89.96298312912818,44.522095224012205],[-89.96296041099733,44.52136637455123],[-89.9626168599401,44.52135087949118],[-89.96240776516808,44.52172533353692],[-89.96240114191585,44.52172950069513],[-89.96240035852034,44.521738414178785],[-89.96239373526683,44.52174258133541],[-89.96238704079437,44.52174674846791],[-89.96238041753855,44.52175091562303],[-89.96236752711266,44.52175479317979],[-89.96236090385348,44.52175896033305],[-89.96235420937528,44.52176312746218],[-89.96217374289459,44.52181748492493],[-89.9618639424942,44.52219635780095],[-89.96181686685776,44.52384627342033],[-89.96223648607288,44.52392332588742],[-89.96224232595485,44.52392807200047],[-89.96225478911462,44.52392857927734],[-89.96226062899379,44.523933325388924],[-89.96227273605754,44.523938361089506],[-89.962278575934,44.52394310719918],[-89.96228441580953,44.52394778142648],[-89.9625652273113,44.524174875090516],[-89.96257106714316,44.52417954928014],[-89.9625765508869,44.52418875187158],[-89.96258239071702,44.524193497940466],[-89.96258823054625,44.524198244008595],[-89.96258744715456,44.52420708514376],[-89.96259328698304,44.52421183121026],[-89.96259250359147,44.5242207442241],[-89.96259172019988,44.52422965723625],[-89.96258531063174,44.5243007455826],[-89.96299139026334,44.52431913522177],[-89.9629976573302,44.52431942476954],[-89.9630101202442,44.52432000384104],[-89.963016387308,44.52432029338778],[-89.96302849413289,44.524325328967],[-89.96303433389411,44.524330003118045],[-89.96304679679618,44.52433058218543],[-89.96305263655462,44.52433532821603],[-89.96305847631217,44.524340074245856],[-89.96306395998612,44.52434920490152],[-89.96306979974193,44.524353950929374],[-89.96307563949685,44.52435869695644],[-89.96307485611516,44.524367609945735],[-89.96308069586931,44.52437235597117],[-89.9630799124877,44.52438119707697],[-89.96308575224108,44.52438594310076],[-89.96308496885959,44.52439485608495],[-89.9630595445604,44.524679423643946],[-89.96305876117836,44.524688336572254],[-89.96305213803869,44.52469250350511],[-89.96305128343994,44.524701416407915],[-89.96305092735712,44.524705872881654],[-89.96304387691663,44.52471442438197],[-89.96303725377439,44.52471859131164],[-89.9630305594144,44.524722758217585],[-89.96302350897017,44.52473138159399],[-89.9630168858244,44.52473554852097],[-89.96301026267749,44.524739715447204],[-89.9630039956127,44.5247394259027],[-89.96299110539664,44.52474330328266],[-89.96298448224528,44.52474747020672],[-89.96272318732747,44.52479367646694],[-89.96261942376537,44.524972049291],[-89.96261899646117,44.52497650571446],[-89.96261201715858,44.52498512904212],[-89.96260532272426,44.52498929589952],[-89.96259869950617,44.52499346277941],[-89.96259207628697,44.52499762965853],[-89.96258538184917,44.525001796513656],[-89.96257875862766,44.52500596339129],[-89.96257213540498,44.52501013026814],[-89.96255924504361,44.52501400757709],[-89.96255297790502,44.525013718009596],[-89.96254008753719,44.52501759531608],[-89.96253382039548,44.525017305747554],[-89.9625213573265,44.52501672663274],[-89.96224026063084,44.52500398348605],[-89.96235513520745,44.525683426121844],[-89.96260596368077,44.52582424702952],[-89.9626118747238,44.52582899295493],[-89.96262391045919,44.52583402839203],[-89.96262982149945,44.525838774315545],[-89.96263566132144,44.52584344833631],[-89.96263487793074,44.52585236104076],[-89.96264071775197,44.52585710693862],[-89.96264613026841,44.52586630917482],[-89.96264577418182,44.52587069365805],[-89.96264491957402,44.52587960633418],[-89.96264456348742,44.52588406269483],[-89.96263737053746,44.52596413310138],[-89.96353768947917,44.526067424895615],[-89.96414878617396,44.526036997490095],[-89.96425347137937,44.52374225556889]]]}"
2_027c0000000000001f6b,4,0.07,"{""type"":""Polygon"",""coordinates"":[[[-89.94236569377364,44.54239614434335],[-89.94236612130365,44.54239168964995],[-89.94236690510867,44.54238278022604],[-89.94241371961573,44.54074171575074],[-89.9408023984091,44.54086944479566],[-89.9407836575751,44.54086857284557],[-89.93594094734401,44.5407913102044],[-89.93593738399713,44.5418092784333],[-89.93675658873958,44.541909035895145],[-89.93676870385903,44.541914072366694],[-89.93677490394809,44.54191429134956],[-89.93678701906175,44.54191932781861],[-89.9367932904132,44.54191961869384],[-89.9367991341716,44.54192436428583],[-89.9368112492776,44.54192940075124],[-89.93681709303326,44.54193407448727],[-89.93682293678803,44.54193882007659],[-89.93682835295017,44.54194802038011],[-89.93683419670323,44.541952765967444],[-89.93698057530025,44.54220943659904],[-89.93861144026108,44.54228361242735],[-89.93938555129246,44.54204640424804],[-89.93970971411018,44.541650299354465],[-89.93971634128364,44.541646135279514],[-89.93972303971589,44.54164197124131],[-89.93972966688705,44.54163780716486],[-89.93973629405707,44.541633643087664],[-89.93974292122594,44.54162947900971],[-89.93974961965354,44.54162538682299],[-89.93976251768636,44.54162144160333],[-89.93976871729174,44.541621732279864],[-89.93977541571485,44.54161756823642],[-89.94090679110033,44.541454687798414],[-89.94091341806704,44.54145052363672],[-89.9409258881626,44.54145110490359],[-89.94093842951175,44.541451614351],[-89.94095089959917,44.541452195615115],[-89.94154432855956,44.541550653391354],[-89.94155644216752,44.54155561754007],[-89.94156271273955,44.54155590815616],[-89.94157482634172,44.541560944157006],[-89.94158066937199,44.54156568954135],[-89.94159278296848,44.54157065368463],[-89.94159862599601,44.54157539906707],[-89.94160446902265,44.54158014444872],[-89.9416103120484,44.54158488982961],[-89.94161615507325,44.541589635209704],[-89.94161537125291,44.54159847292443],[-89.94162121427699,44.541603218302896],[-89.94162043045674,44.54161212786967],[-89.9417687859684,44.54226629082675],[-89.94176835843173,44.5422707455298],[-89.94176757461447,44.54227965497082],[-89.94176714707778,44.54228410967259],[-89.94176636326051,44.542293019111064],[-89.94176557944323,44.54230192854784],[-89.9417589526237,44.5423060926833],[-89.94175225454688,44.54231025678178],[-89.94175147072932,44.542319094361716],[-89.94174484390736,44.54232325849483],[-89.94173821708425,44.54232742262719],[-89.94173151900381,44.542331586722575],[-89.9417248921784,44.54233575085342],[-89.94171199480525,44.542339624380745],[-89.94170536797645,44.542343788509754],[-89.94153107484293,44.54239838015677],[-89.9412073549555,44.54279002924847],[-89.94120030049655,44.54279864795899],[-89.9411936023222,44.54280281198099],[-89.94118697540388,44.542806976038804],[-89.94118034848442,44.542811140095864],[-89.9411737215638,44.54281530415217],[-89.94116082400535,44.54281917757769],[-89.94115412582411,44.54282334159557],[-89.94114122825908,44.542827215018214],[-89.94113502887545,44.54282692442341],[-89.94112248759056,44.54282634315959],[-89.93857310129914,44.54292035352104],[-89.93855314792089,44.54314272594578],[-89.93855236403796,44.543151635198846],[-89.93855193646544,44.54315608980565],[-89.93855115258249,44.54316499905618],[-89.93854452520779,44.54316916292865],[-89.93853747025928,44.54317770955289],[-89.93853704268659,44.54318216415716],[-89.93852998773669,44.5431907826307],[-89.93852336035833,44.54319494649966],[-89.938510461909,44.54319881959492],[-89.93850383452728,44.54320298346203],[-89.93849756345534,44.5432026926884],[-89.93834905277043,44.543249532305644],[-89.93835632154094,44.54414739081047],[-89.93936887632297,44.54426037713272],[-89.94239334070491,44.544326387140735],[-89.94250863104374,44.54304116744304],[-89.94236569377364,44.54239614434335]]]}"
2_027c0000000000001f6e,4,0.07,"{""type"":""Polygon"",""coordinates"":[[[-89.9457983212217,44.54133746718703],[-89.94579910495659,44.54132862939409],[-89.94579988869147,44.54131971974448],[-89.94580031618321,44.54131526493587],[-89.94584498904406,44.54081718444026],[-89.94482092010185,44.54083322278674],[-89.94451675075587,44.54205626048008],[-89.94451639450082,44.54206071524794],[-89.94450934065034,44.5420693342968],[-89.94450891314422,44.54207378902891],[-89.94450185929236,44.54208233622104],[-89.9444952329455,44.54208650053458],[-89.94448860659749,44.54209066484736],[-89.94448190899726,44.54209482912487],[-89.94447528264695,44.542098993436134],[-89.9444686562955,44.54210315774665],[-89.94446195869179,44.542107322021884],[-89.9444490622388,44.54211119587669],[-89.94444286338968,44.54211097731048],[-89.94442996693027,44.542114851162836],[-89.9444236968269,44.54211456070726],[-89.94441122786827,44.542113979829644],[-89.94401129277678,44.54209582169528],[-89.94399882368408,44.54209524077251],[-89.94398628333535,44.542094659813536],[-89.94398044067148,44.54208991460538],[-89.94396797156877,44.54208940553299],[-89.94396212890209,44.54208466032337],[-89.94395628623454,44.54207991511295],[-89.94394417338432,44.542074879419694],[-89.94393833071403,44.54207013420737],[-89.94393248804285,44.54206546084815],[-89.94392664537078,44.54206071563429],[-89.9439211589584,44.542051515653206],[-89.94392158647108,44.5420470609212],[-89.94391574379735,44.54204238755882],[-89.94391652757069,44.542033478057824],[-89.94391731134404,44.542024568555135],[-89.94391146866967,44.54201982333636],[-89.94392422279918,44.54187755856978],[-89.9433243466085,44.541850246316365],[-89.94331187729253,44.541849737169926],[-89.94330603452593,44.54184499190261],[-89.94329349395072,44.541844410864655],[-89.94328765118134,44.54183966559587],[-89.94327518185342,44.5418390845911],[-89.94326933908123,44.54183441117507],[-89.94326349630816,44.541829665904025],[-89.94325138323919,44.54182463011064],[-89.94324554046337,44.54181988483769],[-89.94324005395357,44.541810756631065],[-89.94324048147385,44.54180630187878],[-89.94323463869638,44.54180155660344],[-89.94322915218501,44.54179235653843],[-89.94322957970542,44.54178790178444],[-89.94323036349279,44.54177906409418],[-89.94323079101316,44.54177460933891],[-89.94327183294752,44.541316556196406],[-89.94312668965982,44.54125634157746],[-89.94312084686501,44.54125159624072],[-89.94311500406933,44.54124692275832],[-89.94310289095347,44.54124188688676],[-89.94309704815504,44.54123714154734],[-89.94309120535571,44.54123239620714],[-89.94309198914593,44.5412235584132],[-89.94308614634583,44.54121881307138],[-89.94308030354486,44.54121406772878],[-89.94308108733529,44.54120515807628],[-89.9430818711257,44.54119624842208],[-89.94307602832406,44.54119157493219],[-89.94308308243811,44.54118295581052],[-89.94308343870647,44.541178500963824],[-89.9430842937505,44.54116959133994],[-89.94328337598364,44.5407678019743],[-89.94262107085505,44.54073772396509],[-89.94260952761965,44.54296534184853],[-89.94362175640674,44.54301132686671],[-89.94363386935875,44.543016362493695],[-89.94364640982269,44.54301694347999],[-89.94365260880052,44.54301723393758],[-89.94419091851364,44.54317118938768],[-89.94453662978188,44.54295465056321],[-89.94455971508947,44.54269671053385],[-89.94456049884967,44.54268780115263],[-89.94456719643617,44.54268370877612],[-89.94456798019621,44.54267479939238],[-89.94457460653051,44.54267063512689],[-89.9445753902904,44.542661725740615],[-89.94458208787431,44.542657561507994],[-89.94458914171142,44.542648942562764],[-89.94459576804205,44.542644778293756],[-89.94460239437154,44.54264061402399],[-89.94461529077299,44.54263674019568],[-89.94462191709911,44.54263257592407],[-89.94477631729877,44.54259047269827],[-89.94478508111241,44.54249261294819],[-89.94478586486801,44.54248370352665],[-89.94478664862359,44.54247486595666],[-89.94478707612663,44.54247041126157],[-89.94479412992602,44.5424617922693],[-89.94479448617848,44.54245733753863],[-89.94480118372414,44.542453173275014],[-89.94480816627048,44.54244455424438],[-89.94481486381373,44.542440389978836],[-89.94482149010538,44.54243622567821],[-89.94483438643316,44.5424323518083],[-89.94484101272143,44.54242818750584],[-89.94484728275658,44.54242847793662],[-89.94486017907569,44.54242460406317],[-89.94486644910772,44.542424894492925],[-89.94487891791837,44.542425475317145],[-89.94580964975174,44.54240069866322],[-89.94596119523739,44.541760121345824],[-89.9457983212217,44.54133746718703]]]}"
2_027c0000000000001f6f,4,0.07,"{""type"":""GeometryCollection"",""geometries"":[{""type"":""LineString"",""coordinates"":[[-89.95111377504297,44.54069014929242],[-89.95111297854501,44.54069904354311]]},{""type"":""Polygon"",""coordinates"":[[[-89.9524423925785,44.54161662657245],[-89.95243655120288,44.54161195360176],[-89.95242408484948,44.54161137359081],[-89.9524178160531,44.54161108357003],[-89.95240570587536,44.541606048721505],[-89.95239950831234,44.54160575872927],[-89.95238739812883,44.541600795732826],[-89.95238155674483,44.54159605090317],[-89.95237564412352,44.541591306043145],[-89.95236980273773,44.541586561211936],[-89.95236438876962,44.54157743342605],[-89.95235854738212,44.541572688592865],[-89.9523527059937,44.5415679437589],[-89.95235348959464,44.54155903410929],[-89.95234764820547,44.541554289273684],[-89.9523484318065,44.54154545147618],[-89.95234921540754,44.541536541822325],[-89.95235876109142,44.54142976961257],[-89.95192029830761,44.54114202253593],[-89.95190818797272,44.5411369875845],[-89.9519023465157,44.54113224268354],[-89.95189650505777,44.541127497781794],[-89.95189728866805,44.54111865990703],[-89.95189144720936,44.54111391500365],[-89.95188560574978,44.54110917009949],[-89.95188638936027,44.541100260366],[-89.95188717297073,44.5410913506308],[-89.9518875291573,44.54108689574762],[-89.95191345953073,44.540797831587085],[-89.95120734925187,44.54076584471778],[-89.95119488249878,44.540765264562594],[-89.95118861350139,44.540764974469326],[-89.95117614674218,44.54076439431208],[-89.95117030517362,44.540759721192],[-89.9511581946018,44.54075468612028],[-89.95115192559842,44.54075439602493],[-89.95114608402616,44.54074965104673],[-89.9511339734467,44.540744615971356],[-89.95112855930407,44.54073548796338],[-89.95112271772824,44.540730742982085],[-89.95112307392192,44.54072628806706],[-89.95111765977772,44.54071708819906],[-89.95111181820026,44.54071241507129],[-89.95111260182655,44.54070350526781],[-89.95111295802032,44.54069905035024],[-89.95110633281573,44.54070321516965],[-89.95110554918928,44.54071212497314],[-89.95109892398341,44.54071628979097],[-89.95109806911805,44.540725127705606],[-89.95109144391087,44.54072929252183],[-89.95108481870255,44.54073345733732],[-89.95107776606017,44.54074207703543],[-89.95107114084949,44.54074624184898],[-89.95105824661897,44.54075011656128],[-89.95105197759923,44.54074982646042],[-89.95104535238409,44.54075399127179],[-89.951032386906,44.54075793780598],[-89.95102618912095,44.540757647734196],[-89.95101365106999,44.54075706752873],[-89.95100745328192,44.54075677745593],[-89.95050129720765,44.54073378164585],[-89.95048883022496,44.54073327326929],[-89.95048256111214,44.54073298313715],[-89.95047009412335,44.54073240290261],[-89.95046425244719,44.54072765788742],[-89.95045214165235,44.54072262273758],[-89.95044587253352,44.54072233260338],[-89.95030852158187,44.54064466866695],[-89.95030773793914,44.540653578476025],[-89.95030695429638,44.5406624882834],[-89.95030025771223,44.54066665302849],[-89.95029947406934,44.540675562833336],[-89.95029284872416,44.54067972760771],[-89.9502920650811,44.54068856555405],[-89.95028543973464,44.540692730326846],[-89.95027838694523,44.540701349983124],[-89.95027169035608,44.540705514723086],[-89.9502650650061,44.54070967949319],[-89.95025217050448,44.540713554117666],[-89.95024554515112,44.54071771888592],[-89.95003923249968,44.54077985633059],[-89.95002669412595,44.54077927601729],[-89.95002006873365,44.54078344076666],[-89.95000753035366,44.540782860451294],[-89.95000133240295,44.54078257032418],[-89.94999506321041,44.54078228016564],[-89.9499825960631,44.54078169987862],[-89.94868926779954,44.54065157188506],[-89.94675895443014,44.54076939742068],[-89.94671314268302,44.54128077144469],[-89.94681310199222,44.54128534474694],[-89.94681894422462,44.54129008989196],[-89.94683141240051,44.54129059866231],[-89.94683768211031,44.541290888991014],[-89.94684979404676,44.54129592446224],[-89.94685606375353,44.54129621478992],[-89.94686810443754,44.54130125022559],[-89.94687401790819,44.541305923544186],[-89.9468798601313,44.54131066868402],[-89.94688570235353,44.54131541382307],[-89.94689111709528,44.541324613773604],[-89.9468969593158,44.54132935891067],[-89.9469028015354,44.541334032191976],[-89.94690201782306,44.54134294184653],[-89.94690786004192,44.54134768698119],[-89.94690707632968,44.541356596633186],[-89.94690672009685,44.54136105147506],[-89.94690586513802,44.54136988923656],[-89.94673537171799,44.542152519380785],[-89.9467283182756,44.542161138549716],[-89.9467279620411,44.54216559331462],[-89.9467271070783,44.54217450277693],[-89.94672048111586,44.54217866721122],[-89.94671342767073,44.542187214520744],[-89.94670680170594,44.542191378953106],[-89.94670017574,44.54219554338471],[-89.94669347852596,44.54219970778243],[-89.9466868525577,44.542203872212525],[-89.94668022658833,44.54220803664187],[-89.9466673308812,44.542211910738395],[-89.94666106114356,44.542211692259635],[-89.94664816542998,44.5422155663537],[-89.94664189568921,44.54221527602026],[-89.94602396495993,44.54224969195381],[-89.94596917504892,44.543841339750095],[-89.94613789067519,44.543848963536455],[-89.94653046512552,44.543598889191564],[-89.94654336087866,44.54359501522518],[-89.9465499868717,44.543590850926975],[-89.9465566841108,44.54358668666123],[-89.94656957985515,44.543582812690886],[-89.94657577836055,44.54358310298669],[-89.94658831786269,44.54358361179215],[-89.94659494384794,44.54357944749033],[-89.94660741209668,44.543580028112096],[-89.94701985947997,44.54359875721631],[-89.94716548675886,44.54295344965684],[-89.94717254012085,44.542944830606544],[-89.94717339507373,44.54293592128715],[-89.9471800209579,44.54293175689389],[-89.9471803771882,44.54292737405286],[-89.94718743054746,44.542918754996855],[-89.94719412767525,44.54291459063408],[-89.94720075355585,44.54291042623773],[-89.94749321735998,44.542727192476264],[-89.9475227129767,44.54239811875709],[-89.94752306920383,44.542393664011755],[-89.94752392414888,44.54238475458504],[-89.94752428037599,44.54238029983844],[-89.94753133367199,44.54237175251406],[-89.94753795949433,44.54236758804995],[-89.94753881443907,44.54235867861818],[-89.9475454402601,44.542354514152464],[-89.94755206608,44.54235034968602],[-89.94755876314412,44.542346185251404],[-89.9475716585515,44.54234231106551],[-89.94757828436687,44.54233814659644],[-89.94758491018109,44.54233398212663],[-89.94759744935327,44.54233456268838],[-89.94760407516418,44.54233039821713],[-89.94845915139113,44.54223967567421],[-89.94858090665356,44.541861204062954],[-89.94858169033158,44.54185229449518],[-89.94858838721588,44.54184812995604],[-89.94859536907273,44.541839510582825],[-89.94859579653331,44.54183505581301],[-89.94860284963224,44.54182650832315],[-89.94860947526944,44.54182234374853],[-89.94861617214889,44.5418181792051],[-89.94862906720068,44.54181430485635],[-89.94863569283335,44.541810140279125],[-89.9486485878786,44.54180619407325],[-89.94865485729129,44.541806484299265],[-89.94866732487031,44.541807064718355],[-89.94867395049636,44.54180290013828],[-89.94868648931244,44.54180348058723],[-89.94869268747568,44.541803770779296],[-89.95087943667671,44.542045871198745],[-89.95122829338798,44.542003626368405],[-89.95131983480096,44.54189171667638],[-89.95132026223116,44.54188726190124],[-89.95132731482893,44.54187864239862],[-89.95134020896897,44.54187476774934],[-89.95134683413316,44.54187060302044],[-89.9513535305345,44.54186643832104],[-89.95136642466572,44.541862563667785],[-89.95137304982539,44.54185839893629],[-89.95138551652056,44.54185897905869],[-89.95139221291514,44.54185481435598],[-89.9514046796041,44.54185539447632],[-89.95262283365783,44.54184361745561],[-89.95264235230242,44.54162576304792],[-89.9524423925785,44.54161662657245]]]}]}"
2_027c0000000000001f71,4,0.07,"{""type"":""Polygon"",""coordinates"":[[[-89.95466126732656,44.541569886252205],[-89.95464880169668,44.541569378337634],[-89.95464288942507,44.541564633591925],[-89.95463042378923,44.54156405382066],[-89.95462458274702,44.54155930910166],[-89.95461247326645,44.541554346335595],[-89.95460663222153,44.541549601614705],[-89.9546007911757,44.54154485689303],[-89.95459495012898,44.54154011217058],[-89.95458903784909,44.54153536741913],[-89.95458362419441,44.54152623972807],[-89.95458405158823,44.5415217849059],[-89.95457856670053,44.54151258532901],[-89.9543643705372,44.54068127747774],[-89.95404460556394,44.54060871880643],[-89.95325803933756,44.540635562305255],[-89.9533141722928,44.54091941577132],[-89.95331338871152,44.54092832554905],[-89.95331296130352,44.54093278042278],[-89.9533121777222,44.540941690197954],[-89.95331139414087,44.54095059997145],[-89.9533046980815,44.54095476486682],[-89.95330391450001,44.540963602782206],[-89.95329728967404,44.54096776770501],[-89.95329023743868,44.54097638749656],[-89.95328361261036,44.540980552417444],[-89.95327691654614,44.540984717308525],[-89.95327029171551,44.5409888822279],[-89.95326366688373,44.540993047146515],[-89.95325077339062,44.54099692208545],[-89.95310267599599,44.54103932816541],[-89.95305530465471,44.541568521127715],[-89.95305452106811,44.54157743078039],[-89.95305366624638,44.54158634040219],[-89.95304704137715,44.54159050525519],[-89.95304625779039,44.54159941490363],[-89.9530396329199,44.541603579755034],[-89.95303293681306,44.541607744576496],[-89.95302588452908,44.54161636423413],[-89.95301925965506,44.54162052908285],[-89.9530126347799,44.54162469393082],[-89.95300600990358,44.541628786923496],[-89.95299311632382,44.54163273363535],[-89.95298684762048,44.54163244364588],[-89.95298015150445,44.54163660846169],[-89.95296768532782,44.54163602851024],[-89.95295521914716,44.54163544855743],[-89.95294852302558,44.54163961337112],[-89.95284857971029,44.54163504546066],[-89.9528286337573,44.541857426499114],[-89.95344168212684,44.54194778225554],[-89.95344795075579,44.54194800036413],[-89.95346006060426,44.54195303506579],[-89.95346625799581,44.54195332499847],[-89.9534721704489,44.54195806976563],[-89.95348420905538,44.54196310443473],[-89.95349012150568,44.541967777345945],[-89.95349596272077,44.541972522081494],[-89.95377676740058,44.54219962196328],[-89.95378260857198,44.54220429480712],[-89.95378809357358,44.54221349428649],[-89.95379393474326,44.54221823898202],[-89.95379977591203,44.542222983676766],[-89.95379899234067,44.542231893210314],[-89.95380483350867,44.54223656604981],[-89.95380404993742,44.54224547558081],[-89.95380319513238,44.5422543850814],[-89.95378054279195,44.542507874704526],[-89.95391467579503,44.54262109736589],[-89.95525256091885,44.54274428049353],[-89.95520148821461,44.542474021255124],[-89.95520227175732,44.542465183611114],[-89.95520262791308,44.54246072884793],[-89.95520348268691,44.54245181937596],[-89.95520383884266,44.54244736461151],[-89.95520462238531,44.54243845510915],[-89.95521131811276,44.54243429023437],[-89.95521210165526,44.54242545258281],[-89.95521872615029,44.5424212876786],[-89.95522535064417,44.542417122773635],[-89.955232046368,44.54241295789574],[-89.9552390982461,44.542404338248424],[-89.95524529535001,44.54240462808204],[-89.95525818817221,44.54240068118144],[-89.9552648838903,44.54239658815353],[-89.95527777670588,44.54239264125005],[-89.95551376432675,44.54234976475913],[-89.95553484857109,44.5421140930725],[-89.95553520472376,44.54210963827493],[-89.95553598825964,44.54210072870615],[-89.9555430400818,44.542092108982715],[-89.95554346746492,44.542087654210654],[-89.95555009190268,44.54208348925725],[-89.95555714372225,44.54207494138364],[-89.95556376815763,44.54207077642832],[-89.95557046382234,44.542066611499855],[-89.95557708825544,44.542062446543014],[-89.95558371268737,44.54205828158543],[-89.9555904083486,44.54205411665469],[-89.95560330105468,44.54205024153957],[-89.95560949809972,44.54205053135564],[-89.95562239079938,44.54204658438418],[-89.95562865907168,44.542046874226806],[-89.95564119561321,44.54204745391103],[-89.95584113865033,44.5420565128622],[-89.95584747811681,44.541985379902236],[-89.95584826164632,44.54197647030768],[-89.95585495726132,44.5419723053542],[-89.95585574079067,44.54196339575713],[-89.95585609694035,44.54195894094424],[-89.95586314870361,44.54195039302905],[-89.95586984431603,44.54194622807237],[-89.95587646869737,44.541942063087504],[-89.95588309307756,44.541937898101885],[-89.95589014483585,44.54192927832711],[-89.95589641306437,44.5419295681558],[-89.95590930566752,44.54192569299591],[-89.95591593004202,44.541921528006945],[-89.9559284664896,44.54192203580715],[-89.9559350908608,44.54191787081675],[-89.95594755607233,44.5419184504416],[-89.95595382429146,44.54191874026721],[-89.95605383073969,44.541923305466675],[-89.9560673643558,44.541772057548904],[-89.95466126732656,44.541569886252205]]]}"
2_027c0000000000001f73,4,0.07,"{""type"":""Polygon"",""coordinates"":[[[-89.95625697693791,44.54070457825297],[-89.95610540091444,44.54141660744008],[-89.95623503834005,44.54193149431979],[-89.95641624508359,44.54193968288466],[-89.95660229451215,44.5418231341915],[-89.95660898999542,44.54181896918028],[-89.956615614249,44.541814804141296],[-89.95662850661019,44.54181092889091],[-89.95663477471794,44.54181121867989],[-89.9566476670727,44.54180734342704],[-89.95665393517731,44.54180756136073],[-89.95666640015503,44.54180814090867],[-89.95667266825657,44.541808430695596],[-89.9566851332282,44.541809010241494],[-89.95669766942414,44.54180958981293],[-89.95670386629222,44.541809879571225],[-89.95697282364662,44.54188902048845],[-89.95735374836455,44.54183929606502],[-89.95736621311464,44.54183987553638],[-89.95737248110173,44.541840165284796],[-89.95738494584572,44.541840744754104],[-89.95739121382974,44.541841034501495],[-89.9574037497947,44.541841542141],[-89.9574099465486,44.541841831860886],[-89.95741578716628,44.54184657640932],[-89.95742789576111,44.54185161070229],[-89.9574341637381,44.541851900447256],[-89.95744000435211,44.541856644993445],[-89.95744584496524,44.54186131768466],[-89.95745132944258,44.54187051705603],[-89.95745717005397,44.54187526159946],[-89.95761579217164,44.54206551796336],[-89.95787199363953,44.54207710904519],[-89.95803061404006,44.54135646752104],[-89.95803097016955,44.54135201264367],[-89.9580317536544,44.54134317476874],[-89.9580384488879,44.54133900963121],[-89.95804550024961,44.54133038961346],[-89.95804585637894,44.541325934733564],[-89.95805290773929,44.541317314712956],[-89.95806579961695,44.54131343925952],[-89.95807242361869,44.5413092740913],[-89.95807911884509,44.54130510894838],[-89.95809201071393,44.54130123349098],[-89.95865312332168,44.54113020641338],[-89.95868731118148,44.540747731380705],[-89.95625697693791,44.54070457825297]]]}"
2_027c0000000000001f74,4,0.07,"{""type"":""Polygon"",""coordinates"":[[[-89.96397822701219,44.5417061961057],[-89.96397203132062,44.54170590674045],[-89.96395949750473,44.541705399818596],[-89.96394703489962,44.541704821063334],[-89.96394112406264,44.54170007681109],[-89.96392866145156,44.54169949805375],[-89.96392282182669,44.54169475382245],[-89.96391028799468,44.54169417504064],[-89.96390444836702,44.54168950266231],[-89.96389860873845,44.54168475842875],[-89.96388692947865,44.541675269959306],[-89.96388101863238,44.54167052570098],[-89.96388144592251,44.54166614271198],[-89.96387596236559,44.5416569436081],[-89.96387012273269,44.54165219936981],[-89.9638001182835,44.54145256502314],[-89.96324378132695,44.54107910068876],[-89.96323794159765,44.54107435635984],[-89.96323210186748,44.54106961203014],[-89.9632262621364,44.54106493955507],[-89.96322077848568,44.541055740302006],[-89.96322120578316,44.54105128540263],[-89.96321572213172,44.541042086146646],[-89.96321650551054,44.541033248177506],[-89.96316166895406,44.54066461061377],[-89.95958138410981,44.54071233779153],[-89.95935959500174,44.541157692265756],[-89.95935289999908,44.54116185749671],[-89.95934592010143,44.541170477651306],[-89.95933922509636,44.5411746428803],[-89.95933217397275,44.54118326300645],[-89.95932555018878,44.54118742825879],[-89.95931892640365,44.54119159351037],[-89.95931223139388,44.541195758735924],[-89.95929933993558,44.54119963433949],[-89.95929314348723,44.541199344717946],[-89.95928025202251,44.54120322031907],[-89.9592739843475,44.5412029306712],[-89.95873731087151,44.541241181218936],[-89.95860298107212,44.54169051265575],[-89.95860262494794,44.54169496750276],[-89.958595929813,44.54169913264168],[-89.95859514633969,44.541708042307896],[-89.95858852242831,44.54171220747095],[-89.95858147116654,44.541720827452025],[-89.95857484725279,44.54172499261314],[-89.95856815211299,44.541729157747774],[-89.95856152819694,44.5417333229074],[-89.95855490427975,44.54173741621189],[-89.95854820913647,44.54174158134423],[-89.95853574477086,44.54174107385474],[-89.95852904962423,44.54174523898564],[-89.9585165852524,44.54174465963973],[-89.95851031745246,44.54174436995336],[-89.95849785307453,44.5417437906054],[-89.95819792330643,44.54173024483117],[-89.95816565810247,44.54209043772471],[-89.95816487462035,44.54209934731363],[-89.95816451849213,44.54210380212045],[-89.95815746715233,44.54211235014961],[-89.95815703979837,44.54211680492917],[-89.95814998845718,44.54212542480928],[-89.95814336446884,44.542129589909486],[-89.95813674047936,44.54213375500894],[-89.95812968913445,44.54214237488467],[-89.9581230651426,44.54214653998221],[-89.95811010205846,44.542150415347166],[-89.9581039054178,44.54215012566707],[-89.95795539941919,44.54219699175441],[-89.95793431650655,44.542432663475125],[-89.96095845634055,44.54243129056024],[-89.96096472374,44.54243158010838],[-89.96439490277386,44.54251985509828],[-89.96447081689206,44.5416704944991],[-89.96397822701219,44.5417061961057]]]}"
2_027c0000000000001f78,4,0.07,"{""type"":""Polygon"",""coordinates"":[[[-89.9388943492608,44.539340478977905],[-89.93878417890082,44.540567883076235],[-89.93968505816443,44.54066687541633],[-89.93969695857953,44.5405334448895],[-89.93970401331488,44.54052482585552],[-89.93970444087456,44.54052037099452],[-89.93970522473396,44.54051146123375],[-89.9397118519082,44.54050729705792],[-89.93971270702737,44.54049845918835],[-89.93971933420032,44.54049429501094],[-89.93972596137213,44.540490130832765],[-89.93973301610215,44.54048151178903],[-89.9397396432716,44.54047734760892],[-89.94037769893508,44.540149081340154],[-89.9403843259932,44.540144917093144],[-89.94039722381265,44.540141043534014],[-89.94040385086737,44.54013687928517],[-89.94041012162778,44.5401371699731],[-89.94042301943858,44.54013329641042],[-89.94042929019585,44.54013358709733],[-89.94120999147013,44.540102085796114],[-89.94139654223439,44.53998110235748],[-89.94140316911651,44.539976938036496],[-89.94141606659349,44.539973064348594],[-89.94142233718847,44.53997335498207],[-89.94142896406613,44.53996919065891],[-89.94144186153444,44.53996524511039],[-89.9414481321252,44.53996553574249],[-89.94146060204697,44.53996611696927],[-89.94146687263466,44.539966407600346],[-89.9418105420272,44.53998203187735],[-89.94189505159078,44.539878672339185],[-89.94189547912603,44.539874289265754],[-89.941902105922,44.53987012490638],[-89.94190916025188,44.53986150561434],[-89.94192205755877,44.53985763185984],[-89.94192868435012,44.539853467497444],[-89.94193538239614,44.53984930317039],[-89.94194785215953,44.53984981248826],[-89.94195447894643,44.539845648123666],[-89.94196701995936,44.539846229332824],[-89.94197321920856,44.53984651990081],[-89.94198611649392,44.53984264613784],[-89.94228603059736,44.53985630672685],[-89.9423179528918,44.539500484359586],[-89.9423187366978,44.53949164624479],[-89.94232543467571,44.53948748186274],[-89.94232621848157,44.53947857188763],[-89.94233284520311,44.539474407468134],[-89.94233327273348,44.53946995249745],[-89.94234032698412,44.53946133310525],[-89.94234695370322,44.539457168683406],[-89.94235358042118,44.53945300426082],[-89.942360207138,44.539448839837476],[-89.94236690510867,44.539444675449204],[-89.94237353182318,44.53944051102435],[-89.94238642897395,44.539436637182675],[-89.94239269941035,44.53943692776627],[-89.94240559655466,44.53943305392214],[-89.94273564796636,44.53939003269615],[-89.9427428446516,44.53930991459602],[-89.9388943492608,44.539340478977905]]]}"
2_027c0000000000001f7a,4,0.07,"{""type"":""Polygon"",""coordinates"":[[[-89.94577972532552,44.53930499621087],[-89.94414987756261,44.53936047839456],[-89.94414268114133,44.53944052464018],[-89.94414232488282,44.53944497965523],[-89.94414154111406,44.53945381779148],[-89.94414075734531,44.53946272778393],[-89.94413405968434,44.53946689227448],[-89.94412700576356,44.539475511776395],[-89.9441266495049,44.53947996678808],[-89.94411375293917,44.53948384082237],[-89.94410705527349,44.53948800530947],[-89.94410007259953,44.539496624840595],[-89.94409380244223,44.53949633435092],[-89.94356817436135,44.53969124211762],[-89.94356147660041,44.53969540655436],[-89.9435490073615,44.53969482555316],[-89.94354238085003,44.53969899002356],[-89.94353611060158,44.53969869950456],[-89.94352364135443,44.539698190358145],[-89.9435173711029,44.53969789983811],[-89.94350490184966,44.539697318832154],[-89.94349863159508,44.53969702831109],[-89.942604183528,44.53952692800836],[-89.94247841902306,44.53994988963497],[-89.94247806274909,44.53995427273931],[-89.94247720769154,44.53996318258939],[-89.94247058099494,44.539967346973825],[-89.94246352676826,44.539975966281084],[-89.94246317049415,44.53998042123998],[-89.94245647254029,44.53998458558631],[-89.9424498458401,44.53998874996765],[-89.94243694871065,44.539992623770814],[-89.94243032200708,44.539996788150304],[-89.94242362404749,44.54000095249324],[-89.94241699734162,44.54000511687123],[-89.94240452773072,44.54000453574914],[-89.94239825729628,44.54000424516967],[-89.94238536014947,44.54000811896574],[-89.94237908971189,44.54000782838524],[-89.9420354966679,44.53999227771718],[-89.94195134369257,44.540091110305646],[-89.94195091615792,44.54009556521592],[-89.9419438618357,44.54010418446752],[-89.94193723504696,44.54010834880853],[-89.94192433774518,44.540112222544],[-89.94191771095308,44.54011638688316],[-89.94191101290397,44.54012055118546],[-89.94189811559337,44.540124424916975],[-89.94189191633205,44.54012413434662],[-89.94187901901502,44.54012800807569],[-89.94187274849469,44.54012771746818],[-89.94186027870688,44.54012720814512],[-89.94149786927471,44.540110712218215],[-89.94131837344166,44.5402231481553],[-89.9413117465449,44.54022731244948],[-89.94129884903285,44.540231186104606],[-89.9412921508757,44.54023535036045],[-89.94128552397441,44.54023951465203],[-89.94127305399574,44.54023893340952],[-89.94126642709114,44.54024309769968],[-89.94125388584919,44.540242516418594],[-89.94047275791696,44.54027847281109],[-89.93990040522486,44.54057393492935],[-89.93989078518011,44.540680707996394],[-89.9418650528547,44.54070342696639],[-89.94205117290032,44.540586827018586],[-89.94205779966937,44.540582662713476],[-89.94206442643728,44.540578498407605],[-89.94207696741427,44.54057907959575],[-89.94208359417887,44.540574915288445],[-89.94209022094232,44.54057075098041],[-89.94210276191087,44.540571332165804],[-89.94210896113815,44.54057162272199],[-89.94212150210058,44.540572203905334],[-89.9457518670887,44.540665596317524],[-89.94577972532552,44.53930499621087]]]}"
2_027c0000000000001f7b,4,0.07,"{""type"":""Polygon"",""coordinates"":[[[-89.94791605694327,44.539969016950984],[-89.94791014363331,44.539964343553095],[-89.94789767580811,44.539963763028965],[-89.94789183374006,44.53995901780491],[-89.9478859916711,44.539954272580076],[-89.9478738800619,44.53994923707463],[-89.94786803799022,44.539944563705006],[-89.94786219591764,44.53993981847751],[-89.9478625521416,44.53993536349768],[-89.94769811880852,44.53974033977451],[-89.94674812490854,44.5396302477319],[-89.94673601293997,44.539625212071364],[-89.94672974321357,44.53962492172688],[-89.9467172750046,44.539624412927616],[-89.94671143275671,44.53961966760905],[-89.94670559050796,44.53961492228973],[-89.94669347852596,44.539609886623055],[-89.94668763627445,44.539605213159454],[-89.94624305257354,44.539245644076445],[-89.94598684462564,44.53923402630275],[-89.9459526454375,44.5406657630348],[-89.94859487036871,44.54058477527984],[-89.94863555034664,44.54013116353624],[-89.94791605694327,44.539969016950984]]]}"
2_027c0000000000001f7d,4,0.07,"{""type"":""Polygon"",""coordinates"":[[[-89.96243853122795,44.54005136815414],[-89.96208856583884,44.540035516243655],[-89.96208236984161,44.54003522676593],[-89.96206983540736,44.54003464776232],[-89.9620636394071,44.54003443014055],[-89.96205153227726,44.54002939614288],[-89.96204562114777,44.540024651623504],[-89.96203315791995,44.540024072639326],[-89.96148299139486,44.53972230424671],[-89.96010194958393,44.53973124511085],[-89.96008948572376,44.53973066591149],[-89.96008321818113,44.53973037629891],[-89.96007075431487,44.53972979709751],[-89.96006484287975,44.539725124303125],[-89.96005237900752,44.53972454509965],[-89.9600465387917,44.53971980047113],[-89.960040698575,44.53971505584185],[-89.96002859080585,44.539710021596086],[-89.9600227505864,44.539705348822395],[-89.96001683914386,44.53970060416559],[-89.96001099892263,44.53969585953285],[-89.96001185358921,44.5396869494996],[-89.960005942145,44.53968220484037],[-89.96000052925552,44.539673077044625],[-89.9600008853667,44.53966862200124],[-89.96000174003349,44.53965971196289],[-89.96000209614465,44.539655256918216],[-89.96001163992257,44.53954855164006],[-89.95990395178313,44.53949009364368],[-89.959726465115,44.540562640831126],[-89.96081900643742,44.54048261241955],[-89.96082527385968,44.540482901987254],[-89.96083773748047,44.54048348109729],[-89.96242485742661,44.54055529383929],[-89.9625537612974,44.540516533670875],[-89.96258004054158,44.540223008556694],[-89.96243853122795,44.54005136815414]]]}"
2_027c0000000000001f7e,4,0.07,"{""type"":""Polygon"",""coordinates"":[[[-89.96890711617493,44.53955375338268],[-89.966595425381,44.53958759459933],[-89.96664527232991,44.53994258468484],[-89.9666444890212,44.5399514947402],[-89.96664413297181,44.53995594977761],[-89.96664327845319,44.53996485980969],[-89.96664292240378,44.53996931484583],[-89.96664213909503,44.53997822489609],[-89.96663544536511,44.539982390657805],[-89.96662839558448,44.53999093959573],[-89.96662177306209,44.53999510537625],[-89.96661515053854,44.53999927115602],[-89.96660810075417,44.540007891946644],[-89.96660147822826,44.54001205772448],[-89.96659521175108,44.540011768470045],[-89.96658858922297,44.540015934246796],[-89.96581488490857,44.54024888152006],[-89.96586651315673,44.54409572926791],[-89.96799111542303,44.54419183192742],[-89.96828327817977,44.54204388959299],[-89.96828406145494,44.54203497992367],[-89.96828448869594,44.54203052509824],[-89.96828527197108,44.54202168728032],[-89.96829189420578,44.54201752158356],[-89.96829267748078,44.54200861190917],[-89.96829937092099,44.54200444623052],[-89.96851840242546,44.5418000097518],[-89.96852502461984,44.54179584402187],[-89.9685320740513,44.54178722344171],[-89.96854496240243,44.54178334684709],[-89.9685515845922,44.54177918111413],[-89.96855785074922,44.541779470250695],[-89.96857073909169,44.541775593652524],[-89.968577361277,44.541771427917396],[-89.96858989358157,44.54177200618745],[-89.96859615973231,44.541772295321955],[-89.96860862082451,44.541772873570444],[-89.96910848529242,44.541795427941544],[-89.96912101742315,44.54179600615319],[-89.96913347834452,44.54179658434427],[-89.96913974440629,44.54179687344888],[-89.96915184929549,44.541801906507914],[-89.969157688123,44.54180657860761],[-89.96916395418083,44.54180686771085],[-89.96917605906235,44.54181190076625],[-89.96918189788619,44.54181664471799],[-89.96918738068337,44.54182584353679],[-89.96919321950547,44.5418305156323],[-89.9691990583267,44.54183525958129],[-89.96919827507024,44.54184416929483],[-89.96920411389068,44.54184891324219],[-89.96920333063434,44.541857822953176],[-89.9692029034036,44.54186220594428],[-89.96920838619776,44.54187140475315],[-89.96920325942922,44.54192924595306],[-89.96970745958927,44.54190293801931],[-89.9697531014452,44.541391489591454],[-89.9697539558944,44.5413825798069],[-89.9697610050996,44.541373959075074],[-89.96988632408632,44.541093900680714],[-89.96988717853255,44.54108499083865],[-89.96989380049017,44.54108082496602],[-89.9698945837324,44.54107191510271],[-89.96990120568874,44.54106774922848],[-89.96990789884775,44.54106358337221],[-89.96991452080181,44.54105941749647],[-89.96992740868757,44.54105554068604],[-89.96993410184199,44.54105137482714],[-89.96994072379151,44.541047208948804],[-89.97009544923198,44.541000615222295],[-89.97040076846913,44.53968830706405],[-89.96890711617493,44.53955375338268]]]}"
2_027c0000000000001f7f,4,0.07,"{""type"":""Polygon"",""coordinates"":[[[-89.95433509388182,44.53974676932673],[-89.95391581553176,44.539665186966594],[-89.95390327842586,44.53966467892179],[-89.95389743727286,44.53965993397374],[-89.95388532756256,44.539654899072524],[-89.95387905900513,44.539654609119786],[-89.95387321784844,44.53964986416949],[-89.9538611081305,44.53964490112221],[-89.9535222481776,44.53936602782271],[-89.95306634610039,44.53941233413522],[-89.95305387995181,44.53941182602386],[-89.95304761125841,44.53941153602409],[-89.95303514510374,44.539410956052734],[-89.95302887640729,44.53941066605195],[-89.95301676642259,44.53940563103216],[-89.95301056895836,44.53940534105955],[-89.9529984589679,44.53940037789521],[-89.952992617677,44.5393956328743],[-89.95298677638522,44.53939088785264],[-89.95297466638723,44.53938585282628],[-89.95296882509271,44.53938117966069],[-89.952962912562,44.53937643460711],[-89.95296376738577,44.53936752456633],[-89.95295785485426,44.539362779511116],[-89.95295201355718,44.539358034484344],[-89.9529528683812,44.539349196298204],[-89.95295365196986,44.5393402862231],[-89.95295400814653,44.539335831170305],[-89.95300579619787,44.53875767896842],[-89.95119937053036,44.538613277773564],[-89.95108944922461,44.53984064113063],[-89.95149045031414,44.539916908359906],[-89.9523840500186,44.539885953378366],[-89.95239658762138,44.539886533444395],[-89.95240278518487,44.53988682344731],[-89.95241532278153,44.53988740351128],[-89.952421520342,44.53988769351317],[-89.95243363051473,44.53989272854423],[-89.95243989930852,44.53989301857466],[-89.95244574068363,44.539897691716284],[-89.95245785084872,44.53990272674371],[-89.9528386067351,44.54013433547799],[-89.95284444804946,44.54013908043207],[-89.952856201911,44.54014849851041],[-89.9528620432227,44.54015324346217],[-89.95286788453348,44.54015798841315],[-89.95286710094307,44.54016689833238],[-89.95287294225308,44.54017157142495],[-89.95287215866276,44.54018048134164],[-89.9529333498947,44.54047799252555],[-89.95385120665239,44.54045709632614],[-89.95386367254169,44.54045767619582],[-89.95386994110162,44.54045796614447],[-89.9538761384269,44.54045818420779],[-89.95435211850896,44.540537847817966],[-89.95433509388182,44.53974676932673]]]}"
2_027c0000000000001f80,4,0.07,"{""type"":""Polygon"",""coordinates"":[[[-89.95099983071361,44.5385997549693],[-89.9495877772211,44.53853569084736],[-89.94957523869975,44.53853511045712],[-89.94956896943755,44.538534820261475],[-89.94600750662038,44.53795343352606],[-89.94599339946656,44.539091390641694],[-89.94629955203806,44.5391053313177],[-89.94631202038282,44.53910591202645],[-89.94631829017752,44.539106202396994],[-89.946330402278,44.539111166298945],[-89.94633660082205,44.539111456635105],[-89.94634871291676,44.53911649239295],[-89.94635455521988,44.539121237780854],[-89.94636039752214,44.539125983167985],[-89.94636623982349,44.539130656695974],[-89.94681709180956,44.53949051652236],[-89.94777919564406,44.5396056438732],[-89.94779166350779,44.53960615255699],[-89.94779793306058,44.53960644284343],[-89.94781004469375,44.53961147839364],[-89.94781588677428,44.53961622365699],[-89.94782835462607,44.5396168041943],[-89.94783426794864,44.539621477631],[-89.94784011002547,44.5396262228921],[-89.94819690249412,44.53991482025664],[-89.94955878188426,44.54011950164393],[-89.94957132041098,44.54012008201657],[-89.94957751843121,44.54012037217103],[-89.94958962950233,44.54012533562109],[-89.94959547131172,44.54013008074176],[-89.95053905433053,44.540592600872046],[-89.95091391642768,44.54060964822582],[-89.95099983071361,44.5385997549693]]]}"
2_027c0000000000001f83,4,0.07,"{""type"":""Polygon"",""coordinates"":[[[-89.9689650063444,44.53925721129755],[-89.96870809579787,44.53918312745426],[-89.96869599076838,44.53917809406761],[-89.96869015187046,44.53917334982441],[-89.96868395694118,44.539173060698594],[-89.96867185190406,44.539168027308314],[-89.96866594179633,44.53916335490173],[-89.96866053013062,44.539154155555565],[-89.96865469122726,44.53914941130815],[-89.96864885232301,44.539144667059965],[-89.96864963559071,44.53913582869593],[-89.96864372547954,44.53913108442663],[-89.9686445799535,44.53912217422118],[-89.96864493598432,44.539117719098336],[-89.96864571925208,44.539108808870864],[-89.96868388573509,44.538681906561095],[-89.96588495688646,44.53862225496941],[-89.96600152959809,44.53900256670223],[-89.96634583361106,44.53908070666612],[-89.96635210012904,44.539080995939905],[-89.96636420589952,44.539085957726236],[-89.96637004515215,44.53909070209679],[-89.96638215091694,44.53909573573863],[-89.96638799016684,44.53910048010728],[-89.96639390062619,44.53910522449604],[-89.96639973987428,44.53910989700472],[-89.96640557912148,44.53911464137105],[-89.96664562837931,44.53944698354219],[-89.96906277146265,44.53942689458913],[-89.9689650063444,44.53925721129755]]]}"
2_027c0000000000001f84,4,0.07,"{""type"":""Polygon"",""coordinates"":[[[-89.94258636988381,44.53797670619446],[-89.94258052700671,44.537971960498695],[-89.94257468412873,44.537967214802144],[-89.94256884124985,44.537962469104826],[-89.94256962505074,44.537953558838424],[-89.94256378217108,44.537948884999636],[-89.94256456597206,44.5379399747307],[-89.94256499349986,44.53793551961345],[-89.94256577730081,44.53792660934196],[-89.94264230469878,44.53707279697189],[-89.93798767912058,44.53699966114688],[-89.93783531823816,44.53764913127743],[-89.93783489065767,44.53765358640396],[-89.93782783557869,44.53766220585015],[-89.93782747926153,44.53766666101406],[-89.93782042418118,44.53767528045738],[-89.93781379668029,44.53767937291453],[-89.93780709791479,44.53768353719284],[-89.93780011409417,44.53769215667048],[-89.93779341532627,44.53769632094685],[-89.93778678782071,44.537700485261155],[-89.9377805166316,44.53770019441453],[-89.93776761793261,44.53770406788043],[-89.93776099042259,44.53770823219254],[-89.93774851929848,44.537707722395474],[-89.93774224810312,44.5377074315468],[-89.93691779078051,44.5377368746834],[-89.93655390935066,44.54067186739118],[-89.93867144279751,44.54070564270648],[-89.93870001879435,44.53926909197587],[-89.93870080267426,44.53926025384262],[-89.93870158655416,44.53925134384955],[-89.93870821390173,44.53924717961997],[-89.93870899778148,44.53923826962435],[-89.93871569638956,44.539234105431284],[-89.93871605269847,44.53922965041337],[-89.93872310761415,44.53922103120037],[-89.93872973495802,44.539216866966854],[-89.93873643356247,44.53921270277067],[-89.93874306090403,44.53920853853563],[-89.93875595927518,44.53920466508414],[-89.93876258661336,44.539200500847265],[-89.93876885764199,44.539200791630876],[-89.93878175600449,44.539196918175826],[-89.93878802702997,44.53919720895841],[-89.93880049781626,44.53919779048449],[-89.94356838811966,44.5391286664737],[-89.94359190152632,44.53886625057479],[-89.94258636988381,44.53797670619446]]]}"
2_027c0000000000001f87,4,0.07,"{""type"":""Polygon"",""coordinates"":[[[-89.96154302936866,44.53778716296648],[-89.96112083863203,44.53829938257919],[-89.96111421515728,44.538303548191216],[-89.96110716436033,44.53831216895442],[-89.96110046966304,44.53831633454034],[-89.96025650111304,44.53884521621837],[-89.9600518092304,44.539099380825135],[-89.9600251721409,44.539397367452224],[-89.9601644824897,44.53945274655736],[-89.96017032268753,44.539457491206846],[-89.9601824304119,44.53946252546469],[-89.96018834182888,44.539467270137024],[-89.96019418202309,44.53947194292597],[-89.9602000222164,44.53947668757201],[-89.9602054350777,44.539485887254344],[-89.9602113464911,44.53949063192312],[-89.96021049182899,44.53949947013735],[-89.96021633201981,44.539504214779775],[-89.96021554857963,44.53951312487399],[-89.96021476513943,44.53952203496651],[-89.96020920983577,44.53958426182653],[-89.96136448199839,44.53957409402934],[-89.96178111497417,44.539124114982506],[-89.96178816564709,44.539115494326964],[-89.9617947890053,44.53911132874805],[-89.96180141236238,44.53910716316837],[-89.96180810693717,44.53910299761168],[-89.96182099755131,44.53909912155216],[-89.96182762090385,44.539094955969894],[-89.96184015541736,44.539095535011526],[-89.96238903489268,44.53899087489488],[-89.96257427192855,44.537900828126446],[-89.96154302936866,44.53778716296648]]]}"
2_027c0000000000001f88,4,0.07,"{""type"":""Polygon"",""coordinates"":[[[-89.94581007724337,44.537846268577795],[-89.94541542918853,44.5377702685875],[-89.94462191709911,44.53794407730132],[-89.9446090206999,44.53794802337862],[-89.94460275062579,44.53794773290734],[-89.94459028172537,44.5379471519982],[-89.94458401164819,44.53794686152589],[-89.94407791328902,44.53792383601275],[-89.94407171437992,44.53792361740721],[-89.94405917405501,44.53792303640513],[-89.9440529751429,44.53792274593836],[-89.94404086232322,44.5379177098097],[-89.94403501966767,44.537912964182155],[-89.9440229068423,44.53790799991078],[-89.9440166366724,44.53790770940714],[-89.94401122152482,44.53789850865111],[-89.94400537886474,44.537893763020115],[-89.9439994649518,44.53788901735353],[-89.94399362228994,44.53788434358123],[-89.94398820713911,44.53787514281954],[-89.94398856339906,44.537870687655925],[-89.94398314824753,44.537861486891316],[-89.94398357575952,44.537857103621555],[-89.94395457618533,44.53706094231379],[-89.94395493244558,44.53705648707298],[-89.94395571621814,44.537047576624936],[-89.94395614373043,44.53704319327925],[-89.94396319768265,44.537034573340925],[-89.94396355394282,44.53703011809758],[-89.94397060789366,44.537021498156406],[-89.94397730558318,44.537017333458216],[-89.9439839320195,44.53701316872444],[-89.9439909859666,44.53700454877889],[-89.94399761240058,44.53700038404318],[-89.9440042388334,44.53699621930673],[-89.94401677917627,44.53699680032618],[-89.94402340560578,44.53699263558829],[-89.94403003203415,44.53698847084965],[-89.94404257236859,44.536989051866364],[-89.94405504144704,44.53698963284692],[-89.9440613116107,44.53698992335407],[-89.94449238290349,44.537009463723166],[-89.94455900258018,44.53689638566169],[-89.94435536688387,44.53678892534709],[-89.94286896456003,44.53678388230158],[-89.94276806866647,44.53790903292718],[-89.94377366679878,44.538798648888644],[-89.94377950949414,44.538803322581145],[-89.94378535218861,44.53880806813174],[-89.94378456841258,44.53881697824432],[-89.9437904111063,44.538821723793276],[-89.94378998359215,44.53882617883103],[-89.9437954700233,44.5388353075918],[-89.94379504250922,44.53883976262827],[-89.94379425873338,44.53884867273491],[-89.94376796660731,44.539142202083305],[-89.94474332829125,44.539249026723574],[-89.945029825831,44.539132538528406],[-89.94503645208552,44.53912837392151],[-89.94504307833888,44.53912420931386],[-89.94505561834212,44.539124718335046],[-89.94506224459218,44.53912062558433],[-89.94507478458914,44.53912113460346],[-89.94508725333208,44.53912171544544],[-89.94578706393698,44.539153522575155],[-89.94581007724337,44.537846268577795]]]}"
2_027c0000000000001f8e,4,0.07,"{""type"":""Polygon"",""coordinates"":[[[-89.96434241797189,44.539807159018686],[-89.96433700569514,44.53979795959463],[-89.964337361766,44.53979350454945],[-89.96433778905103,44.53978904952603],[-89.96433857240692,44.539780211313115],[-89.96448256718772,44.5370451407965],[-89.96287616151038,44.536909891070465],[-89.96277396513841,44.53805280549752],[-89.96277318175055,44.538061715885014],[-89.96247827068537,44.53911550676752],[-89.96273735954236,44.5404980545963],[-89.96438073117227,44.54057244532897],[-89.9645059253405,44.54015392014338],[-89.96434241797189,44.539807159018686]]]}"
2_027c0000000000001f90,4,0.07,"{""type"":""Polygon"",""coordinates"":[[[-89.96702545999537,44.53695032466684],[-89.96468289137056,44.53704972998189],[-89.96462449623172,44.537703432025275],[-89.9649244469014,44.537717034001375],[-89.96493690918848,44.53771761269911],[-89.96494274865873,44.537722285420166],[-89.96495528215286,44.53772286413762],[-89.96496112162032,44.537727608717745],[-89.96497358389544,44.537728187411346],[-89.96497942336012,44.53773293199001],[-89.96498533403685,44.53773760472914],[-89.96499736902645,44.537742638640616],[-89.96546509279257,44.53812550799123],[-89.9654709321823,44.53813018064478],[-89.96547677157113,44.53813492515746],[-89.96548261095907,44.53813966966936],[-89.96548809428596,44.53814886938584],[-89.96548766701376,44.538153324569315],[-89.96549315033992,44.538162452423016],[-89.96554776992265,44.53846413556111],[-89.96879653360297,44.53854411140344],[-89.96881597280328,44.53832623887288],[-89.9688168272734,44.5383173285133],[-89.9688171833026,44.53831287331351],[-89.96881796656686,44.53830396293201],[-89.96882465991524,44.53829979689359],[-89.96883170929154,44.5382911756525],[-89.96883206532061,44.53828672045017],[-89.96905728864762,44.53808262772123],[-89.96906433798107,44.53807400642591],[-89.96907103128639,44.538069840352655],[-89.96907765338518,44.538065674259414],[-89.96908427548283,44.53806150816544],[-89.96909096878467,44.53805734208992],[-89.9691034297158,44.53805792033006],[-89.969110051809,44.5380537542339],[-89.96912258393921,44.53805433249119],[-89.96913504486007,44.538054910727936],[-89.96914131092159,44.53805512799536],[-89.97075336358822,44.53812805742184],[-89.97078554698743,44.53776783051411],[-89.97078633021141,44.53775892001556],[-89.97078668622231,44.53775446475657],[-89.97079373523734,44.53774591515489],[-89.97079416245033,44.5377414599128],[-89.97080121146399,44.53773283844777],[-89.9708078332635,44.53772867222452],[-89.97102685041735,44.53752421230978],[-89.97103389938816,44.53751566265136],[-89.97104052114743,44.53751149639536],[-89.97104714290556,44.53750733013861],[-89.97105383586423,44.53750316389909],[-89.97106672336645,44.53749928666634],[-89.97107291791018,44.53749950381265],[-89.97108587660757,44.53749562659541],[-89.9710920711482,44.537495915601575],[-89.97110460262962,44.537496493648824],[-89.97206068560386,44.53746827379886],[-89.97214512848413,44.53736495823436],[-89.97215182125082,44.537360791918005],[-89.97215887001447,44.53735217029941],[-89.97216549157913,44.53734800396382],[-89.97217211314268,44.537343837627475],[-89.97217880590463,44.53733967130767],[-89.97219169302812,44.53733579393477],[-89.97219795858935,44.53733608289939],[-89.97220458014726,44.537331916560106],[-89.97221704006495,44.53733249447036],[-89.97222992717556,44.53732861709258],[-89.97223619273053,44.537328834194],[-89.9722487238374,44.5373294121181],[-89.97225491818985,44.53732970106239],[-89.97273714901108,44.53740958258208],[-89.97276769317712,44.537067099011495],[-89.96702545999537,44.53695032466684]]]}"
2_027c0000000000001f91,4,0.07,"{""type"":""Polygon"",""coordinates"":[[[-89.95363643655188,44.53626795758407],[-89.95361713211574,44.538655960072326],[-89.9540364849663,44.5387374734468],[-89.95404268226466,44.53873776336797],[-89.95405479192523,44.53874272649189],[-89.95406063305425,44.53874747152462],[-89.95407274270917,44.53875250650457],[-89.95407901123491,44.53875279645222],[-89.95408442496088,44.538761996565434],[-89.95434228839045,44.53896567549658],[-89.95520455115417,44.53900474754743],[-89.95521701660329,44.539005327287526],[-89.95522328494191,44.53900561717097],[-89.95523539422949,44.539010580141756],[-89.955241591334,44.539010869996346],[-89.95524743228216,44.53901561494146],[-89.95544730614283,44.53909610245754],[-89.95545314705964,44.53910084738356],[-89.95545898797556,44.53910559230879],[-89.95546482889061,44.53911033723325],[-89.95547066980475,44.539115010298545],[-89.95547651071801,44.53911975522145],[-89.95548242286101,44.539124500171255],[-89.95548783638874,44.53913370014535],[-89.95549367729937,44.5391384450655],[-89.95549332114632,44.539142828286685],[-89.95555343973638,44.53938221116853],[-89.95597832732001,44.539401489380054],[-89.95599079251745,44.53940206903104],[-89.95599706072952,44.53940235886969],[-89.95600952592089,44.53940293851862],[-89.95601543798166,44.539407611554346],[-89.95602747578934,44.53941264622949],[-89.95603374399539,44.53941293606608],[-89.95603958482283,44.53941768093017],[-89.95604542564938,44.53942242579348],[-89.95605133770461,44.539427170683346],[-89.95605675115199,44.53943629871335],[-89.95606259197592,44.539441043573895],[-89.95606843279899,44.53944578843368],[-89.95606764927398,44.53945469851031],[-89.95613845137667,44.539645436034],[-89.95649552276447,44.539791083508135],[-89.95650136352153,44.53979582831047],[-89.95651347240529,44.539800862919954],[-89.95651931315962,44.539805535863046],[-89.95652515391306,44.53981028066271],[-89.95653106589428,44.53981502548861],[-89.9565364792739,44.53982422527784],[-89.95654232002472,44.53982889821743],[-89.95654153650942,44.53983780822459],[-89.95654118036609,44.539842263241034],[-89.95654659374426,44.539851463024455],[-89.95654616637233,44.53985591801261],[-89.95652949886322,44.5400426683334],[-89.95678065039047,44.54025050136662],[-89.95678649110408,44.540255246107975],[-89.9567923318168,44.54025999084857],[-89.95679781638769,44.54026919056509],[-89.95680365709867,44.54027386344707],[-89.95680330095779,44.540278318422935],[-89.95680871429894,44.5402875181085],[-89.95680793078908,44.540296428030416],[-89.95680750342007,44.540300882977306],[-89.95678841426569,44.54051428932872],[-89.95951244017006,44.54057075702478],[-89.95961542869546,44.5394189249003],[-89.95961585603315,44.53941454171702],[-89.95962290710457,44.539405921248346],[-89.95962326321926,44.539401466180784],[-89.9596303142893,44.539392845709244],[-89.95963074162684,44.53938839066549],[-89.95963779269552,44.5393797701911],[-89.9596444164255,44.53937560476013],[-89.95965104015434,44.5393714393284],[-89.95965773510493,44.53936727392099],[-89.95967062644264,44.53936339812551],[-89.95967725016696,44.53935923269118],[-89.95983201707692,44.53931265116105],[-89.95985345505794,44.539072508315705],[-89.95985423850553,44.53906366999879],[-89.95985466584057,44.53905921492294],[-89.95985544928811,44.53905030474503],[-89.95986250031544,44.53904168419465],[-89.95986912400659,44.53903751872064],[-89.96031397702956,44.53855312917288],[-89.96032060064266,44.53854896362935],[-89.96032722425461,44.53854479808505],[-89.96033391908702,44.53854063256466],[-89.96034054269667,44.53853646701886],[-89.96093936925408,44.53822422748559],[-89.96094926890086,44.53811306368026],[-89.9609496962237,44.53810860851003],[-89.96095047964886,44.538099698144045],[-89.96095090697166,44.538095242972545],[-89.96095788657692,44.538086622154864],[-89.96096458129912,44.53808245655687],[-89.96096536472399,44.5380736180458],[-89.96097198822447,44.53806945242197],[-89.96097868294422,44.53806528682163],[-89.9613773727618,44.53781542025992],[-89.96150264796603,44.536414595150006],[-89.95363643655188,44.53626795758407]]]}"
2_027c0000000000001f93,4,0.07,"{""type"":""Polygon"",""coordinates"":[[[-89.96730267630495,44.53595374341472],[-89.96467840491793,44.5359064691246],[-89.9645062814098,44.53684968427562],[-89.96488848427889,44.53692504131988],[-89.96548189883863,44.53681347643043],[-89.96548852155814,44.536809310433284],[-89.96550105487367,44.53680988910218],[-89.96550732152988,44.536810178436106],[-89.96773170606671,44.536839427352135],[-89.96780319869171,44.5360388992557],[-89.96730267630495,44.53595374341472]]]}"
2_027c0000000000001f9b,4,0.07,"{""type"":""Polygon"",""coordinates"":[[[-89.94589336677248,44.533487561042776],[-89.9447884298862,44.5335668782395],[-89.94477596104613,44.533566297296936],[-89.94158950517216,44.533492994382094],[-89.9413302733502,44.53365535295323],[-89.94133077214867,44.536937320691415],[-89.94254290455726,44.53699233408276],[-89.94256242833299,44.53677445889133],[-89.94256285586081,44.536770003663435],[-89.94256991006922,44.536761383760926],[-89.94257026634234,44.536756928496054],[-89.94257732054939,44.53674830859069],[-89.94257774807704,44.536743925222254],[-89.94258480228272,44.53673530531404],[-89.9425914289596,44.536731140635915],[-89.94259805563533,44.53672697595704],[-89.9426046823099,44.53672281127741],[-89.94261757938298,44.53671893718493],[-89.94262427730872,44.53671477253912],[-89.94263717437521,44.53671089844378],[-89.9426433735161,44.53671118899465],[-89.94328601235561,44.53661082995214],[-89.94331308859769,44.53630844616016],[-89.94331394363661,44.53629953560978],[-89.94332092645368,44.53629098740192],[-89.94332135397305,44.53628653212525],[-89.94332213775854,44.53627762153541],[-89.94332883556127,44.53627345680914],[-89.94333546210963,44.53626929204688],[-89.94334251617597,44.536260672004666],[-89.94334914272197,44.53625650724048],[-89.94335576926682,44.53625234247554],[-89.94336246706366,44.536248177745044],[-89.94368132359276,44.53611977219986],[-89.94368802133278,44.53611560743853],[-89.94369422030387,44.53611589793614],[-89.94370711701065,44.53611202367065],[-89.94371338723114,44.53611231420224],[-89.94372001371308,44.536108149403375],[-89.94373255414885,44.53610873046484],[-89.9457565695035,44.536133636675245],[-89.94589336677248,44.533487561042776]]]}"
2_027c0000000000001f9d,4,0.07,"{""type"":""Polygon"",""coordinates"":[[[-89.95343569843462,44.53626780433782],[-89.94949338200223,44.536227400742554],[-89.94948711272664,44.536227110528294],[-89.94947464541417,44.536226530130165],[-89.94946210685582,44.53622594969925],[-89.9494562650261,44.53622120417721],[-89.94944422515472,44.536216240331974],[-89.94943795587109,44.53621595011496],[-89.94943211403769,44.53621120459068],[-89.94942000291684,44.53620616884756],[-89.94941416108071,44.53620142332138],[-89.94940867545328,44.53619229431719],[-89.94940283361541,44.53618754878903],[-89.949403261067,44.53618309347956],[-89.94939777543802,44.5361738926084],[-89.94939820288964,44.53616943729762],[-89.94939271725994,44.536160308286476],[-89.94939357216332,44.53615139766199],[-89.94954317996175,44.533430007581046],[-89.9461011266915,44.53347910676532],[-89.94600821910275,44.53780612029387],[-89.94960672747855,44.53839363317947],[-89.95341219106326,44.538633241326515],[-89.95343569843462,44.53626780433782]]]}"
2_027c0000000000001f9f,4,0.07,"{""type"":""Polygon"",""coordinates"":[[[-89.94974393846164,44.53343016765835],[-89.94960024449678,44.53608487175555],[-89.95576698818363,44.53615468149914],[-89.95600411246684,44.533504249527816],[-89.94974393846164,44.53343016765835]]]}"
2_027c0000000000001fa2,4,0.07,"{""type"":""Polygon"",""coordinates"":[[[-89.95620483713282,44.533504398274346],[-89.95596728671315,44.536159285994465],[-89.96229046933813,44.53630289512244],[-89.96257690697412,44.53618635570237],[-89.96258979732954,44.536182479315094],[-89.96259649176658,44.536178313452524],[-89.9626089548111,44.53617889242248],[-89.96261564924478,44.536174726558464],[-89.96262811228307,44.536175305526385],[-89.96263437940937,44.53617559502144],[-89.9633716142024,44.53620896179753],[-89.96380531699066,44.53556779116739],[-89.963995674644,44.5334376151898],[-89.95620483713282,44.533504398274346]]]}"
2_027c0000000000001fa5,4,0.07,"{""type"":""Polygon"",""coordinates"":[[[-89.96976477891599,44.533390556469314],[-89.96945753208117,44.5333186077809],[-89.96765173955612,44.53337977439553],[-89.96763920694447,44.53337926778719],[-89.96763301184517,44.53337897856902],[-89.96613989247213,44.53323991516159],[-89.96501146918693,44.53337195577056],[-89.9655493365849,44.533811512663846],[-89.96555517596177,44.533816257608976],[-89.96556101533776,44.53382100255332],[-89.96556685471285,44.53382574749688],[-89.9655660713821,44.53383465870624],[-89.96557191075642,44.533839331781685],[-89.96557112742578,44.533848242988505],[-89.96557077136639,44.53385269860197],[-89.96561933783687,44.534502309574414],[-89.96561855450717,44.534511220655695],[-89.96561819844823,44.53451567620636],[-89.96561114848033,44.53452429794319],[-89.9656107212095,44.53452875347123],[-89.96548531701659,44.53480884634469],[-89.96548453368418,44.53481775736683],[-89.96547791096397,44.53482185167564],[-89.96547086097023,44.53483047334756],[-89.96546423824766,44.53483463951943],[-89.96545754431185,44.53483880566908],[-89.96545049431437,44.53484742733663],[-89.96544387158828,44.53485159350581],[-89.96543724886104,44.53485575967424],[-89.96542471552463,44.53485518097443],[-89.96541809279408,44.53485934714143],[-89.9654056306636,44.53485876846106],[-89.9653926700436,44.53486271711826],[-89.96467491545441,44.534892681384996],[-89.9645982183902,44.5357510037861],[-89.96539722762476,44.53572465829313],[-89.96540349429797,44.53572494763939],[-89.96540976097015,44.53572523698531],[-89.96751558960084,44.53588747414485],[-89.96756009473884,44.53538939929509],[-89.96756052198792,44.535384943841414],[-89.96756130527788,44.53537603291265],[-89.96756792763779,44.535371866667525],[-89.96756835488678,44.53536748307629],[-89.96757540449437,44.5353588613738],[-89.96780070642117,44.535083253206324],[-89.96780775598599,44.53507463143729],[-89.96781437830326,44.535070465151136],[-89.9678210718271,44.53506629888422],[-89.96782769414207,44.535062132596565],[-89.9678343164559,44.53505796630814],[-89.96784100997625,44.53505387190357],[-89.96785389856001,44.53504992296532],[-89.96786009362359,44.53505021216131],[-89.96786678713943,44.53504604588992],[-89.96787924846898,44.535046624300165],[-89.96788551473603,44.53504691351473],[-89.96970959571479,44.535062429838085],[-89.96976477891599,44.533390556469314]]]}"
2_027c0000000000001fab,4,0.07,"{""type"":""Polygon"",""coordinates"":[[[-89.96610407341271,44.53237655363406],[-89.96449830545686,44.53237534877827],[-89.96449203863554,44.53237505936196],[-89.96447957620371,44.53237448055038],[-89.96447373666284,44.53236973540474],[-89.96446120301113,44.532369156569025],[-89.96445536346745,44.53236448329065],[-89.9644429010237,44.532363904474956],[-89.96443706147723,44.532359159326376],[-89.96443115071587,44.53235441415493],[-89.9644253111676,44.532349740873556],[-89.9643781674649,44.53231630724683],[-89.96423203586059,44.53310896797993],[-89.96436470799834,44.53316851563863],[-89.96437724168163,44.53316909447512],[-89.96438308123723,44.53317383954491],[-89.96438892079193,44.5331785846139],[-89.96439440427541,44.533187713487536],[-89.96440024382838,44.53319245855456],[-89.96440608338047,44.5331972036208],[-89.96441149564745,44.533206404335345],[-89.96441113957727,44.53321078813865],[-89.96441655184354,44.533219988850284],[-89.96441619577341,44.53322444451977],[-89.96441541241913,44.53323335583534],[-89.96440266510618,44.53337564911863],[-89.96454010797743,44.53338187230406],[-89.96462421137716,44.53328300895752],[-89.96463090545863,44.53327884271845],[-89.96463795560699,44.5332702208132],[-89.96464457847243,44.53326605455022],[-89.96465120133674,44.533261888286475],[-89.96466409099412,44.533258011423825],[-89.9646707850686,44.5332538451802],[-89.96468367471938,44.53324996831468],[-89.96468987029583,44.5332502576932],[-89.96470275994018,44.533246380825226],[-89.96634547755887,44.53311528562293],[-89.96640543670084,44.53244376770082],[-89.96610407341271,44.53237655363406]]]}"
2_027c0000000000001faf,4,0.07,"{""type"":""Polygon"",""coordinates"":[[[-89.94680241497944,44.53027376862109],[-89.94684309685884,44.5306595943963],[-89.9472813327218,44.53080900147019],[-89.94729387199324,44.53080958220634],[-89.9472997141524,44.53081432838551],[-89.94730555631065,44.530819002692795],[-89.94731139846803,44.53082374887042],[-89.94732351025486,44.530828785413405],[-89.94732892493481,44.53083791552752],[-89.9473285687059,44.53084237136931],[-89.94733441085977,44.530847117543395],[-89.94733982553817,44.53085631952446],[-89.94733946930934,44.53086077536454],[-89.94733861436016,44.53086961510694],[-89.94733783065674,44.53087852675141],[-89.94725454426455,44.531807986863484],[-89.9472537605594,44.53181689832922],[-89.94725340432979,44.5318212822083],[-89.94725254937869,44.53183019363871],[-89.94724592350704,44.53183435902216],[-89.94723887015854,44.53184298011859],[-89.9472385139288,44.5318474358647],[-89.94723181680875,44.53185160121299],[-89.94722519093352,44.531855766593345],[-89.94721186793363,44.531864097318966],[-89.94720566953103,44.53186380698585],[-89.94719904365128,44.5318679723636],[-89.9471861481186,44.53187184737363],[-89.94717987846579,44.531871557006326],[-89.94716698292666,44.53187543201391],[-89.94716071327072,44.53187514164559],[-89.94714824520186,44.53187456094074],[-89.946685926347,44.5318535765244],[-89.94650609855246,44.5319704242673],[-89.94649940130454,44.5319745895618],[-89.94648650553658,44.53197846448415],[-89.94647987953259,44.53198262981005],[-89.9464674112424,44.53198212090167],[-89.9464607139877,44.53198628619286],[-89.94644824569127,44.53198570541313],[-89.94592414609076,44.53202441246694],[-89.94590775895678,44.532206736647645],[-89.94604669313154,44.532266597077104],[-89.94605916155851,44.53226717789714],[-89.94606500390573,44.532271923991985],[-89.94607091750022,44.532276670119586],[-89.94607633235701,44.53228580001132],[-89.94608217470163,44.53229054610341],[-89.94608801704537,44.53229529219473],[-89.94609350314782,44.53230449398436],[-89.94609307565935,44.53230887778072],[-89.94609856176109,44.532318079567446],[-89.94609813427267,44.53232253523135],[-89.94609735054388,44.53233144659138],[-89.94600807660629,44.53332756705382],[-89.94833753822995,44.5333038465964],[-89.94839610067909,44.53265009173283],[-89.9483964568981,44.532645636059264],[-89.9483972405799,44.53263679661125],[-89.94839766804269,44.53263234096849],[-89.94840472117804,44.532623719945576],[-89.94841134684948,44.532619554565095],[-89.94841839998232,44.532610933538976],[-89.94842502565139,44.53260676815656],[-89.94843172256306,44.532602602805454],[-89.9484383482298,44.53259843742152],[-89.94844497389543,44.53259427203685],[-89.94845786900481,44.53259039694466],[-89.94860634055951,44.53254353354651],[-89.94862785606341,44.532303430088604],[-89.94852790148444,44.53229885750498],[-89.94851543386008,44.5322983488231],[-89.94850959188614,44.53229360285588],[-89.94849705301223,44.532293022271084],[-89.94849085481735,44.53229273201019],[-89.9484787433992,44.53228769574755],[-89.94847290141966,44.53228302164624],[-89.94846705943924,44.53227827567531],[-89.94846114621423,44.53227352967157],[-89.9484491060304,44.53226849343578],[-89.9484494622489,44.53226403772582],[-89.9484440477272,44.532254907941905],[-89.94843820574236,44.53225016196667],[-89.94843236375665,44.53224541599065],[-89.94843314743773,44.53223650459809],[-89.94843350365637,44.532232120754074],[-89.94843435858115,44.53222320939104],[-89.94843514226217,44.532214297994244],[-89.94862472135499,44.53121826886968],[-89.94862550503211,44.531209357280794],[-89.94862593249236,44.531204901501674],[-89.94863298558573,44.53119628020242],[-89.94863334180253,44.531191824390106],[-89.94864039489454,44.53118327495852],[-89.94864702052526,44.53117910943648],[-89.94865371739814,44.53117494394559],[-89.94866034302656,44.531170778422016],[-89.94866696865382,44.53116661289771],[-89.94867986368855,44.531162737662456],[-89.94868648931244,44.53115857213629],[-89.94869902812441,44.53115915271423],[-89.94870565374498,44.53115498718664],[-89.94871812130748,44.53115549586007],[-89.94872439070882,44.531155786147494],[-89.9487369295084,44.53115636672131],[-89.94874312766349,44.53115665697584],[-89.94875566645695,44.5311572375476],[-89.94913033226277,44.53124566143965],[-89.9499860156239,44.53121750547867],[-89.95050371936384,44.53083020300162],[-89.95051034467257,44.53082603734028],[-89.95051696998017,44.53082187167819],[-89.95052359528661,44.53081770601535],[-89.95053648969696,44.530813830542016],[-89.95089126237993,44.53070495452625],[-89.95091918812241,44.53039361913202],[-89.94680241497944,44.53027376862109]]]}"
2_027c0000000000001fb1,4,0.07,"{""type"":""Polygon"",""coordinates"":[[[-89.9534273640046,44.533137355145094],[-89.95342152277908,44.53313260951313],[-89.95341561031817,44.53312786385144],[-89.95341019649776,44.53311873446997],[-89.95341055267018,44.533114278825074],[-89.95341140748397,44.53310536759193],[-89.95341219106326,44.53309645632813],[-89.95341254723566,44.533092000681116],[-89.95360502231689,44.53199342570204],[-89.95346568812077,44.531937957952984],[-89.95345984690108,44.53193321220177],[-89.9534540056805,44.53192853831919],[-89.95344189583011,44.53192350254242],[-89.9534360546068,44.53191875678854],[-89.95343021338259,44.531914011033884],[-89.95342472832978,44.53190488138814],[-89.95342515573651,44.53190042565692],[-89.95341967068298,44.53189122413883],[-89.95342009808978,44.531886768406345],[-89.95341461303552,44.53187763875481],[-89.95341504044238,44.53187318302104],[-89.95357026004953,44.53013878782701],[-89.95324350744234,44.53007490436006],[-89.9531546063164,44.530227165069284],[-89.95315382273184,44.530236005004035],[-89.95314719787993,44.53024017087087],[-89.95314057302687,44.53024433673696],[-89.95313387693767,44.53024850257316],[-89.95312682467225,44.53025712432423],[-89.95312019981569,44.53026129018763],[-89.95311357495797,44.53026545605028],[-89.95310103758968,44.530264875944944],[-89.95309441272865,44.53026904180617],[-89.9530819465892,44.53026846172794],[-89.95307532172487,44.530272627587735],[-89.95306278434407,44.53027211935024],[-89.95305651565214,44.530271829295],[-89.95158840250994,44.530205240067836],[-89.95129596994005,44.53038838948977],[-89.95128934476706,44.53039255523547],[-89.95128271959294,44.53039672098042],[-89.95126982543357,44.530400596572335],[-89.95126355644844,44.5304003064197],[-89.95125066228262,44.53040418200916],[-89.95124439329436,44.53040389185549],[-89.95123192655329,44.530403383449176],[-89.95122565756198,44.530403093294474],[-89.951125709755,44.53039852279606],[-89.95109343859703,44.5307587287849],[-89.95109265497034,44.530767640476455],[-89.95108602976222,44.53077180617671],[-89.95108524613538,44.53078071786573],[-89.95107819349307,44.53078933939263],[-89.95107156828247,44.530793505090124],[-89.95107114084949,44.530797889046404],[-89.95106408820459,44.530806510569285],[-89.9510511939717,44.53081038610268],[-89.95104456875642,44.53081455179674],[-89.949807200681,44.531392503469604],[-89.9495709642029,44.531859553822784],[-89.9495701805451,44.53186839342531],[-89.94956348383226,44.531872558908276],[-89.94955643091005,44.5318811801407],[-89.94955607470182,44.5318856358905],[-89.94954937798651,44.53188980137111],[-89.94953655448589,44.53189367667561],[-89.94952985776719,44.53189784215436],[-89.94952323228902,44.53190200766374],[-89.94951660680971,44.53190617317235],[-89.94950406826509,44.53190559269313],[-89.94949744278247,44.53190975820031],[-89.94914864156466,44.53195200690601],[-89.94903287248529,44.53226372370981],[-89.9490325162722,44.532268179421635],[-89.94902546325231,44.532276800548615],[-89.94901883768699,44.53228096599511],[-89.94901798277525,44.532289877351594],[-89.94901135720865,44.5322940427965],[-89.94900473164088,44.53229820824066],[-89.94899183671541,44.532302083418635],[-89.94898521114428,44.53230624886095],[-89.94897851432928,44.53231041427078],[-89.948965619395,44.5323142894448],[-89.94895942127586,44.53231399920941],[-89.94894688254904,44.53231341867414],[-89.94894025697013,44.53231758411284],[-89.94892778947987,44.53231700360726],[-89.94882776443971,44.53231250312387],[-89.94880233068064,44.53259709136374],[-89.94880147576407,44.53260600265857],[-89.94880111954883,44.53261045833718],[-89.94879406648639,44.532619079387],[-89.9487932828127,44.53262791884111],[-89.94878658596419,44.53263208421114],[-89.94877996035758,44.532636249612246],[-89.94877290729124,44.53264487065602],[-89.94876628168228,44.532649036055204],[-89.94875965607218,44.532653201453634],[-89.94875295921779,44.53265736681945],[-89.94874006420764,44.53266124193936],[-89.94859202063134,44.53270364975663],[-89.94854464371646,44.53323286296936],[-89.9512561476465,44.53335586336103],[-89.95360466614628,44.533328450600365],[-89.9534273640046,44.533137355145094]]]}"
2_027c0000000000001fb6,4,0.07,"{""type"":""Polygon"",""coordinates"":[[[-89.96419642866006,44.530347938335694],[-89.96195346438452,44.5303178200944],[-89.96194100112673,44.53031724098131],[-89.96193516119882,44.53031249549842],[-89.96192262671642,44.530311916359615],[-89.96191643069234,44.530311698685246],[-89.96190432351598,44.53030666362992],[-89.96189848358247,44.53030191814408],[-89.96188637640044,44.530296883085825],[-89.96188053646421,44.530292209469984],[-89.96187469652708,44.53028746398148],[-89.9618687853703,44.5302827184685],[-89.96186294543139,44.530277972978425],[-89.96186337274402,44.53027351706098],[-89.9618578888982,44.53026438749965],[-89.96185204895762,44.530259642007174],[-89.96185283236434,44.53025073014475],[-89.96179956067127,44.529864327110786],[-89.96147985773764,44.52979184437926],[-89.95916821717691,44.52975855765071],[-89.95916194948356,44.529758267926624],[-89.95914948531761,44.52975768850281],[-89.95914364496416,44.529752942821084],[-89.9591311095684,44.52975236336981],[-89.95912526921215,44.52974768955933],[-89.95911280503427,44.529747110131396],[-89.95910696467524,44.52974236444672],[-89.9591010530914,44.52973761873586],[-89.95909521273059,44.529732873049625],[-89.95908979971244,44.5297237432762],[-89.95887812161378,44.529495327163936],[-89.95863930571967,44.52964078407428],[-89.95863268181593,44.52964495031159],[-89.95862598668624,44.52964911652245],[-89.95861936278018,44.529653282758254],[-89.95861309499706,44.52965299300348],[-89.95860020330353,44.52965686948273],[-89.95859393551727,44.529656579726925],[-89.95777533957555,44.52976236529987],[-89.95776871552243,44.52976653147636],[-89.95775617967688,44.52976602374742],[-89.95623838611391,44.52976416053365],[-89.95611131296042,44.533357250551866],[-89.96400877816632,44.533290866478595],[-89.96433244798781,44.53079164339853],[-89.96419642866006,44.530347938335694]]]}"
2_027c0000000000001fb8,4,0.07,"{""type"":""Polygon"",""coordinates"":[[[-89.96840269185506,44.529676522011016],[-89.96737217589222,44.529696860766734],[-89.96735964318908,44.529696282215525],[-89.96734718169043,44.52969577555604],[-89.96734091533528,44.52969548627924],[-89.96732880987356,44.529690451731234],[-89.96732254351542,44.529690162453385],[-89.96731670440805,44.52968541718142],[-89.96730459893868,44.52968045450262],[-89.96729875982855,44.52967570922875],[-89.96729292071755,44.529670963954096],[-89.96728708160565,44.52966621867868],[-89.96728124249286,44.52966147340248],[-89.96727533217047,44.52965679997805],[-89.9672699203082,44.52964759870309],[-89.96727027635178,44.52964314268514],[-89.96726486448881,44.529633941407276],[-89.96726522053247,44.52962955726096],[-89.96726607503717,44.5296206452619],[-89.96729940070654,44.52924705777161],[-89.9670167724752,44.52918070936096],[-89.9668940788446,44.529219845085144],[-89.96673378610924,44.52989123656037],[-89.96673300280237,44.529900148524725],[-89.96673257554406,44.52990460449593],[-89.9667255257813,44.5299132271486],[-89.9667189032757,44.52991739382971],[-89.96671811996853,44.52992623391655],[-89.96671149746165,44.52993040059609],[-89.96670480374387,44.52993456725419],[-89.96669191477332,44.529938444621386],[-89.96668529226191,44.52994261129832],[-89.96667866974937,44.529946777974516],[-89.96652393050104,44.529993378068085],[-89.96648583307521,44.53042028683637],[-89.96665004339161,44.53054826620898],[-89.96665588260066,44.53055301142775],[-89.9666612945497,44.53056221255426],[-89.96666720496687,44.53056688592027],[-89.96666635044878,44.530575797735196],[-89.96667226086517,44.53058054297106],[-89.96667140634719,44.530589454783424],[-89.96667105029802,44.53059391070968],[-89.96667026698985,44.530602750668784],[-89.96665752042742,44.5307450521797],[-89.96710108406312,44.530765160559994],[-89.96718518183876,44.53066628981818],[-89.9671922315169,44.53065766727555],[-89.96719265877007,44.53065321137409],[-89.96720554757208,44.53064933400961],[-89.9672121699935,44.53064516736532],[-89.9672188636226,44.530641000740644],[-89.96722548604173,44.53063683409485],[-89.96723837483266,44.53063295672531],[-89.96724499724843,44.53062879007768],[-89.96725752998908,44.53062936863001],[-89.96726999151691,44.53062994716064],[-89.96727625788367,44.53063016456422],[-89.9674074240978,44.530636167266046],[-89.96749750269798,44.53047052902311],[-89.96750412506891,44.530466362346054],[-89.96750455231862,44.530461906425266],[-89.96751160193796,44.5304532838254],[-89.96751822430645,44.530449117146],[-89.96752484667381,44.53044495046584],[-89.96753154024825,44.530440783805105],[-89.96754442893618,44.53043690638491],[-89.967551051299,44.53043273970215],[-89.96755767366068,44.53042857301863],[-89.96757020629899,44.53042915153921],[-89.96757647261661,44.530429440798976],[-89.96758936128941,44.53042556337279],[-89.96760182270927,44.530426141869796],[-89.96790175005951,44.53043973814172],[-89.96790794511534,44.53043995549166],[-89.96792005039396,44.53044498989814],[-89.96792631665434,44.530445279138675],[-89.96793877796452,44.53044585759877],[-89.9679446881845,44.530450602782125],[-89.96795672224407,44.530455565292016],[-89.96796263246128,44.53046031047346],[-89.96796847147017,44.530465055634224],[-89.96797431047816,44.53046980079421],[-89.96798014948526,44.53047454595341],[-89.96798563245453,44.53048367518106],[-89.96799147145991,44.530488420338294],[-89.96799104421565,44.53049287625839],[-89.96805719581268,44.53066552998135],[-89.96838204193189,44.530680209939774],[-89.96838837932329,44.53060905903357],[-89.9683954287799,44.53060043640629],[-89.96839628325941,44.530591596454485],[-89.96839663929254,44.5305871405226],[-89.96840368874763,44.530578517890774],[-89.96840411598728,44.53057406197725],[-89.96841109423441,44.530565439322935],[-89.96841778765393,44.53056127262108],[-89.9684244098657,44.53055710589883],[-89.96843729825308,44.530553228387745],[-89.96844392046148,44.53054906166365],[-89.96845061387526,44.53054489495841],[-89.96860527413158,44.53049829278928],[-89.96862556790336,44.53027154292558],[-89.96840269185506,44.529676522011016]]]}"
2_027c0000000000001fba,4,0.07,"{""type"":""Polygon"",""coordinates"":[[[-89.95587105522453,44.531555844014164],[-89.955871482604,44.53155146011056],[-89.956166230838,44.52825614741792],[-89.9555915480355,44.52823012303948],[-89.95481861884319,44.5285255139917],[-89.95456367914424,44.52920153274555],[-89.9545628955885,44.52921044475676],[-89.95455627098012,44.52921461079625],[-89.95455548742422,44.52922352280492],[-89.95454879158218,44.529227688814586],[-89.95454173957708,44.52923631084047],[-89.95453511496504,44.529240476876446],[-89.95452849035186,44.52924464291167],[-89.95451559728421,44.52924851896456],[-89.95424206377739,44.529361107589864],[-89.95411256207687,44.52975707616547],[-89.95410586615746,44.529761242101834],[-89.95410508259235,44.5297701540036],[-89.95409845790485,44.52977431996689],[-89.95409767433958,44.52978323186613],[-89.95409097841758,44.5297873977993],[-89.95378595656007,44.530041416291695],[-89.95362518156816,44.53183805218778],[-89.95376451518452,44.53189344799126],[-89.95377035635778,44.531898193730946],[-89.9537824661044,44.531903229475695],[-89.95378830727492,44.53190797521348],[-89.95379414844457,44.531912649081065],[-89.95379998961332,44.531917394817306],[-89.95380547461242,44.53192659631206],[-89.95380504720993,44.53193105204223],[-89.95381053220831,44.5319401816647],[-89.95381010480587,44.53194463739359],[-89.95381558980354,44.531953838882536],[-89.95381516240114,44.531958294610156],[-89.9538143788301,44.53196720609283],[-89.95361406904934,44.53308331457261],[-89.9538429435464,44.53333034349385],[-89.95590439080827,44.53335681178812],[-89.95587105522453,44.531555844014164]]]}"
2_027c0000000000001fc3,4,0.07,"{""type"":""Polygon"",""coordinates"":[[[-89.94574032479541,44.529595944813835],[-89.94573483864242,44.52958681434951],[-89.9457352661349,44.52958235842731],[-89.9458675748247,44.52810591113086],[-89.94571004407115,44.5279737297365],[-89.94570420166984,44.527969055064716],[-89.94569835926764,44.5279643085167],[-89.94569287310865,44.527955105857664],[-89.94568703070473,44.52795035930767],[-89.94568745819772,44.52794597510581],[-89.94568197203719,44.52793677244266],[-89.94568275577446,44.52792786025123],[-89.9456831832675,44.527923404171766],[-89.94570869034409,44.52763878833334],[-89.9439972561407,44.52762804593672],[-89.94398435953148,44.52763192093637],[-89.94397851686732,44.52762724614255],[-89.94396597651195,44.527626665004185],[-89.94395977758477,44.52762637446932],[-89.94394766473566,44.52762133722734],[-89.9439418220659,44.527616590554594],[-89.94393555188273,44.52761629998351],[-89.94392970921113,44.527611625185656],[-89.94391759635252,44.5276065879389],[-89.94391218119097,44.527597385159446],[-89.94391253745162,44.527592929020436],[-89.94390669477652,44.52758825421908],[-89.94390127961343,44.527579051435524],[-89.94390170712633,44.52757459532969],[-89.94389622071037,44.5275654643844],[-89.94389664822333,44.5275610082773],[-89.94389743199707,44.52755209602695],[-89.94396718779645,44.526773849424956],[-89.94383145244191,44.526258707574996],[-89.94038959913536,44.52616927772918],[-89.93885921734983,44.52623812144283],[-89.9388129685985,44.52675396301511],[-89.93952536421314,44.52685331608348],[-89.9395316351171,44.526853606900886],[-89.93954410566175,44.52685418849706],[-89.93954994900126,44.52685893547114],[-89.9395620632389,44.52686390138298],[-89.93956790657568,44.526868648355155],[-89.93957374991157,44.52687339532655],[-89.93958586414169,44.526878433111456],[-89.93959170747485,44.52688310820385],[-89.93959755080712,44.52688785517257],[-89.9395971945064,44.52689231136483],[-89.93966802702502,44.52701159262262],[-89.94031784158427,44.52717954951751],[-89.9403303118734,44.52718013102403],[-89.94033615509318,44.527184877925066],[-89.94034199831209,44.527189624825326],[-89.94035411229966,44.52719459061843],[-89.94035995551582,44.52719933751679],[-89.94036579873111,44.52720408441437],[-89.94037164194549,44.52720883131119],[-89.94037748515899,44.527213578207224],[-89.94038297207818,44.527222709389264],[-89.94038254452606,44.52722716551518],[-89.94046335179134,44.52744513681361],[-89.94046883869824,44.52745433982277],[-89.94046798359592,44.527463252030834],[-89.94046762730328,44.52746770817126],[-89.94046684345945,44.52747654853759],[-89.94028349482414,44.528401490739036],[-89.94028271097656,44.528410330928274],[-89.94027608390091,44.528414496211504],[-89.94027522879429,44.52842340823585],[-89.94026860171735,44.52842757351748],[-89.9402615470858,44.52843619480907],[-89.9402549200065,44.528440360088766],[-89.94024829292604,44.528444525367725],[-89.9402415945855,44.52844869060876],[-89.94023496750276,44.52845285588621],[-89.94022834041887,44.52845702116289],[-89.94021544254264,44.52846089566907],[-89.9402091717504,44.528460604898974],[-89.94019627386771,44.5284644794027],[-89.94018380353505,44.5284638978973],[-89.94017753273765,44.528463607125495],[-89.94001513298001,44.52845626289698],[-89.93975596178072,44.5286185634968],[-89.93973914445242,44.52880535598397],[-89.93973878815302,44.5288098119947],[-89.93973800429431,44.5288187239774],[-89.9397371491757,44.52882763592094],[-89.93973052200582,44.5288318011355],[-89.93972346727534,44.52884035044548],[-89.93971684010312,44.52884451565811],[-89.93971641254356,44.52884897162756],[-89.9397035857552,44.52885284608111],[-89.93969688731957,44.52885701125398],[-89.93969026014274,44.528861176463586],[-89.93967736208565,44.52886505087569],[-89.9393226281859,44.52897396833299],[-89.93930182006906,44.529205175105034],[-89.9394486880771,44.52959588393267],[-89.93969303928155,44.529669466875326],[-89.93970508221406,44.5296745043105],[-89.93971135308867,44.52967479510078],[-89.93972346727534,44.529679832570935],[-89.93972931058755,44.52968457925038],[-89.93973515389887,44.52968925405622],[-89.93974056965003,44.52969845662303],[-89.9397464842195,44.52970320333717],[-89.9397523275282,44.529707950013076],[-89.93975774327693,44.52971708070263],[-89.93975738697769,44.52972153662688],[-89.93975653185952,44.52973044839919],[-89.93975574800118,44.529739360207245],[-89.93969695857953,44.531513761732135],[-89.93986641438929,44.53172241710285],[-89.93987225767972,44.5317271635686],[-89.93987767341154,44.5317362938599],[-89.93987731711341,44.53174074959286],[-89.9398827328445,44.53174995175094],[-89.93988237654644,44.531754407482616],[-89.93988159269065,44.53176331890732],[-89.93988073757525,44.53177215842334],[-89.93987411043017,44.53177632338475],[-89.93976394288309,44.532025868052955],[-89.9404835892103,44.53267471566339],[-89.94048900485582,44.53268391760981],[-89.94048857730489,44.53268837321775],[-89.94049449175907,44.532693119591165],[-89.94049990740304,44.53270224966526],[-89.94073769617533,44.5333381865337],[-89.94107082600446,44.53354087971721],[-89.94128324375004,44.533550547041564],[-89.9414682977681,44.53337586106971],[-89.94147492463782,44.53337169615793],[-89.94148155150641,44.53336753124542],[-89.94149444895704,44.533363657002134],[-89.94150114707885,44.53335949212414],[-89.94150777394292,44.53335532720901],[-89.94151440080583,44.53335116229314],[-89.94152687070604,44.5333517435937],[-89.94153356882221,44.53334757871275],[-89.9415460387162,44.53334816001127],[-89.94155230928995,44.53334845067819],[-89.94468248024181,44.5334192123459],[-89.9447530896204,44.532632079393125],[-89.94476014342605,44.532623458595104],[-89.94476092718216,44.532614547299794],[-89.94476128343493,44.53261009163433],[-89.94476833723907,44.53260147083177],[-89.94476876474232,44.53259708706774],[-89.94477539104193,44.53259292189556],[-89.94478244484348,44.53258430108896],[-89.94478907114073,44.53258013591484],[-89.94479569743683,44.53257597073997],[-89.94480859377327,44.5325720960576],[-89.94481529131646,44.53256793091519],[-89.94482149010538,44.53256822137347],[-89.94483438643316,44.53256434668754],[-89.94484065646941,44.53256456531068],[-89.94485312528845,44.53256514625846],[-89.94486602160556,44.532561271568724],[-89.9449659857289,44.53256584732518],[-89.94498550827142,44.53234795116494],[-89.94377323928444,44.53222590449168],[-89.9437669690737,44.53222561393959],[-89.94375492741615,44.53222057720502],[-89.94374238698767,44.53221999609839],[-89.94373654428665,44.53221532174879],[-89.94373070158474,44.53221057552947],[-89.94371858866329,44.53220553875449],[-89.94371274595865,44.53220079253326],[-89.9437069032531,44.532196046311256],[-89.94370106054667,44.53219137195746],[-89.94369521783935,44.5321866257339],[-89.94368973139386,44.53217742380643],[-89.94369015890912,44.53217296813787],[-89.94369094268708,44.53216412863349],[-89.94361705373022,44.53179906809973],[-89.94361748124629,44.53179461239553],[-89.94361826502575,44.531785700950806],[-89.94361862128913,44.53178124521028],[-89.94361940506855,44.53177240563262],[-89.94362610281937,44.53176824048885],[-89.94362688659865,44.53175932903905],[-89.94363351309552,44.531755163858634],[-89.94364056710705,44.53174654296861],[-89.94364719360155,44.53174237778627],[-89.94365389134754,44.531738212638196],[-89.94407962333273,44.53146732794573],[-89.94408624975138,44.53146316271314],[-89.94409914632635,44.531459288018745],[-89.94410541648278,44.53145957855733],[-89.9441183130513,44.53145570386049],[-89.94412493946328,44.53145153862463],[-89.94413740851498,44.53145211966401],[-89.94414367866516,44.531452410200565],[-89.94415621896242,44.53145291940249],[-89.94496213821935,44.531489531788765],[-89.94496833698454,44.53148982224568],[-89.94498087701221,44.53149040322691],[-89.94498707577439,44.53149069368281],[-89.94499918829526,44.53149573040021],[-89.94500503080397,44.531500404757026],[-89.94501757081966,44.531500985734105],[-89.94502341332556,44.53150573195949],[-89.94502925583056,44.53151047818411],[-89.94503467083442,44.53151960827401],[-89.94504051333772,44.531524354496646],[-89.94504635584012,44.53152910071851],[-89.94505184209157,44.53153830270813],[-89.9450514145915,44.531542758442086],[-89.94505063084132,44.531551598072916],[-89.94505647334219,44.53155634429151],[-89.94505568959214,44.53156525578977],[-89.94504136833812,44.53172530301718],[-89.94536106590483,44.53179790048067],[-89.94537353455469,44.531798481381145],[-89.94537937700638,44.53180322755832],[-89.94539148940338,44.53180819233114],[-89.94539733185232,44.53181293850641],[-89.94540317430037,44.53181768468092],[-89.94540901674755,44.53182243085464],[-89.94541485919382,44.53182710515805],[-89.94542070163921,44.53183185133022],[-89.94542618783711,44.53184105324261],[-89.9454254040946,44.53184996468938],[-89.94543124653838,44.5318546389892],[-89.94548532472578,44.532160755936225],[-89.94571025781752,44.532170996241355],[-89.94588324949116,44.53024099590561],[-89.94574032479541,44.529595944813835]]]}"
2_027c0000000000001fc4,4,0.07,"{""type"":""Polygon"",""coordinates"":[[[-89.96924284945746,44.526870319378915],[-89.9689654335778,44.526955993950416],[-89.9689588114596,44.526960161023716],[-89.96894635048139,44.526959582631925],[-89.96894008438797,44.52695929342587],[-89.96892719616983,44.52696317129067],[-89.96892093007327,44.52696288208359],[-89.96831496520802,44.52693547476397],[-89.96830243281346,44.52693496815917],[-89.96829659385551,44.526930222658756],[-89.96828413266178,44.526929644194546],[-89.96827829370103,44.526924898692656],[-89.96826576129446,44.526924320206675],[-89.96825992233093,44.52691964658038],[-89.96825408336647,44.52691490107626],[-89.96824824440115,44.52691015557136],[-89.96824240543494,44.52690541006567],[-89.96823692250243,44.52689628015462],[-89.96823108353449,44.526891534646964],[-89.96822524456566,44.52688678913854],[-89.96822602784201,44.52687787659186],[-89.9682201888724,44.52687313108179],[-89.96822097214887,44.526864290409726],[-89.96822175542532,44.526855377858816],[-89.96824083888286,44.52664190747181],[-89.9681033380861,44.52663568782102],[-89.96790623613452,44.52687685308312],[-89.96789954262559,44.526881020082214],[-89.96789292032304,44.526885115223365],[-89.9678858707739,44.526893738502224],[-89.96787924846898,44.526897905518595],[-89.96787262616292,44.526902072534206],[-89.96785973758547,44.52690595028357],[-89.96785347131421,44.52690566101772],[-89.9678405827303,44.52690953876464],[-89.9678343164559,44.52690932137485],[-89.96782142786557,44.52691319911931],[-89.96780896651718,44.526912620603184],[-89.96737160622399,44.5268928025979],[-89.96728750885777,44.526991681425606],[-89.96728088644936,44.526995848398656],[-89.96727383678754,44.527004471619456],[-89.96726721437678,44.52700863859057],[-89.96726059196487,44.52701280556094],[-89.96725389834306,44.52701697251021],[-89.96724727592886,44.527021139479075],[-89.96723474318483,44.52702056088143],[-89.9672281207673,44.52702472784886],[-89.96722185439268,44.52702443854918],[-89.96720896559617,44.527028316215166],[-89.96660411299678,44.527058976742154],[-89.96664463144099,44.52737783319468],[-89.96718283194578,44.52753173186967],[-89.96718874228243,44.527536405510325],[-89.96720077657957,44.52754144028357],[-89.96720668691347,44.52754618579846],[-89.96721252603763,44.52755093129218],[-89.9672183651609,44.52755560490903],[-89.96722420428328,44.5275603504012],[-89.96723004340477,44.527565095892605],[-89.96723588252536,44.52756984138322],[-89.96724136560123,44.52757897121121],[-89.96724093834858,44.52758342740464],[-89.9672464214237,44.52759262910579],[-89.96724599417112,44.527597085297934],[-89.96727340953528,44.528343951049045],[-89.96750562044285,44.52841251384266],[-89.9675181530982,44.52841309239362],[-89.96752399217486,44.52841783778388],[-89.96753609757486,44.52842280057286],[-89.9675419366488,44.52842754596122],[-89.96754777572184,44.52843229134881],[-89.96755325875301,44.52844149286895],[-89.96755909782432,44.52844616637982],[-89.9675645808539,44.5284553678967],[-89.96756415360487,44.52845982400816],[-89.96763066197964,44.528628029337845],[-89.96789932900293,44.52864017981148],[-89.96797715877442,44.5285410147575],[-89.9679837810624,44.528536847881355],[-89.96799083059352,44.5285282248983],[-89.9679975240865,44.528524058040134],[-89.96800414637096,44.5285198911613],[-89.96801076865428,44.528515724281725],[-89.96802365718088,44.52851184664844],[-89.9680299234243,44.528512135895134],[-89.96804281194446,44.528508258259386],[-89.96804907818475,44.528508547505055],[-89.96806196669846,44.52850466986686],[-89.96806816172837,44.52850495909166],[-89.9680806941996,44.528505537579925],[-89.96808696043368,44.52850582682353],[-89.96877403253828,44.52860829358803],[-89.96927275556676,44.528572850501625],[-89.96924284945746,44.526870319378915]]]}"
2_027c0000000000001fc5,4,0.07,"{""type"":""Polygon"",""coordinates"":[[[-89.95565266369591,44.52621465495086],[-89.95564019838848,44.526214146979726],[-89.95354112525608,44.52611893919327],[-89.9520165397154,44.52626407996659],[-89.95200364580285,44.526267955982824],[-89.94876742157207,44.52626403926072],[-89.9487611521778,44.5262637489457],[-89.94874868462928,44.52626316834649],[-89.94816783486128,44.52616536848913],[-89.94665564636932,44.52631101842648],[-89.94664317813627,44.52631043759849],[-89.9466369083947,44.52631021904539],[-89.94662444015555,44.52630963821536],[-89.94594281316526,44.5262161647673],[-89.94588588568443,44.5279013623956],[-89.94604961430622,44.528033834171296],[-89.94605552790306,44.52803858072791],[-89.94606137025085,44.52804332725019],[-89.94606721259777,44.52804800189638],[-89.94606642886835,44.528056914067655],[-89.94607227121449,44.52806166058755],[-89.94607141623706,44.52807057272274],[-89.94607105999646,44.52807495694793],[-89.94607647485323,44.52808415953187],[-89.94598413719103,44.53016514663518],[-89.95051981957447,44.53029958281543],[-89.95118804359248,44.530262927200994],[-89.95148667469724,44.53008006767774],[-89.95149337107416,44.530075901923006],[-89.95149999621188,44.530071736137366],[-89.95150662134844,44.53006757035097],[-89.95151951542817,44.53006369470484],[-89.95152578437146,44.53006391297327],[-89.95153867844473,44.530060037324695],[-89.95154494738487,44.530060327464334],[-89.95155741402415,44.530060907712496],[-89.95299432732321,44.530126119176245],[-89.9530902810943,44.5299652364635],[-89.95309106468017,44.52995632460578],[-89.95309768954178,44.529952158716995],[-89.95310474181255,44.529943536911695],[-89.9531113666718,44.52993937102097],[-89.95311806276493,44.52993527703109],[-89.95312468762188,44.52993111113886],[-89.95313131247767,44.52992694524589],[-89.95314420601096,44.529923069405065],[-89.95315047468854,44.52992328758516],[-89.9531570995399,44.52991912168999],[-89.95316963688983,44.52991970179342],[-89.95317583432835,44.52991999181551],[-89.95318837167217,44.52992057191687],[-89.95320083777702,44.52992115198776],[-89.95320710644535,44.529921442037235],[-89.95361421151755,44.529997936029176],[-89.95370909522804,44.52977897883099],[-89.95370952263161,44.52977452289691],[-89.95371614738633,44.529770356956156],[-89.95372319954333,44.529761735079305],[-89.95372982429569,44.529757569136635],[-89.95373652028078,44.52975340322195],[-89.95374314503084,44.52974923727777],[-89.95374976977976,44.52974507133282],[-89.95375639452752,44.52974090538712],[-89.95376309050798,44.52973681134216],[-89.95392443478968,44.52968606225933],[-89.95405315355961,44.52929893341562],[-89.95405393712579,44.52929009329819],[-89.95406063305425,44.529285927323016],[-89.95406768514788,44.52927730533593],[-89.95406804131419,44.52927284932433],[-89.95407509340644,44.52926422733437],[-89.95408171809798,44.52926006132715],[-89.95409461131159,44.5292561853241],[-89.95410130723296,44.52925201934356],[-89.95438103898795,44.529139720754465],[-89.95463640729494,44.52845917358117],[-89.95463719084918,44.52845026142685],[-89.95464381544359,44.52844609531479],[-89.95464467022987,44.52843725506087],[-89.95465129482298,44.528433088947224],[-89.95465791941493,44.52842892283282],[-89.95466454400574,44.52842475671767],[-89.95467123982753,44.52842059062994],[-89.95520312653115,44.528154431127504],[-89.95520975102772,44.528150336831594],[-89.95522264386186,44.528146388734534],[-89.95522891219954,44.528146678684166],[-89.95524180502724,44.528142802459826],[-89.95524800213072,44.52814309238062],[-89.95630363203124,44.52805257751898],[-89.95680194762238,44.52682936049792],[-89.9568089992116,44.526820809767685],[-89.95680942658062,44.52681635354115],[-89.95681647816846,44.52680773093086],[-89.95713443932691,44.52647829201285],[-89.95716385629896,44.5261492455629],[-89.95565266369591,44.52621465495086]]]}"
2_027c0000000000001fc7,4,0.07,"{""type"":""Polygon"",""coordinates"":[[[-89.96414871495944,44.52835437241251],[-89.96414914224657,44.52834991630389],[-89.9641499256063,44.52834100406308],[-89.96414408601518,44.5283362584931],[-89.964144869375,44.52832741812463],[-89.96431015794259,44.526477444869094],[-89.9641743521791,44.526172136719445],[-89.96241923122568,44.52615964285334],[-89.96241246553994,44.52623525647288],[-89.96241203823342,44.526239640897565],[-89.96241125483814,44.526248553525264],[-89.96240420427992,44.52625717658322],[-89.96240384819109,44.52626163290728],[-89.96239715372039,44.52626579963917],[-89.96239017437738,44.52627442271646],[-89.96238347990429,44.52627858944642],[-89.96237685664786,44.526282756198995],[-89.96237023339029,44.52628692295082],[-89.96236353891372,44.5262910896785],[-89.96235691565384,44.52629518455079],[-89.96234402522003,44.52629913360729],[-89.96233775804623,44.52629884403587],[-89.96232486760599,44.526302721211906],[-89.96231867164697,44.52630243166287],[-89.96230613729006,44.526301852516944],[-89.96210622798637,44.526292801840675],[-89.96209988955532,44.526363958937715],[-89.96209910615366,44.526372871539664],[-89.96209241162973,44.526377038243844],[-89.9620916282279,44.526385878965364],[-89.96209127213616,44.526390335276226],[-89.96208422151904,44.52639895828841],[-89.9620775269925,44.52640312498941],[-89.96207090368316,44.52640729171323],[-89.96206428037269,44.526411458436286],[-89.96205765706107,44.526415625158585],[-89.96205096252989,44.526419791856554],[-89.96204433921595,44.526423958577354],[-89.96203144867697,44.52642783570998],[-89.96202518145202,44.52642754612226],[-89.96140614549986,44.52654687199826],[-89.96139361084435,44.526546292755434],[-89.96138734351506,44.5265460031335],[-89.96137488007308,44.52654542391261],[-89.96136241662704,44.526544844690356],[-89.96135614929266,44.52654455506671],[-89.96085646851436,44.526450513198995],[-89.9608502010972,44.52645022354708],[-89.96083816480453,44.526445187989594],[-89.96083225348782,44.526440513912725],[-89.96081978986524,44.52643993463011],[-89.96081394976642,44.52643518869832],[-89.9608081096667,44.526430442765744],[-89.96080262566981,44.526421312406775],[-89.96046852770336,44.526089120905716],[-89.95992019049021,44.526189344386886],[-89.9599134955855,44.52619343910171],[-89.95990103166402,44.52619293159424],[-89.95989476409055,44.52619264188844],[-89.95736457489058,44.526149392286925],[-89.95733238021211,44.52650963268275],[-89.95733195284893,44.52651408894038],[-89.95733116934977,44.52652292960321],[-89.95733081321379,44.52652738588608],[-89.95732411785663,44.526531552297556],[-89.95732333435731,44.526540464834675],[-89.95731671022608,44.52654463127108],[-89.9569920551648,44.526878164714354],[-89.95651767489935,44.52804439326378],[-89.95718543822778,44.52801215700398],[-89.95719790303261,44.528012736662994],[-89.95720417104724,44.52801302650529],[-89.95880960375527,44.52815722156273],[-89.95882206803178,44.52815772916797],[-89.95882797965866,44.52816247505287],[-89.95884044392919,44.52816305453122],[-89.95884628432886,44.52816780038905],[-89.95885839247164,44.528172764121706],[-89.95886466021466,44.52817305387211],[-89.95887050061062,44.5281777997277],[-89.95887591365974,44.528187001687165],[-89.958881754054,44.528191747540774],[-89.95888766567167,44.52819642154403],[-89.95889350606413,44.52820116739608],[-89.9588927225969,44.52821007962713],[-89.95889856298858,44.52821482547754],[-89.95889770829717,44.528223665805406],[-89.95889735217574,44.5282281219318],[-89.9588970672786,44.52935331245466],[-89.9592188572526,44.52961346443539],[-89.96139888109775,44.52964526853036],[-89.96142473381668,44.52935620356263],[-89.96142551723213,44.52934729153164],[-89.96143214065305,44.52934312510624],[-89.96143292406835,44.52933421307272],[-89.96143961870754,44.52933011854306],[-89.9614404021227,44.529321206507035],[-89.96144702554103,44.52931704007844],[-89.96145364895824,44.5293128736491],[-89.96146034359381,44.52930870724295],[-89.9614669670087,44.52930454081209],[-89.96147359042246,44.52930037438048],[-89.96179286609498,44.529167515243465],[-89.96179913335793,44.52916773295351],[-89.96181202397507,44.52916385607354],[-89.96181864732918,44.52915968960947],[-89.96183111062678,44.52916026875004],[-89.96183737788347,44.529160558331675],[-89.96184991239377,44.52916113749391],[-89.96295563947596,44.52921123676127],[-89.96296817362035,44.52921174392692],[-89.96297436947431,44.52921203342299],[-89.96298690361257,44.52921261246013],[-89.96299274338014,44.529217358000544],[-89.96300485021249,44.529222393057545],[-89.96301068997732,44.52922706672252],[-89.96302279680401,44.529232101776586],[-89.96302863656611,44.52923684731321],[-89.9630344763273,44.52924159284905],[-89.96304031608761,44.52924626651062],[-89.96303953270518,44.52925517857193],[-89.96311124773933,44.52936559923242],[-89.96424891366209,44.52947959135557],[-89.96431770664945,44.52871027629598],[-89.96414871495944,44.52835437241251]]]}"
2_027c0000000000001fcb,4,0.07,"{""type"":""Polygon"",""coordinates"":[[[-89.95861095825258,44.52469673611541],[-89.95859849390739,44.524696156569625],[-89.95858638568245,44.52469112056182],[-89.95858011789393,44.52469083077486],[-89.9585680808881,44.524685866670765],[-89.95856181309658,44.524685576882774],[-89.95855597265357,44.52468083065863],[-89.95829884982864,44.52453970765162],[-89.95774314524218,44.52458148242011],[-89.95760133315534,44.52462419900873],[-89.9575965609665,44.524677532602375],[-89.95774172071353,44.524737678275166],[-89.95774798863918,44.524737968107736],[-89.95776009712905,44.524743004199166],[-89.95776593769338,44.52474775045759],[-89.95777177825681,44.524752424834865],[-89.95777726268753,44.524761627543604],[-89.95778310324923,44.52476637379929],[-89.95778231975929,44.52477528667463],[-89.95778816032023,44.52477996104832],[-89.95778737683041,44.52478887392113],[-89.95779321739057,44.52479362017353],[-89.95779243390085,44.524802533043776],[-89.95775382920536,44.52523387055493],[-89.9577534018469,44.52523832693521],[-89.95774635043145,44.52524694989157],[-89.95774599429932,44.525251334417234],[-89.95773894288251,44.52525995737075],[-89.95773851552387,44.5252644137485],[-89.95773153533214,44.52527303672542],[-89.95772484004499,44.52527720327172],[-89.95771821598316,44.52528136984353],[-89.95771159192017,44.52528553641459],[-89.95769869992336,44.525289413153345],[-89.95769200463047,44.52529357969625],[-89.95753730030324,44.52534017228931],[-89.95747768341374,44.52600718704856],[-89.95879514518943,44.52600436188001],[-89.95891081356338,44.52471028565791],[-89.95861095825258,44.52469673611541]]]}"
2_027c0000000000001fcc,4,0.07,"{""type"":""Polygon"",""coordinates"":[[[-89.95744335202072,44.52477774900089],[-89.95743751140722,44.524773002729034],[-89.95742540281543,44.52476803848707],[-89.95741956219919,44.524763292213336],[-89.95741372158209,44.524758545938816],[-89.95740788096407,44.52475379966352],[-89.95740204034517,44.52474912526784],[-89.95739655586075,44.5247399225387],[-89.9573969832232,44.52473546611246],[-89.95739776672103,44.52472655323221],[-89.95739228223599,44.524717422378885],[-89.9573927095985,44.52471296595052],[-89.95739790917517,44.5246551040913],[-89.95649929788803,44.52474389830891],[-89.95649302975812,44.524743608408],[-89.95648056472402,44.524743028632216],[-89.95646802845707,44.52474244882799],[-89.95646183155084,44.524742158952435],[-89.95644972265079,44.52473719460404],[-89.95644345451277,44.52473690470039],[-89.95643134560689,44.52473186846909],[-89.95642550483915,44.52472712214103],[-89.95641966407052,44.5247224476926],[-89.95641382330099,44.52471770136298],[-89.95640171438576,44.52471266512649],[-89.95640249790391,44.524703752248804],[-89.95639665713178,44.52469907779689],[-89.9562440132225,44.52444211814126],[-89.95590047316638,44.52442653207931],[-89.95588729564075,44.52457323565571],[-89.95588693949135,44.524577692119074],[-89.95588615596265,44.52458660501711],[-89.95588572858334,44.524591061451794],[-89.95587867682423,44.52459968441187],[-89.95587832067474,44.5246041408727],[-89.95587126891427,44.52461269194931],[-89.95586457330211,44.52461685844537],[-89.9558579489187,44.524621024968106],[-89.95585132453418,44.524625191490074],[-89.95583843191152,44.52462906807386],[-89.95583180752361,44.52463323459399],[-89.95582511190456,44.52463740108591],[-89.9558126466532,44.52463689311665],[-89.95580011016776,44.524636313238],[-89.95579348577321,44.52464047975527],[-89.95578102051158,44.524639899902034],[-89.9554811407096,44.52462627026094],[-89.95546867534637,44.524625762254104],[-89.95546283443191,44.52462101586624],[-89.95545029783204,44.52462043594908],[-89.95544410076127,44.52462014601768],[-89.95543199153963,44.52461510966821],[-89.95542615061959,44.52461043515799],[-89.95542030969865,44.5246056887664],[-89.95541439754608,44.524600942346325],[-89.95540855662335,44.52459619595318],[-89.95540271569973,44.52459144955926],[-89.95539730216,44.52458231861195],[-89.95539146123465,44.52457757221605],[-89.95539224477348,44.52456865931972],[-89.95538640384738,44.52456398480285],[-89.95538718738631,44.52455507190397],[-89.95538754354035,44.524550615440035],[-89.95539395431265,44.524479455998176],[-89.9551940089426,44.52447039290275],[-89.95518197087313,44.52446535653865],[-89.95517570252775,44.524465066563906],[-89.95516316583397,44.524464558494216],[-89.95515112775482,44.52445952212624],[-89.95514485940441,44.52445923214977],[-89.9551390184406,44.524454485728576],[-89.95512690912258,44.52444952120994],[-89.95512106815605,44.524444774786836],[-89.95511522718861,44.52444002836296],[-89.95510974237693,44.524430825463874],[-89.95510390140778,44.524426150918885],[-89.9551043287958,44.52442169447152],[-89.95509884398254,44.52441249156831],[-89.95509927137063,44.524408035119656],[-89.9551000549154,44.52439919407408],[-89.95510083846018,44.52439028114591],[-89.95510639450448,44.52432803439114],[-89.95197037806365,44.52446707461766],[-89.95195791155867,44.524466494346],[-89.9496528207348,44.524361924525905],[-89.94864053738125,44.52445887397808],[-89.94863433920958,44.524458583676996],[-89.94862180037644,44.524458003009926],[-89.94860933278262,44.52445742237344],[-89.94860306336248,44.5244571320387],[-89.94859095197977,44.524452166829136],[-89.9480161556061,44.524287659554794],[-89.9473289961806,44.52425643693358],[-89.94729030970063,44.52468777585796],[-89.94728995347135,44.52469223228335],[-89.94728290013096,44.52470085469454],[-89.94728247265573,44.52470531108589],[-89.94727541931397,44.52471393349421],[-89.94727506308455,44.52471831803664],[-89.9472683659709,44.524722484020096],[-89.9470630347485,44.52491409405502],[-89.94705626635152,44.52498970876249],[-89.94720146601605,44.5250498673986],[-89.94720730818929,44.525054614164404],[-89.94721315036162,44.525059360929426],[-89.94722526217949,44.525064326220594],[-89.94723110434911,44.525069072983726],[-89.94723694651782,44.52507381974607],[-89.94724278868564,44.52507856650764],[-89.94724200498025,44.52508747925073],[-89.94724784714731,44.5250921541308],[-89.94724706344202,44.52510106687134],[-89.94725247813277,44.525110269982456],[-89.9472520506572,44.525114726334834],[-89.94723252926838,44.52533258458121],[-89.94923783694927,44.52542362711242],[-89.95065025952736,44.52534036072701],[-89.95066279769716,44.52534094116106],[-89.9506752646233,44.52534152156308],[-89.95068110626728,44.52534626812226],[-89.950693644427,44.5253467766734],[-89.95069984226579,44.52534706685755],[-89.95071195298239,44.52535210362902],[-89.9507177946208,44.52535685018526],[-89.95072990533173,44.52536181507433],[-89.95073574696738,44.52536656162869],[-89.95092289255612,44.52551794789456],[-89.95092880540147,44.525522694453805],[-89.95093421957233,44.52553182542927],[-89.95094006117687,44.52553657195604],[-89.9509459027805,44.52554131848202],[-89.95094511915082,44.52555023116294],[-89.95095096075369,44.525554977687285],[-89.95095017712408,44.52556381848652],[-89.95099220814379,44.5260747505892],[-89.95200428693671,44.52612067787702],[-89.95352267558326,44.525975246794545],[-89.9535288729647,44.52597553682167],[-89.95354141019304,44.52597604505416],[-89.95564668034885,44.5260715430344],[-89.9572765380508,44.526011496827756],[-89.95734142606476,44.52528662118362],[-89.9573422095637,44.525277708408375],[-89.95734883369055,44.52527354185801],[-89.95734961718934,44.52526462908024],[-89.95735040068811,44.525255788180374],[-89.95735709604068,44.52525162165409],[-89.95736372016493,44.525247455100555],[-89.95737077165079,44.52523883216787],[-89.9573773957727,44.52523466561241],[-89.95738409112055,44.52523049908266],[-89.9573969832232,44.52522662237448],[-89.95740360734057,44.52522245581641],[-89.95755161689014,44.525180029831915],[-89.95758224439639,44.52483760489893],[-89.95744335202072,44.52477774900089]]]}"
2_027c0000000000001fd0,4,0.07,"{""type"":""Polygon"",""coordinates"":[[[-89.96162436179993,44.5238241414136],[-89.96041247644808,44.52376924277287],[-89.96037394561388,44.5242005906923],[-89.96037351828463,44.52420504718052],[-89.96036646735136,44.52421367048823],[-89.96036611124359,44.52421812699982],[-89.96035906030895,44.52422675030467],[-89.96035863297955,44.52423120679035],[-89.96035158204353,44.524239758211166],[-89.9603449584358,44.52424392502714],[-89.96033833482691,44.524248091842374],[-89.96033163999527,44.52425225863219],[-89.96031874887997,44.52425613575147],[-89.96031212526655,44.52426030256409],[-89.960305501652,44.524264469375964],[-89.96029296663636,44.524263889984695],[-89.9602863430185,44.52426805679514],[-89.95996377856463,44.524298134629404],[-89.96002816347274,44.52435012709469],[-89.96003400369135,44.52435487327719],[-89.96003984390907,44.52435961945891],[-89.96003906046528,44.52436853242706],[-89.96004490068223,44.524373206726175],[-89.9600507408983,44.52437795290549],[-89.96004995745473,44.52438686587024],[-89.96004917401115,44.524395778833295],[-89.96004874667828,44.52440016342085],[-89.96000145514456,44.52492940318025],[-89.96034011536705,44.52506975876518],[-89.9603459555381,44.52507450485907],[-89.96035222303776,44.52507479454701],[-89.96035806320698,44.5250794687599],[-89.96037017087204,44.5250845045388],[-89.960369387435,44.52509341737166],[-89.96065007053262,44.525391886446634],[-89.96065591065643,44.52539663249219],[-89.96065512722524,44.52540547338838],[-89.96066096734828,44.5254102194323],[-89.96066054002223,44.52541467580681],[-89.96066602403945,44.52542387824762],[-89.96066559671347,44.52542833462085],[-89.96066481328248,44.525437175511136],[-89.96061431756011,44.526001982595275],[-89.96155029374344,44.52598634340554],[-89.96163960270918,44.525829606071724],[-89.96162436179993,44.5238241414136]]]}"
2_027c0000000000001fd2,4,0.07,"{""type"":""Polygon"",""coordinates"":[[[-89.94578442773691,44.524623890406204],[-89.94477268352179,44.524644899615566],[-89.944766484725,44.52464460910614],[-89.94475394462721,44.52464402801761],[-89.94474190327948,44.52463906245497],[-89.9447356332271,44.52463877190949],[-89.94472352062299,44.52463373442945],[-89.9447172505676,44.524633443882934],[-89.94471140801505,44.52462869694759],[-89.94469936665396,44.52462373137887],[-89.94469352409871,44.52461898444163],[-89.94468761029185,44.52461423746923],[-89.94468219523901,44.524605034139825],[-89.94467635268113,44.52460035908044],[-89.9446767089347,44.52459590265458],[-89.9446712938803,44.52458669932106],[-89.94467172138462,44.52458224292833],[-89.94467250514253,44.52457340198784],[-89.94467286139611,44.52456894555944],[-89.94470513795768,44.52420869391301],[-89.94470599296557,44.52419985293633],[-89.94470634921885,44.52419539647238],[-89.94470713297603,44.52418648357756],[-89.94471383053694,44.52418231769652],[-89.944714614294,44.52417340479918],[-89.94472124060296,44.52416923888217],[-89.94472786691078,44.52416507296442],[-89.94473456446806,44.52416090708026],[-89.94474119077358,44.52415681304227],[-89.94475408712836,44.52415286578874],[-89.9447607134305,44.52414877174892],[-89.94476733973151,44.52414460582707],[-89.94477987982489,44.52414511503894],[-89.94478650612258,44.524140949115655],[-89.94479897495921,44.52414153017245],[-89.94481151504225,44.524142111262215],[-89.9448177138318,44.524142401772274],[-89.94580544608375,44.524249760482164],[-89.94585197140037,44.52268015957845],[-89.9418231543432,44.52256410596248],[-89.93696853151272,44.52263363816555],[-89.9369560601311,44.522633128120624],[-89.93694978880625,44.522632837136236],[-89.93594379802126,44.52252006883231],[-89.93581808295276,44.52294303266059],[-89.93584131604067,44.52603837526693],[-89.93795276016915,44.52613441722233],[-89.94038368466504,44.52602609305664],[-89.94039615493274,44.52602667457011],[-89.94260760374674,44.526127211093524],[-89.94462562214117,44.52607594836963],[-89.9446380910301,44.52607652942028],[-89.94464436109843,44.526076819962306],[-89.94573163244877,44.52619320771212],[-89.94578442773691,44.524623890406204]]]}"
2_027c0000000000001fd3,4,0.07,"{""type"":""Polygon"",""coordinates"":[[[-89.95495830427933,44.52395067124032],[-89.95372740234335,44.52382791010035],[-89.95371529257933,44.52382287348446],[-89.95370275540785,44.523822293366145],[-89.95369691422428,44.52381761868889],[-89.95368444828078,44.523817038597294],[-89.95367860709442,44.52381229203675],[-89.95367276590717,44.52380754547544],[-89.95366065612589,44.523802580733424],[-89.95365481493592,44.52379783417021],[-89.95364932991525,44.52378863107545],[-89.95364348872354,44.523783884510244],[-89.95349710246994,44.52352720625544],[-89.95335342257182,44.523520678462624],[-89.95334722516202,44.523520460293234],[-89.95333468787015,44.52351988013091],[-89.9533288466305,44.52351513352253],[-89.95331638056729,44.52351455338714],[-89.95331053932483,44.52350980677728],[-89.95329842942913,44.52350484196552],[-89.95329216077573,44.52350455188177],[-89.95328674693788,44.52349534874123],[-89.95328090569092,44.523490602127914],[-89.95327506444308,44.52348592739613],[-89.95326915195957,44.52348118075223],[-89.95327000677653,44.52347226769154],[-89.95326409429227,44.523467521045994],[-89.95326494910931,44.5234586798651],[-89.95325910785904,44.52345393324697],[-89.95325989144143,44.52344502015213],[-89.95328496607,44.523164903900906],[-89.95066144414494,44.523184291097536],[-89.95065517506032,44.5231840008674],[-89.95064270812766,44.52318342043679],[-89.95004357818506,44.5230802964765],[-89.95003103981277,44.523079787829886],[-89.95002484186587,44.52307949759565],[-89.95001273093222,44.52307446050801],[-89.95000688918638,44.523069713685246],[-89.95000104743967,44.52306496686168],[-89.94998893649851,44.523060001652944],[-89.94998309474907,44.5230552548275],[-89.94997725299872,44.523050508001276],[-89.94997176745186,44.523041376467155],[-89.9499721948971,44.52303691990774],[-89.94996670934951,44.523027716487725],[-89.9499671367948,44.52302325992702],[-89.94990252126033,44.52269436571193],[-89.94976944283741,44.522639244648495],[-89.94841405411275,44.52250630467294],[-89.94829137214862,44.52254535416581],[-89.94826985645591,44.52278550746699],[-89.94826280329573,44.52279413028888],[-89.94826244707549,44.522798586897046],[-89.94826159214689,44.522807428164434],[-89.94825453898521,44.52281605098178],[-89.94825418276488,44.522820507587845],[-89.9482475570663,44.522824673829284],[-89.94824050390204,44.52283329664259],[-89.94823380695698,44.52283746284992],[-89.94822718125486,44.52284162908867],[-89.94821428606792,44.52284550496078],[-89.94820766036244,44.52284967119768],[-89.94820139087662,44.522849380831104],[-89.948188495681,44.52285325669966],[-89.94818229743626,44.52285296636427],[-89.94816975845532,44.52285238562803],[-89.94815729071452,44.52285180492264],[-89.94806980268226,44.52284788361642],[-89.94809352706253,44.52356334331523],[-89.94809274337452,44.52357225635181],[-89.9480923871527,44.52357671288559],[-89.9480915322203,44.5235855540052],[-89.94809117599847,44.523590010537724],[-89.94808412280544,44.52359863320081],[-89.94807749707748,44.52360279936332],[-89.94807664214474,44.52361171236002],[-89.94807001641549,44.52361587852093],[-89.94806339068508,44.52362004468109],[-89.94805049544304,44.52362392047039],[-89.94804386970925,44.5236280866287],[-89.94803717272987,44.523632252753956],[-89.94802427747902,44.523636128539295],[-89.94801807920774,44.5236358381998],[-89.94800554017311,44.52363525745516],[-89.94799891443155,44.52363942360986],[-89.94798644663521,44.523638842895494],[-89.94811775013834,44.52378324140778],[-89.94989183510852,44.523653924450365],[-89.94989810431794,44.52365414283736],[-89.94991057149272,44.52365472334331],[-89.94992303866344,44.52365530384791],[-89.94992930786776,44.523655594115255],[-89.9499417750324,44.52365617461779],[-89.95023485909493,44.5237453640389],[-89.95024112824827,44.523745654288625],[-89.95025323910974,44.523750691280185],[-89.95025908081804,44.523755366139696],[-89.95026492252545,44.52376011288035],[-89.95027076423196,44.52376485962023],[-89.95027660593759,44.52376960635932],[-89.95028244764232,44.523774281215765],[-89.95028828934616,44.52377902795332],[-89.95029377484774,44.523788231210744],[-89.95029334740609,44.52379268770008],[-89.95029883290695,44.52380181907276],[-89.95029840546535,44.52380627556083],[-89.95029762182241,44.52381518856658],[-89.9502590095777,44.52424653259087],[-89.95195812527021,44.52432366703553],[-89.953583082201,44.52417856171023],[-89.95358935080682,44.52417885177393],[-89.95360181678126,44.52417943187145],[-89.95500738282523,44.52424317587104],[-89.95501293888307,44.524180857044605],[-89.95495830427933,44.52395067124032]]]}"
2_027c0000000000001fd5,4,0.07,"{""type"":""Polygon"",""coordinates"":[[[-89.9692238377044,44.52251608238135],[-89.9651572417541,44.522541946514515],[-89.96503760431919,44.52289816469309],[-89.96518786318035,44.52346306541593],[-89.96518707984184,44.523471978589804],[-89.96518629650332,44.52348089176198],[-89.96511558233256,44.524272431838135],[-89.96511515505621,44.524276888337376],[-89.96511437171621,44.524285801356285],[-89.96510774893201,44.52428996844383],[-89.96510689437912,44.524298881438526],[-89.96510027159361,44.52430304852446],[-89.96509364880694,44.52430721560966],[-89.96508659874249,44.5243157673085],[-89.96507997595346,44.52431993439178],[-89.9650732819505,44.52432410145259],[-89.96506665915916,44.52432826853436],[-89.96506003636671,44.52433243561538],[-89.96504750290684,44.524331856745405],[-89.96504088011108,44.524336023825],[-89.96502841785784,44.524335516855736],[-89.96502172384587,44.52433961203115],[-89.9650092615864,44.52433910505984],[-89.96440330603262,44.524311675539636],[-89.96435879722581,44.524809722936055],[-89.96433771783687,44.526099159349215],[-89.96585554661053,44.526029468303165],[-89.96586181320875,44.52602968580527],[-89.96919756301891,44.52604227518834],[-89.9692238377044,44.52251608238135]]]}"
2_027c0000000000001fdc,4,0.07,"{""type"":""Polygon"",""coordinates"":[[[-89.96425347137937,44.52374225556889],[-89.96409081750858,44.523386675337804],[-89.96408490669377,44.52338192924196],[-89.96408576126946,44.52337301608091],[-89.96408611734266,44.52336855947745],[-89.96408690070369,44.52335964629154],[-89.9641242883703,44.52294165929925],[-89.96405777390574,44.52277343156855],[-89.96361980104598,44.52269113056291],[-89.96361396137401,44.522686384395115],[-89.96360142744095,44.522685805346725],[-89.96359558776616,44.52268105917745],[-89.96358348112054,44.522676095365554],[-89.9635772853651,44.52267580586243],[-89.96357144568667,44.52267105969092],[-89.96356596208537,44.52266185684973],[-89.9630045653459,44.5221363488228],[-89.96299908166344,44.52212721773413],[-89.96299324189684,44.522122471477736],[-89.96299402528021,44.52211355806288],[-89.96298818551284,44.52210888368928],[-89.96298896889633,44.522099970271874],[-89.96298312912818,44.522095224012205],[-89.96296041099733,44.52136637455123],[-89.9626168599401,44.52135087949118],[-89.96240776516808,44.52172533353692],[-89.96240114191585,44.52172950069513],[-89.96240035852034,44.521738414178785],[-89.96239373526683,44.52174258133541],[-89.96238704079437,44.52174674846791],[-89.96238041753855,44.52175091562303],[-89.96236752711266,44.52175479317979],[-89.96236090385348,44.52175896033305],[-89.96235420937528,44.52176312746218],[-89.96217374289459,44.52181748492493],[-89.9618639424942,44.52219635780095],[-89.96175426543012,44.52566964205453],[-89.96216954102087,44.52600545352517],[-89.9641495695337,44.52602808481026],[-89.96425347137937,44.52374225556889]]]}"
2_027c0000000000001fe2,4,0.07,"{""type"":""Polygon"",""coordinates"":[[[-89.9618368081329,44.52109672179982],[-89.96182470093137,44.52109168574871],[-89.96181216641281,44.52109117837091],[-89.96180632646526,44.52108643194936],[-89.96180048651684,44.52108168552703],[-89.96178837930381,44.52107664947046],[-89.96178253935265,44.521071974932255],[-89.96177712671418,44.52106277171597],[-89.96177748280884,44.52105831490053],[-89.96162443301915,44.520805799307155],[-89.95783915835109,44.52077269551258],[-89.95765518049873,44.521777949265534],[-89.95765439700618,44.5217868627072],[-89.9576540408732,44.52179131944055],[-89.95764698943948,44.52179987113902],[-89.9576465620798,44.52180432784479],[-89.95763993800443,44.52180849472039],[-89.95763288656812,44.52181711829974],[-89.95762626249038,44.5218212851734],[-89.95761963841151,44.52182545204631],[-89.95761294310482,44.52182961889213],[-89.9576000510748,44.521833495905426],[-89.9575934269914,44.521837662775745],[-89.95758096231522,44.52183708308418],[-89.95757426700176,44.52184124992671],[-89.95724427207101,44.5218843300612],[-89.9571991851266,44.523440592767706],[-89.95742661367478,44.523562517970106],[-89.96162457545759,44.52368131212003],[-89.96166524160824,44.52217393548846],[-89.96166602501879,44.52216509397688],[-89.96166645233362,44.52216063729021],[-89.96166723574413,44.52215172389176],[-89.96167385912325,44.5221475568135],[-89.9616809098159,44.5221389330457],[-89.96201934153696,44.52172117991125],[-89.9620259648552,44.521717012774396],[-89.96202632094754,44.52171255602024],[-89.96203301548304,44.52170838890581],[-89.96203963879893,44.52170422176703],[-89.96205252933515,44.521700344243015],[-89.96205915264765,44.521696177102385],[-89.96206584717741,44.521692009984584],[-89.9622334236954,44.521641530097575],[-89.96243155189245,44.521248669359885],[-89.9618368081329,44.52109672179982]]]}"
